deal_id,customer_id,salesperson_id,deal_value,current_stage,status,created_date,closed_date,date_logic_error,deal_duration_days
D0001,C0302,U008,78611.9,Closed Won,closed,2025-11-28,2026-03-02,False,94.0
D0002,C0355,U013,10632.0,,open,2025-11-23,,False,
D0003,C0022,U010,10346.37,Closed Won,lost,,2026-06-19,False,
D0004,C0111,U008,65990.58,Closed Won,lost,,,False,
D0005,C0052,U005,11191.79,Closed Won,open,,,False,
D0006,C0397,U004,30583.07,Closed Lost,,,,False,
D0007,C0151,U001,72406.53,Prospecting,open,2025-11-20,,False,
D0008,C0375,U004,47584.51,Closed Lost,open,2026-09-06,,False,
D0009,C0205,U011,54979.99,Qualified,open,,,False,
D0010,C0099,U008,60345.0,Closed Won,lost,2025-12-10,2025-12-13,False,3.0
D0011,C0093,U006,11015.24,Negotiation,won,,2026-04-14,False,
D0012,C0198,U010,72100.74,Prospecting,lost,,2026-06-04,False,
D0013,C0043,U011,21420.82,Qualified,lost,2026-03-02,,False,
D0014,C0301,U003,42136.96,Closed Won,lost,2026-03-10,,False,
D0015,C0145,U003,53220.73,Qualified,lost,2026-04-06,,False,
D0016,C0283,U009,42559.11,Closed Lost,lost,2026-03-23,,False,
D0017,C0402,U013,24450.22,Proposal Sent,won,,,False,
D0018,C0277,U009,23868.72,Prospecting,open,,,False,
D0019,C0021,U013,84146.27,Closed Lost,closed,2026-06-13,,False,
D0020,C0226,U005,73751.75,Closed Won,open,2026-05-31,2026-07-29,False,59.0
D0021,C0348,U006,52948.63,Closed Won,open,2025-11-27,,False,
D0022,C0268,U005,28525.08,,open,,,False,
D0023,C0259,U011,81891.46,Prospecting,open,,,False,
D0024,C0063,U012,60901.47,Qualified,won,,2026-06-07,False,
D0025,C0319,U005,7805.61,Closed Won,lost,2026-05-01,2026-06-03,False,33.0
D0026,C0351,U006,50093.29,Closed Lost,,2025-12-21,,False,
D0027,C0321,U011,34709.27,Closed Won,open,2026-01-05,2026-11-07,False,306.0
D0028,C0170,U009,67323.36,Qualified,,2026-04-19,,False,
D0029,C0397,U014,79108.0,Closed Lost,open,2025-02-11,,False,
D0030,C0444,U011,74514.35,Negotiation,open,,,False,
D0031,C0188,U011,34594.52,Qualified,open,2026-02-28,,False,
D0032,C0046,U012,19320.67,Prospecting,open,,,False,
D0033,C0005,U001,84010.93,Negotiation,open,2026-05-07,,False,
D0034,C0045,U012,27664.85,Prospecting,open,2026-02-10,,False,
D0035,C0342,U003,48534.82,Prospecting,closed,,,False,
D0036,C0317,U012,58828.28,Qualified,lost,2026-01-09,,False,
D0037,C0297,U012,27761.06,Closed Won,lost,2026-02-13,2026-04-11,False,57.0
D0038,C0303,U012,72298.99,Negotiation,open,,,False,
D0039,C0094,U012,6056.52,Closed Won,won,,,False,
D0040,C0251,U011,75708.5,Prospecting,closed,,,False,
D0041,C0434,U014,58525.66,Closed Won,lost,2026-02-26,,False,
D0042,C0034,U001,78535.37,Proposal Sent,won,,2026-03-10,False,
D0043,C0388,U007,54984.86,Closed Won,lost,2025-11-27,2025-12-10,False,13.0
D0044,C0102,U013,28783.65,Qualified,closed,2026-03-18,,False,
D0045,C0220,U012,21914.06,Proposal Sent,open,,,False,
D0046,C0156,U011,2557.53,Qualified,open,,,False,
D0047,C0175,U009,32551.1,Closed Lost,won,2026-05-02,,False,
D0048,C0169,U013,6833.31,Closed Won,won,2026-05-16,2026-07-25,False,70.0
D0049,C0182,U001,14635.38,Closed Lost,open,2025-12-17,2026-02-05,False,50.0
D0050,C0002,U001,40892.34,Prospecting,won,2026-06-27,,False,
D0051,C0112,U006,24150.04,Proposal Sent,lost,,,False,
D0052,C0089,U004,81165.63,Closed Lost,open,,,False,
D0053,C0157,U006,39638.31,Prospecting,closed,,,False,
D0054,C0122,U008,62660.69,Closed Won,,2025-11-27,,False,
D0055,C0207,U001,30426.38,Proposal Sent,closed,,,False,
D0056,C0332,U007,18633.73,Negotiation,open,2025-11-19,,False,
D0057,C0071,U012,5166.0,Proposal Sent,open,,,False,
D0058,C0188,U008,43703.22,Prospecting,open,,,False,
D0059,C0219,U011,23292.74,Qualified,won,,,False,
D0060,C0117,U002,66624.74,Proposal Sent,open,2025-11-07,,False,
D0061,C0158,U007,31417.0,Prospecting,closed,,,False,
D0062,C0060,U002,4867.54,Qualified,won,2026-02-26,,False,
D0063,C0200,U009,69977.0,Prospecting,won,2026-04-05,2026-06-09,False,65.0
D0064,C0125,U002,11641.35,Closed Lost,open,2025-11-02,,False,
D0065,C0188,U011,3320.32,Prospecting,won,2026-04-01,,False,
D0066,C0427,U014,5065.14,Negotiation,open,,,False,
D0067,C0366,U007,58548.0,Closed Lost,open,2026-04-11,,False,
D0068,C0445,U003,26141.28,Prospecting,won,2026-05-11,,False,
D0069,C0069,U007,22303.84,Proposal Sent,closed,2025-11-10,,False,
D0070,C0396,U012,66749.83,Closed Won,,,,False,
D0071,C0013,U006,76296.36,Proposal Sent,open,,,False,
D0072,C0267,U006,9861.22,Proposal Sent,open,2026-01-30,,False,
D0073,C0110,U010,16204.38,Closed Won,lost,,,False,
D0074,C0356,U012,80688.77,Closed Won,open,,,False,
D0075,C0247,U001,20924.0,Prospecting,open,2026-01-04,,False,
D0076,C0310,U004,78218.2,Qualified,lost,2026-02-26,,False,
D0077,C0392,U002,32694.83,Closed Lost,lost,2026-05-03,,False,
D0078,C0068,U003,55707.0,Closed Won,,,,False,
D0079,C0112,U011,,Qualified,lost,2026-01-21,2026-03-04,False,42.0
D0080,C0198,U014,51799.45,Prospecting,open,2026-04-15,,False,
D0081,C0052,U008,21372.66,Qualified,lost,2026-01-23,2026-04-02,False,69.0
D0082,C0225,U001,59380.2,Proposal Sent,won,2026-01-16,,False,
D0083,C0221,U012,75360.09,Closed Won,open,,,False,
D0084,C0418,U008,39182.5,Proposal Sent,open,,,False,
D0085,C0131,U002,75642.0,Prospecting,lost,,,False,
D0086,C0171,U010,80194.0,Closed Lost,open,2026-03-29,,False,
D0087,C0167,U004,61790.18,Proposal Sent,lost,,,False,
D0088,C0025,U007,14324.76,,,,,False,
D0089,C0316,U010,3649.0,Closed Lost,won,2026-05-15,,False,
D0090,C0155,U013,,Closed Won,,2025-01-11,,False,
D0091,C0187,U003,,Closed Lost,open,,,False,
D0092,C0381,U012,57289.79,Prospecting,open,,,False,
D0093,C0031,U014,82129.91,Closed Won,closed,,,False,
D0094,C0151,U002,49196.86,Closed Won,open,,,False,
D0095,C0086,U003,5063.44,Proposal Sent,won,2025-11-06,,False,
D0096,C0421,U010,8766.79,Proposal Sent,lost,,,False,
D0097,C0398,U012,36105.94,Closed Lost,lost,2026-03-09,2026-03-26,False,17.0
D0098,C0395,U002,74991.34,Negotiation,closed,,,False,
D0099,C0238,U001,13511.7,Qualified,won,2026-05-02,,False,
D0100,C0349,U004,78389.72,Prospecting,,,,False,
D0101,C0153,U005,73162.6,Proposal Sent,,2026-02-18,,False,
D0102,C0376,U008,52015.76,Negotiation,won,,2026-06-11,False,
D0103,C0437,U006,67589.45,Prospecting,closed,,,False,
D0104,C0429,U009,17595.75,Prospecting,open,2026-03-05,,False,
D0105,C0025,U006,70262.78,Proposal Sent,won,2026-04-10,,False,
D0106,C0188,U008,50504.5,Closed Lost,open,,,False,
D0107,C0143,U001,72794.08,Closed Won,open,2026-04-04,,False,
D0108,C0135,U011,3174.37,Closed Won,closed,2026-06-17,,False,
D0109,C0066,U011,20184.8,Qualified,open,,,False,
D0110,C0190,U014,19720.46,Closed Won,,,,False,
D0111,C0004,U009,,Closed Won,closed,2026-01-06,,False,
D0112,C0139,U011,56285.99,Negotiation,won,2026-06-24,,False,
D0113,C0029,U013,13184.11,Closed Won,lost,,,False,
D0114,C0205,U007,62167.0,Prospecting,won,,,False,
D0115,C0255,U005,16624.84,Qualified,closed,,,False,
D0116,C0282,U013,8956.54,Qualified,lost,,,False,
D0117,C0188,U005,72576.36,Negotiation,,,,False,
D0118,C0313,U002,11504.63,Closed Lost,won,2026-12-05,,False,
D0119,C0431,U003,35667.52,Qualified,won,,,False,
D0120,C0394,U002,83884.47,Closed Lost,lost,,,False,
D0121,C0385,U013,42379.69,Qualified,open,,,False,
D0122,C0216,U007,33506.92,Closed Won,,,,False,
D0123,C0449,U006,58008.47,Closed Lost,won,,,False,
D0124,C0194,U009,6951.47,Negotiation,open,,,False,
D0125,C0301,U009,84621.95,Negotiation,lost,,,False,
D0126,C0410,U007,62218.6,Prospecting,won,,,False,
D0127,C0185,U012,22858.4,Prospecting,lost,,,False,
D0128,C0330,U014,59094.1,Prospecting,open,,,False,
D0129,C0355,U003,26643.22,Proposal Sent,open,,,False,
D0130,C0354,U003,44217.33,Closed Won,open,2026-06-01,,False,
D0131,C0307,U004,82755.5,Proposal Sent,closed,2026-05-10,,False,
D0132,C0250,U004,1728.62,Closed Lost,lost,,,False,
D0133,C0046,U013,61917.56,Closed Lost,open,2025-11-08,,False,
D0134,C0149,U005,69400.4,Closed Lost,open,,,False,
D0135,C0215,U012,72579.03,Prospecting,open,,,False,
D0136,C0327,U003,,Negotiation,lost,,,False,
D0137,C0057,U007,71281.65,Closed Won,,2026-01-07,,False,
D0138,C0056,U003,10160.04,Prospecting,open,,,False,
D0139,C0090,U010,3906.16,Closed Won,lost,2026-02-22,,False,
D0140,C0056,U007,23344.67,Closed Lost,open,,2026-06-17,False,
D0141,C0366,U010,45179.12,Proposal Sent,lost,2026-06-20,,False,
D0142,C0074,U014,2472.35,,open,,,False,
D0143,C0438,U003,28272.92,Prospecting,,,,False,
D0144,C0325,U007,39834.4,Closed Won,won,,,False,
D0145,C0250,U012,35187.21,Prospecting,open,2025-12-12,,False,
D0146,C0312,U011,48454.77,Negotiation,closed,,,False,
D0147,C0027,U014,29219.71,Proposal Sent,,,,False,
D0148,C0057,U002,30003.32,Proposal Sent,open,,,False,
D0149,C0189,U012,76389.24,Prospecting,open,,,False,
D0150,C0308,U004,79173.06,Proposal Sent,open,2025-11-07,,False,
D0151,C0054,U013,78873.32,Closed Won,open,,,False,
D0152,C0297,U009,1862.19,Qualified,,,,False,
D0153,C0243,U009,62496.3,Qualified,open,,,False,
D0154,C0162,U009,77978.51,Closed Won,lost,,,False,
D0155,C0407,U003,59951.19,Qualified,lost,,2026-07-13,False,
D0156,C0319,U004,61151.11,Proposal Sent,won,2026-04-11,,False,
D0157,C0253,U009,65024.71,Negotiation,open,,,False,
D0158,C0450,U014,68993.45,,won,,,False,
D0159,C0100,U005,22421.84,Qualified,won,,2026-07-10,False,
D0160,C0016,U006,73980.95,Closed Lost,open,,2026-09-02,False,
D0161,C0397,U013,78861.48,Negotiation,open,,,False,
D0162,C0027,U001,74048.97,Proposal Sent,won,2026-02-28,,False,
D0163,C0382,U010,26064.0,,won,2026-05-13,2026-06-09,False,27.0
D0164,C0060,U007,47975.98,Prospecting,lost,,,False,
D0165,C0234,U012,14334.23,Qualified,open,,,False,
D0166,C0311,U014,67457.33,Negotiation,,,,False,
D0167,C0265,U004,7192.74,Qualified,closed,,,False,
D0168,C0176,U004,31627.0,Proposal Sent,lost,,2025-12-31,False,
D0169,C0415,U013,57356.36,Prospecting,open,,,False,
D0170,C0122,U001,33720.64,Negotiation,lost,,,False,
D0171,C0259,U013,,Closed Lost,,,,False,
D0172,C0048,U003,2112.1,,closed,2026-04-25,,False,
D0173,C0214,U014,70700.51,Prospecting,won,2026-08-04,,False,
D0174,C0378,U011,39845.31,Qualified,open,2026-05-10,,False,
D0175,C0126,U009,35537.34,Prospecting,won,,,False,
D0176,C0340,U002,55058.8,,open,,,False,
D0177,C0428,U002,25701.36,Closed Won,closed,,,False,
D0178,C0193,U007,14553.0,Prospecting,,,,False,
D0179,C0320,U003,47719.27,Negotiation,lost,2026-01-10,,False,
D0180,C0271,U009,63982.76,Prospecting,won,,2025-12-26,False,
D0181,C0071,U003,71201.0,Qualified,won,,2026-04-13,False,
D0182,C0232,U011,25769.5,,open,,,False,
D0183,C0167,U006,25308.95,Qualified,won,,2025-12-31,False,
D0184,C0333,U005,81548.0,Qualified,lost,2026-06-17,,False,
D0185,C0139,U014,62703.23,Closed Won,open,,,False,
D0186,C0278,U002,71789.72,Qualified,open,,,False,
D0187,C0371,U011,75990.78,Prospecting,open,,,False,
D0188,C0389,U010,47558.1,Proposal Sent,open,2026-01-02,,False,
D0189,C0074,U006,,Closed Won,won,,,False,
D0190,C0253,U001,64726.71,Proposal Sent,open,,,False,
D0191,C0333,U014,79921.13,Qualified,,2026-03-24,,False,
D0192,C0187,U004,77295.13,Prospecting,won,,,False,
D0193,C0328,U006,,Prospecting,closed,,,False,
D0194,C0087,U007,56053.6,Closed Won,lost,2026-11-02,,False,
D0195,C0260,U007,67686.9,Closed Won,lost,,,False,
D0196,C0082,U004,55230.0,Prospecting,closed,,,False,
D0197,C0413,U002,61641.35,Proposal Sent,lost,2026-06-15,,False,
D0198,C0011,U004,49386.0,Prospecting,open,2025-12-01,,False,
D0199,C0073,U001,44639.5,Qualified,won,2026-04-11,2026-07-05,False,85.0
D0200,C0043,U004,15742.33,Closed Lost,,,,False,
D0201,C0315,U011,61969.6,Closed Lost,won,,,False,
D0202,C0191,U007,2882.98,Qualified,open,2025-02-11,,False,
D0203,C0306,U002,76784.29,Qualified,,,,False,
D0204,C0059,U002,46530.38,Closed Lost,open,,2026-06-04,False,
D0205,C0440,U001,79858.21,Closed Lost,lost,,2026-06-19,False,
D0206,C0049,U007,65449.22,Qualified,won,,,False,
D0207,C0129,U004,49761.93,Prospecting,open,,,False,
D0208,C0348,U013,10399.7,Negotiation,lost,,,False,
D0209,C0285,U006,36004.55,Proposal Sent,lost,,,False,
D0210,C0127,U005,72892.41,Closed Won,lost,2026-08-01,,False,
D0211,C0050,U004,68371.29,Closed Lost,lost,2026-05-01,,False,
D0212,C0406,U002,78809.46,Qualified,,,,False,
D0213,C0040,U010,52766.13,Prospecting,lost,,,False,
D0214,C0392,U014,38154.0,Qualified,,,,False,
D0215,C0017,U013,59820.55,Closed Lost,closed,,,False,
D0216,C0001,U003,30986.16,Prospecting,won,,,False,
D0217,C0356,U002,25255.23,Prospecting,closed,,,False,
D0218,C0412,U005,79131.11,Proposal Sent,won,2026-06-01,2026-03-08,True,
D0219,C0037,U009,68545.68,Negotiation,lost,,,False,
D0220,C0191,U010,81763.43,Closed Lost,won,,,False,
D0221,C0058,U005,67353.0,Prospecting,lost,,,False,
D0222,C0260,U009,25488.68,Prospecting,won,,,False,
D0223,C0089,U008,,Negotiation,lost,2026-01-10,,False,
D0224,C0118,U012,20638.83,Proposal Sent,won,,,False,
D0225,C0060,U002,81492.42,Closed Lost,open,,2026-01-25,False,
D0226,C0437,U005,24902.0,Closed Lost,open,2026-05-16,,False,
D0227,C0240,U009,30498.63,Prospecting,closed,2025-07-12,,False,
D0228,C0353,U009,2487.0,Closed Lost,lost,,,False,
D0229,C0093,U009,40857.34,Proposal Sent,won,,,False,
D0230,C0354,U013,24849.0,Closed Won,lost,,,False,
D0231,C0365,U005,37590.27,Proposal Sent,closed,2025-12-25,,False,
D0232,C0005,U003,12728.39,Closed Won,,,,False,
D0233,C0398,U008,73184.92,Negotiation,won,2026-06-13,,False,
D0234,C0411,U005,,Closed Lost,open,,2026-07-07,False,
D0235,C0174,U001,30816.06,Closed Won,open,,,False,
D0236,C0328,U009,28645.04,Qualified,won,,,False,
D0237,C0310,U005,54988.48,Closed Lost,open,,,False,
D0238,C0040,U003,,Negotiation,won,,,False,
D0239,C0395,U014,36068.0,Closed Won,closed,,2026-09-08,False,
D0240,C0376,U012,34653.31,Prospecting,won,2025-09-12,,False,
D0241,C0390,U007,10178.02,Closed Lost,open,2025-05-11,,False,
D0242,C0124,U012,53811.14,Negotiation,,2026-02-04,,False,
D0243,C0180,U014,40510.66,Negotiation,,,,False,
D0244,C0353,U009,54192.47,Qualified,,,,False,
D0245,C0269,U005,20465.23,Closed Won,,,2026-06-04,False,
D0246,C0006,U001,30214.39,Closed Lost,open,,,False,
D0247,C0382,U008,65450.08,Negotiation,open,2025-11-18,,False,
D0248,C0094,U007,22366.33,,lost,,,False,
D0249,C0214,U011,65338.95,Proposal Sent,closed,,,False,
D0250,C0376,U009,72766.0,Proposal Sent,lost,,2026-10-07,False,
D0251,C0354,U010,3119.52,Closed Lost,won,2026-04-20,2026-03-06,True,
D0252,C0135,U003,9031.45,Closed Lost,open,,,False,
D0253,C0188,U008,71936.12,Prospecting,lost,,,False,
D0254,C0274,U008,69740.44,Qualified,won,2026-01-18,,False,
D0255,C0124,U012,62899.45,Prospecting,won,2026-05-12,2026-12-07,False,209.0
D0256,C0163,U003,,Prospecting,closed,2026-05-30,,False,
D0257,C0026,U014,21203.15,Proposal Sent,open,,,False,
D0258,C0295,U002,82397.72,Closed Won,won,,,False,
D0259,C0125,U003,53156.85,Closed Lost,open,2026-01-13,,False,
D0260,C0326,U003,12007.0,,open,,,False,
D0261,C0221,U012,59052.37,Proposal Sent,open,2026-03-21,,False,
D0262,C0221,U009,59703.0,Negotiation,closed,,,False,
D0263,C0235,U005,7251.0,,open,,,False,
D0264,C0228,U001,75224.85,Closed Lost,lost,,,False,
D0265,C0333,U009,58549.22,Closed Won,won,,2026-01-03,False,
D0266,C0055,U002,5155.4,Closed Lost,open,2026-05-15,,False,
D0267,C0244,U004,49179.52,Prospecting,open,,,False,
D0268,C0298,U005,52097.13,Prospecting,lost,2026-04-08,,False,
D0269,C0235,U013,63580.37,Prospecting,lost,2026-01-27,2026-11-04,False,281.0
D0270,C0266,U001,80374.39,Prospecting,won,2026-05-27,,False,
D0271,C0096,U009,48128.36,Proposal Sent,open,,,False,
D0272,C0230,U012,15429.0,Closed Won,open,,,False,
D0273,C0269,U010,47431.79,Closed Lost,lost,,,False,
D0274,C0416,U012,47059.79,Negotiation,won,,,False,
D0275,C0226,U007,83576.87,Prospecting,open,,,False,
D0276,C0111,U004,65922.18,Negotiation,open,,,False,
D0277,C0288,U010,4650.98,Qualified,open,,,False,
D0278,C0125,U004,49135.68,Proposal Sent,won,2025-11-14,,False,
D0279,C0086,U008,62520.91,Prospecting,won,,,False,
D0280,C0390,U006,79175.55,Closed Won,lost,,,False,
D0281,C0027,U005,28162.93,Closed Lost,open,2026-06-18,,False,
D0282,C0340,U012,49533.78,Closed Won,,,,False,
D0283,C0042,U008,34832.47,Prospecting,closed,2026-03-05,,False,
D0284,C0242,U009,34509.12,Proposal Sent,,,,False,
D0285,C0036,U005,78665.53,Closed Won,lost,,,False,
D0286,C0162,U006,83968.94,Prospecting,won,2025-06-12,,False,
D0287,C0022,U014,32714.04,Proposal Sent,won,2026-04-25,,False,
D0288,C0313,U003,30163.16,Negotiation,open,,,False,
D0289,C0105,U012,47126.42,,won,,,False,
D0290,C0351,U012,77154.36,Prospecting,lost,2026-02-05,2026-04-23,False,77.0
D0291,C0136,U001,,Closed Lost,open,,,False,
D0292,C0147,U014,43963.12,Closed Won,won,,2026-05-15,False,
D0293,C0045,U003,82227.08,Proposal Sent,closed,2025-12-12,,False,
D0294,C0267,U005,34349.0,Negotiation,,,,False,
D0295,C0152,U004,53753.66,Closed Lost,won,2026-05-08,,False,
D0296,C0113,U003,12961.27,Negotiation,lost,,,False,
D0297,C0211,U004,77462.91,Qualified,lost,2026-04-12,2026-05-24,False,42.0
D0298,C0273,U011,27301.37,Proposal Sent,open,2025-11-22,,False,
D0299,C0390,U003,48037.91,Qualified,lost,,,False,
D0300,C0368,U001,26829.57,Negotiation,lost,,,False,
D0301,C0053,U003,65164.36,Qualified,open,,,False,
D0302,C0301,U004,31498.32,Proposal Sent,open,,,False,
D0303,C0236,U012,42535.71,Closed Won,open,2026-02-16,,False,
D0304,C0136,U007,7022.38,Proposal Sent,won,,2025-02-12,False,
D0305,C0436,U008,66313.93,Proposal Sent,lost,,2026-01-21,False,
D0306,C0300,U009,44974.2,Closed Lost,open,2025-11-30,,False,
D0307,C0123,U009,48068.03,,lost,2026-04-05,,False,
D0308,C0201,U005,,Negotiation,,,,False,
D0309,C0233,U014,10949.83,Closed Lost,open,,,False,
D0310,C0163,U008,39382.34,Prospecting,open,,,False,
D0311,C0163,U012,9114.47,Qualified,open,2026-06-28,,False,
D0312,C0194,U012,33119.67,Closed Lost,open,,,False,
D0313,C0333,U014,74046.0,Qualified,open,,,False,
D0314,C0369,U013,16588.12,Closed Lost,won,2025-11-23,,False,
D0315,C0007,U008,68922.46,Closed Lost,,2026-03-24,,False,
D0316,C0228,U007,51609.0,Closed Lost,open,,,False,
D0317,C0025,U003,56048.62,Qualified,open,,,False,
D0318,C0150,U006,10592.12,Prospecting,open,,,False,
D0319,C0350,U012,82185.49,,open,2026-01-12,,False,
D0320,C0151,U006,64829.91,Closed Won,lost,,,False,
D0321,C0351,U014,36049.0,Proposal Sent,lost,2026-01-18,2026-03-29,False,70.0
D0322,C0044,U008,,Negotiation,lost,,,False,
D0323,C0310,U010,43061.38,Closed Lost,closed,2026-05-29,,False,
D0324,C0001,U002,53725.97,Prospecting,,,,False,
D0325,C0209,U001,68805.0,Negotiation,lost,,,False,
D0326,C0155,U005,28547.64,Closed Lost,closed,,,False,
D0327,C0287,U010,17700.3,Prospecting,open,2026-04-02,,False,
D0328,C0403,U001,14474.76,Qualified,,,,False,
D0329,C0411,U007,26495.2,Prospecting,closed,,,False,
D0330,C0291,U011,,Negotiation,lost,,2026-03-20,False,
D0331,C0425,U003,11256.53,Closed Won,open,,2026-03-02,False,
D0332,C0209,U002,39234.18,Closed Lost,won,,2026-12-07,False,
D0333,C0397,U001,38555.14,Proposal Sent,open,,,False,
D0334,C0172,U008,13465.14,Closed Lost,won,,,False,
D0335,C0103,U012,33863.62,Prospecting,,,,False,
D0336,C0347,U014,75747.02,Prospecting,lost,,,False,
D0337,C0384,U005,,Proposal Sent,lost,,,False,
D0338,C0074,U003,2773.94,Proposal Sent,open,2026-04-09,,False,
D0339,C0277,U006,80263.7,Proposal Sent,open,2025-11-29,,False,
D0340,C0309,U006,5735.64,,,2026-05-29,,False,
D0341,C0027,U002,60340.58,Closed Won,lost,,,False,
D0342,C0168,U014,8058.56,Proposal Sent,closed,,,False,
D0343,C0411,U013,27417.71,Closed Lost,open,,,False,
D0344,C0072,U014,16809.98,Proposal Sent,lost,,,False,
D0345,C0033,U008,40014.0,Prospecting,lost,,2026-01-13,False,
D0346,C0051,U007,55729.19,Prospecting,lost,,,False,
D0347,C0313,U004,82819.96,,open,,,False,
D0348,C0219,U010,59460.0,Negotiation,closed,,,False,
D0349,C0057,U010,9654.1,Closed Lost,lost,2026-02-01,,False,
D0350,C0054,U011,55356.59,Closed Won,lost,2026-05-02,,False,
D0351,C0383,U003,45859.86,Qualified,,2025-11-21,,False,
D0352,C0442,U006,61435.57,Negotiation,won,,,False,
D0353,C0257,U007,32330.11,Qualified,won,,,False,
D0354,C0055,U014,21142.64,Negotiation,open,,,False,
D0355,C0205,U007,19137.0,Closed Won,closed,,,False,
D0356,C0182,U014,25587.32,Closed Won,open,2026-06-26,,False,
D0357,C0009,U003,8569.4,Closed Lost,lost,2026-09-04,2026-04-29,True,
D0358,C0214,U010,44036.15,Qualified,,,,False,
D0359,C0214,U010,72208.0,Prospecting,,2025-11-11,,False,
D0360,C0291,U006,48940.49,Prospecting,open,,,False,
D0361,C0040,U003,44665.29,Closed Lost,won,2026-06-08,,False,
D0362,C0346,U011,5906.65,,won,2026-10-01,,False,
D0363,C0289,U012,81708.54,Negotiation,lost,2026-03-10,2026-04-27,False,48.0
D0364,C0379,U005,54046.55,Proposal Sent,open,,,False,
D0365,C0315,U001,8389.6,Negotiation,,,,False,
D0366,C0311,U005,63409.34,Proposal Sent,won,2026-01-15,,False,
D0367,C0408,U003,16597.57,Proposal Sent,won,,,False,
D0368,C0300,U014,64355.57,Qualified,,2026-01-07,,False,
D0369,C0083,U004,23577.02,Closed Won,open,,,False,
D0370,C0152,U008,58573.08,,won,,,False,
D0371,C0145,U013,27860.0,Closed Lost,lost,2026-04-16,,False,
D0372,C0426,U007,23801.83,Proposal Sent,lost,2026-10-04,,False,
D0373,C0371,U011,29673.45,Proposal Sent,closed,,,False,
D0374,C0005,U014,35839.27,Prospecting,open,,,False,
D0375,C0143,U005,3478.99,Proposal Sent,open,2025-12-05,,False,
D0376,C0322,U002,73012.81,Prospecting,open,,,False,
D0377,C0092,U002,40490.79,Qualified,won,,,False,
D0378,C0129,U003,33463.72,Prospecting,won,,,False,
D0379,C0089,U008,83282.0,Prospecting,,,,False,
D0380,C0272,U013,55218.74,Closed Won,won,2026-03-24,,False,
D0381,C0036,U010,3066.86,Proposal Sent,,2026-01-07,,False,
D0382,C0336,U007,59954.61,Proposal Sent,open,,,False,
D0383,C0390,U008,71978.1,Closed Lost,lost,,,False,
D0384,C0348,U014,46197.89,Closed Lost,open,,,False,
D0385,C0185,U009,71738.66,Negotiation,open,2026-01-02,,False,
D0386,C0020,U007,76354.47,Proposal Sent,won,2026-04-07,,False,
D0387,C0372,U004,17623.24,Qualified,open,2025-10-12,,False,
D0388,C0400,U009,46083.99,Negotiation,,2026-02-19,,False,
D0389,C0028,U006,19175.13,Prospecting,lost,,2026-07-06,False,
D0390,C0117,U002,42322.71,Prospecting,open,,,False,
D0391,C0355,U011,15882.79,Qualified,open,2026-06-17,,False,
D0392,C0085,U014,11034.0,Prospecting,open,2025-12-05,,False,
D0393,C0215,U006,82983.75,Closed Won,lost,2025-12-20,2026-01-07,False,18.0
D0394,C0086,U006,24370.1,Prospecting,open,,,False,
D0395,C0221,U004,9847.32,Prospecting,open,2026-01-05,,False,
D0396,C0245,U002,16480.97,Prospecting,open,,,False,
D0397,C0408,U013,,Closed Lost,open,2026-04-06,2026-05-05,False,29.0
D0398,C0350,U001,52606.16,Qualified,,,,False,
D0399,C0003,U009,83881.39,Proposal Sent,won,,,False,
D0400,C0390,U011,17675.54,Proposal Sent,won,2026-07-04,,False,
D0401,C0339,U001,,Prospecting,lost,2026-05-03,,False,
D0402,C0375,U001,14696.81,,open,2025-12-10,,False,
D0403,C0365,U008,63881.74,Negotiation,lost,2026-05-19,,False,
D0404,C0119,U012,75928.99,Closed Won,won,2026-01-16,,False,
D0405,C0108,U010,32686.0,Closed Lost,open,,,False,
D0406,C0169,U003,24930.45,Prospecting,open,,,False,
D0407,C0173,U004,67427.17,Negotiation,open,2026-06-23,,False,
D0408,C0279,U014,35876.63,Proposal Sent,open,2025-12-30,,False,
D0409,C0422,U008,62456.48,Proposal Sent,open,,,False,
D0410,C0111,U010,36383.95,Qualified,open,,,False,
D0411,C0267,U007,42856.3,Closed Lost,open,,,False,
D0412,C0181,U005,2830.17,Proposal Sent,open,2026-07-02,,False,
D0413,C0378,U010,40224.01,Prospecting,,2026-01-19,,False,
D0414,C0187,U011,7403.33,Closed Lost,open,2025-11-22,,False,
D0415,C0353,U010,8260.08,,won,2026-06-09,2026-07-09,False,30.0
D0416,C0447,U001,40356.97,Prospecting,lost,,2026-06-26,False,
D0417,C0359,U013,83435.0,Proposal Sent,open,2025-06-12,,False,
D0418,C0381,U010,,Proposal Sent,won,,,False,
D0419,C0188,U006,45478.0,Closed Lost,,,,False,
D0420,C0313,U006,8790.28,Prospecting,won,2025-11-24,,False,
D0421,C0056,U012,14067.0,Qualified,,2026-06-26,,False,
D0422,C0345,U009,30449.47,Qualified,,,,False,
D0423,C0011,U014,55330.11,Proposal Sent,closed,,,False,
D0424,C0336,U012,38678.9,Closed Lost,closed,,,False,
D0425,C0131,U004,65774.1,Closed Lost,lost,,2026-01-08,False,
D0426,C0080,U012,82762.71,,won,2026-03-08,,False,
D0427,C0021,U006,23244.0,Qualified,,2026-06-01,,False,
D0428,C0174,U003,82951.38,Closed Won,,2026-03-23,,False,
D0429,C0389,U003,1858.57,Closed Lost,lost,,2026-06-06,False,
D0430,C0238,U005,29780.15,Qualified,,2025-11-23,,False,
D0431,C0278,U002,35036.1,Negotiation,open,2026-01-24,,False,
D0432,C0307,U011,20049.01,Proposal Sent,closed,2026-03-19,,False,
D0433,C0428,U008,34434.37,Prospecting,closed,,,False,
D0434,C0337,U006,32364.1,Closed Won,open,,,False,
D0435,C0440,U009,63417.56,Prospecting,won,2025-11-24,,False,
D0436,C0369,U007,13493.88,Qualified,open,,,False,
D0437,C0033,U010,35689.96,Closed Won,open,,2026-01-19,False,
D0438,C0382,U003,,Proposal Sent,open,,,False,
D0439,C0153,U008,20247.44,,,,,False,
D0440,C0421,U011,,Closed Lost,open,2026-05-15,,False,
D0441,C0387,U005,63754.73,Closed Lost,open,,,False,
D0442,C0351,U014,62701.93,Prospecting,lost,,,False,
D0443,C0161,U008,5916.18,Qualified,lost,,,False,
D0444,C0147,U009,17683.54,Prospecting,closed,,,False,
D0445,C0274,U006,58734.55,Negotiation,won,,,False,
D0446,C0007,U003,66530.46,Closed Lost,won,2026-03-24,,False,
D0447,C0253,U004,52721.27,Proposal Sent,closed,,,False,
D0448,C0355,U013,77988.6,Prospecting,lost,2026-04-16,,False,
D0449,C0349,U006,75792.15,Qualified,,,,False,
D0450,C0153,U001,73044.07,Prospecting,won,2026-04-09,,False,
D0451,C0214,U012,3070.34,Prospecting,open,2025-12-05,,False,
D0452,C0401,U011,40668.38,Closed Lost,open,,,False,
D0453,C0006,U013,78328.0,Prospecting,open,2026-01-04,,False,
D0454,C0014,U002,30544.0,Qualified,won,,2026-08-28,False,
D0455,C0034,U002,19619.0,Prospecting,closed,,,False,
D0456,C0367,U002,72583.28,Proposal Sent,closed,2026-01-29,,False,
D0457,C0053,U003,19392.0,Closed Won,lost,,,False,
D0458,C0262,U003,48020.53,Closed Lost,lost,2026-04-14,,False,
D0459,C0303,U012,20360.43,Negotiation,,2026-10-02,,False,
D0460,C0035,U014,2567.62,Closed Lost,lost,,,False,
D0461,C0060,U003,83127.17,Closed Won,lost,2026-02-15,,False,
D0462,C0099,U006,20944.61,Proposal Sent,lost,,,False,
D0463,C0180,U008,24787.37,Closed Won,,,,False,
D0464,C0317,U003,63106.16,Prospecting,open,2026-01-09,,False,
D0465,C0193,U010,26779.84,Negotiation,open,,,False,
D0466,C0400,U008,43074.57,Proposal Sent,won,,,False,
D0467,C0217,U002,72715.0,Closed Won,,,2026-06-06,False,
D0468,C0445,U012,37461.87,Qualified,,2026-06-13,,False,
D0469,C0247,U011,49279.55,,closed,,,False,
D0470,C0132,U008,28260.31,Closed Won,lost,,,False,
D0471,C0409,U012,9628.73,Prospecting,lost,,,False,
D0472,C0123,U004,8592.64,Proposal Sent,won,2026-01-13,,False,
D0473,C0271,U006,56423.61,Prospecting,,2026-07-05,,False,
D0474,C0352,U008,49124.52,Prospecting,lost,,,False,
D0475,C0170,U008,52838.13,Closed Lost,lost,2026-04-04,,False,
D0476,C0424,U014,,,won,2025-11-19,,False,
D0477,C0363,U014,7117.03,Prospecting,lost,2025-12-28,,False,
D0478,C0329,U014,68644.58,Negotiation,closed,2025-11-23,,False,
D0479,C0126,U010,57575.28,Closed Lost,,,,False,
D0480,C0291,U008,23872.65,Proposal Sent,,,,False,
D0481,C0368,U011,18254.11,Prospecting,closed,,,False,
D0482,C0208,U006,,Prospecting,won,,,False,
D0483,C0057,U003,22006.48,Proposal Sent,open,,,False,
D0484,C0214,U011,24271.45,Prospecting,won,,,False,
D0485,C0325,U014,66816.52,Prospecting,,,,False,
D0486,C0436,U002,56395.46,Closed Won,lost,2026-04-14,2026-07-11,False,88.0
D0487,C0372,U009,56962.13,Prospecting,closed,,,False,
D0488,C0445,U002,66061.44,Proposal Sent,open,2025-03-12,,False,
D0489,C0376,U004,10419.0,Closed Won,won,2026-01-03,2026-03-22,False,78.0
D0490,C0028,U008,27926.91,,lost,,,False,
D0491,C0183,U008,55390.7,Closed Won,won,,,False,
D0492,C0349,U013,33621.63,Proposal Sent,won,2026-03-10,,False,
D0493,C0433,U008,78946.87,Closed Won,open,2025-11-30,,False,
D0494,C0221,U011,24382.05,Negotiation,lost,2025-03-11,,False,
D0495,C0424,U006,70337.47,Closed Won,open,,,False,
D0496,C0369,U014,59550.04,,lost,2026-05-21,,False,
D0497,C0002,U007,49580.08,Proposal Sent,won,2025-11-02,,False,
D0498,C0400,U006,23266.77,Closed Lost,,,,False,
D0499,C0186,U003,20244.68,Closed Won,lost,,,False,
D0500,C0232,U004,5656.88,Proposal Sent,open,2026-01-23,,False,
D0501,C0186,U003,61501.72,Prospecting,open,,,False,
D0502,C0249,U002,80495.37,Proposal Sent,won,2026-10-04,,False,
D0503,C0432,U004,17312.0,Proposal Sent,won,2026-06-12,2026-09-09,False,89.0
D0504,C0118,U010,50172.41,Closed Lost,won,2026-01-07,,False,
D0505,C0350,U007,,Proposal Sent,lost,2026-06-18,,False,
D0506,C0118,U008,22680.35,Closed Won,open,,,False,
D0507,C0449,U009,23234.35,Prospecting,open,2025-10-11,,False,
D0508,C0160,U012,23243.9,Closed Lost,lost,,2026-10-03,False,
D0509,C0378,U006,52679.79,Closed Won,won,,,False,
D0510,C0159,U012,72728.31,Closed Lost,open,2026-06-14,,False,
D0511,C0115,U003,23228.7,Prospecting,,2026-05-05,,False,
D0512,C0180,U012,39722.94,,,2026-06-08,,False,
D0513,C0047,U004,71218.63,Negotiation,open,,,False,
D0514,C0295,U004,65532.0,Prospecting,closed,2026-01-28,,False,
D0515,C0342,U002,25237.48,Negotiation,open,,,False,
D0516,C0053,U014,3911.02,Negotiation,open,,,False,
D0517,C0135,U010,56290.43,Prospecting,lost,,,False,
D0518,C0405,U011,63607.3,Negotiation,lost,2026-03-01,,False,
D0519,C0120,U013,72671.0,Closed Won,open,,,False,
D0520,C0060,U005,76961.81,Closed Lost,lost,2026-06-24,2026-08-05,False,42.0
D0521,C0100,U008,23918.03,Closed Lost,lost,,2026-03-25,False,
D0522,C0093,U007,4876.58,Closed Won,open,2026-04-14,,False,
D0523,C0361,U003,55543.32,Closed Lost,closed,2026-05-21,,False,
D0524,C0151,U003,,Qualified,won,,,False,
D0525,C0023,U009,36980.28,Prospecting,closed,,,False,
D0526,C0179,U005,2858.44,Prospecting,closed,2026-01-10,,False,
D0527,C0023,U002,50531.9,Closed Won,won,,2026-10-04,False,
D0528,C0439,U013,8031.41,Qualified,won,2026-01-03,,False,
D0529,C0003,U007,15839.9,Prospecting,open,,,False,
D0530,C0153,U010,8817.53,Closed Won,lost,2026-04-03,,False,
D0531,C0433,U001,55660.04,Proposal Sent,,,,False,
D0532,C0152,U013,36726.92,Closed Lost,open,,,False,
D0533,C0010,U014,26118.42,Closed Lost,won,,,False,
D0534,C0318,U014,63046.04,Closed Won,lost,,,False,
D0535,C0202,U008,20864.13,Closed Lost,,,,False,
D0536,C0279,U002,11264.55,Proposal Sent,lost,2026-05-06,,False,
D0537,C0080,U005,30211.0,Proposal Sent,,,,False,
D0538,C0430,U014,61870.08,Closed Lost,open,,,False,
D0539,C0314,U004,57199.21,Negotiation,open,,,False,
D0540,C0401,U007,18987.65,Closed Lost,won,,,False,
D0541,C0342,U003,4169.5,Qualified,closed,,,False,
D0542,C0283,U004,67037.96,Closed Lost,won,,,False,
D0543,C0430,U012,60484.81,Closed Lost,open,2026-12-01,,False,
D0544,C0382,U002,70271.45,Prospecting,open,2025-11-26,,False,
D0545,C0183,U003,65124.05,Negotiation,,2026-01-24,,False,
D0546,C0169,U014,72357.69,Qualified,open,2026-04-25,,False,
D0547,C0409,U008,,Negotiation,won,2026-06-02,,False,
D0548,C0075,U013,13022.53,Closed Lost,lost,2025-02-11,2025-12-04,False,296.0
D0549,C0401,U011,13656.29,Closed Won,open,2026-02-13,,False,
D0550,C0203,U013,34337.73,Qualified,lost,2025-12-18,,False,
D0551,C0319,U012,35067.24,Closed Lost,won,,2026-04-05,False,
D0552,C0174,U001,52468.49,Proposal Sent,closed,2026-06-07,,False,
D0553,C0315,U013,35276.0,Closed Lost,lost,2026-02-08,,False,
D0554,C0367,U012,,Qualified,closed,,,False,
D0555,C0172,U013,3828.92,Qualified,open,2025-11-02,,False,
D0556,C0153,U012,10721.9,Closed Won,closed,,,False,
D0557,C0024,U013,26379.75,Prospecting,,2025-12-31,,False,
D0558,C0293,U010,26483.33,,won,,,False,
D0559,C0262,U012,28875.22,Proposal Sent,open,,,False,
D0560,C0073,U012,9202.76,Closed Won,lost,2026-01-28,2026-10-02,False,247.0
D0561,C0342,U009,66531.86,Closed Won,closed,2026-05-06,,False,
D0562,C0370,U007,43733.12,Qualified,open,,,False,
D0563,C0059,U012,41025.19,Proposal Sent,,,,False,
D0564,C0059,U010,11592.35,Closed Won,open,,,False,
D0565,C0188,U005,42074.78,Closed Won,won,,,False,
D0566,C0448,U005,69896.94,Proposal Sent,open,,,False,
D0567,C0022,U007,39273.26,Closed Lost,won,,,False,
D0568,C0254,U011,38997.74,Closed Lost,,,,False,
D0569,C0196,U004,5325.95,Closed Won,lost,,,False,
D0570,C0358,U001,55370.83,Negotiation,closed,,,False,
D0571,C0383,U001,43470.34,Closed Lost,won,,,False,
D0572,C0138,U013,38593.16,Proposal Sent,won,,,False,
D0573,C0435,U001,36147.19,Negotiation,lost,,,False,
D0574,C0273,U003,16752.86,Negotiation,open,2025-03-12,,False,
D0575,C0030,U010,3768.79,Negotiation,open,,,False,
D0576,C0450,U006,5832.0,Proposal Sent,lost,2026-01-20,2026-02-07,False,18.0
D0577,C0195,U002,28081.09,Proposal Sent,open,,,False,
D0578,C0320,U004,81950.14,Prospecting,won,,,False,
D0579,C0153,U010,8506.35,Closed Won,,2026-06-19,,False,
D0580,C0084,U013,81043.15,Proposal Sent,closed,2026-06-22,,False,
D0581,C0233,U014,1545.33,Negotiation,open,,,False,
D0582,C0344,U007,,Closed Won,won,,,False,
D0583,C0045,U007,62043.66,Prospecting,open,2026-02-27,,False,
D0584,C0405,U006,24296.6,Negotiation,won,2026-03-01,2026-04-30,False,60.0
D0585,C0166,U001,52333.69,Qualified,open,,,False,
D0586,C0280,U012,8275.92,Closed Lost,lost,,,False,
D0587,C0420,U014,82665.26,Closed Lost,open,2026-02-05,,False,
D0588,C0062,U008,2281.84,Closed Won,won,,2026-07-07,False,
D0589,C0316,U005,82269.26,Proposal Sent,won,,,False,
D0590,C0414,U011,49020.04,Closed Won,open,,2026-06-03,False,
D0591,C0285,U003,63788.78,Prospecting,open,2026-04-30,,False,
D0592,C0369,U013,3430.31,Proposal Sent,won,,2026-08-17,False,
D0593,C0445,U008,57703.83,Prospecting,lost,,,False,
D0594,C0138,U002,42880.49,Closed Lost,,,,False,
D0595,C0024,U005,38979.94,Closed Won,closed,2026-05-12,,False,
D0596,C0408,U001,78069.0,Proposal Sent,lost,2025-12-01,,False,
D0597,C0014,U008,50976.32,Closed Won,open,,,False,
D0598,C0238,U004,70106.42,Negotiation,open,2025-11-03,,False,
D0599,C0313,U008,49841.03,Prospecting,,,,False,
D0600,C0158,U014,6677.19,Prospecting,open,,,False,
D0601,C0218,U002,,Prospecting,open,2026-05-21,,False,
D0602,C0208,U004,33557.32,Prospecting,,,,False,
D0603,C0329,U011,44687.28,Prospecting,,2026-03-25,,False,
D0604,C0034,U010,,Proposal Sent,open,,,False,
D0605,C0122,U003,12161.34,Prospecting,open,,,False,
D0606,C0446,U009,40705.23,Qualified,open,2026-01-08,,False,
D0607,C0332,U011,21321.84,Qualified,open,2025-11-20,,False,
D0608,C0098,U004,30019.59,Proposal Sent,open,2026-12-02,,False,
D0609,C0167,U014,28939.69,Negotiation,won,2026-03-30,,False,
D0610,C0323,U004,53597.0,Proposal Sent,,,,False,
D0611,C0190,U004,31795.23,Closed Won,open,,,False,
D0612,C0222,U004,,Closed Won,open,,,False,
D0613,C0427,U009,17865.0,Proposal Sent,open,2025-11-28,,False,
D0614,C0342,U003,79665.53,Closed Won,open,,2026-02-18,False,
D0615,C0404,U010,11394.19,Closed Won,open,2026-04-20,,False,
D0616,C0191,U012,37366.6,Closed Won,lost,,2026-06-29,False,
D0617,C0148,U013,5947.12,Qualified,lost,,,False,
D0618,C0105,U012,67548.27,Prospecting,,,,False,
D0619,C0326,U013,44828.0,Closed Lost,lost,,,False,
D0620,C0238,U005,19830.0,Closed Won,open,,,False,
D0621,C0448,U007,47471.09,Qualified,lost,,,False,
D0622,C0294,U001,29587.23,Closed Lost,closed,,,False,
D0623,C0137,U007,,Prospecting,open,,,False,
D0624,C0148,U014,47145.43,Closed Lost,closed,2026-05-27,,False,
D0625,C0036,U006,18226.0,Prospecting,closed,,,False,
D0626,C0389,U011,84832.64,Proposal Sent,won,,,False,
D0627,C0390,U005,80475.55,Negotiation,lost,2025-11-29,2026-01-22,False,54.0
D0628,C0385,U003,61899.0,Closed Won,won,,,False,
D0629,C0365,U014,27642.0,Closed Lost,lost,2026-06-01,,False,
D0630,C0430,U009,49721.96,Prospecting,lost,2025-12-17,2026-06-01,False,166.0
D0631,C0171,U004,64344.29,Closed Won,lost,,,False,
D0632,C0286,U013,14333.22,Prospecting,open,,,False,
D0633,C0289,U014,80715.84,Closed Won,lost,,2026-01-17,False,
D0634,C0227,U011,15813.88,Negotiation,open,,,False,
D0635,C0093,U004,,Prospecting,lost,2026-01-02,,False,
D0636,C0261,U001,34157.29,Qualified,lost,2026-08-03,,False,
D0637,C0197,U014,74182.5,Proposal Sent,open,,,False,
D0638,C0290,U005,61350.47,Proposal Sent,closed,2026-06-27,,False,
D0639,C0416,U007,28962.44,Proposal Sent,closed,,,False,
D0640,C0373,U002,30456.28,Negotiation,,2026-12-02,,False,
D0641,C0409,U014,16494.77,Qualified,lost,,,False,
D0642,C0353,U010,21514.55,Prospecting,lost,,,False,
D0643,C0353,U012,35841.73,Proposal Sent,,,,False,
D0644,C0052,U009,15264.0,Negotiation,lost,,,False,
D0645,C0323,U012,63787.45,Closed Lost,lost,2026-01-28,,False,
D0646,C0165,U011,7197.8,Closed Lost,,,,False,
D0647,C0424,U003,52184.0,Qualified,open,,,False,
D0648,C0339,U013,38295.0,Prospecting,won,,,False,
D0649,C0422,U011,34116.64,Closed Lost,open,,,False,
D0650,C0391,U007,77381.0,Proposal Sent,won,,,False,
D0651,C0008,U006,19917.42,Proposal Sent,open,2025-10-31,,False,
D0652,C0022,U007,69604.63,Closed Lost,open,,,False,
D0653,C0273,U007,20906.08,Closed Won,open,2026-01-17,,False,
D0654,C0159,U001,19878.03,Closed Won,won,,,False,
D0655,C0446,U004,43214.6,Closed Won,won,,,False,
D0656,C0303,U006,16140.14,Closed Won,open,,,False,
D0657,C0009,U010,54989.0,Closed Lost,lost,2026-02-13,2026-04-22,False,68.0
D0658,C0384,U002,64730.02,Negotiation,won,,,False,
D0659,C0101,U003,4665.21,Closed Won,won,,,False,
D0660,C0067,U005,44992.88,Negotiation,open,,,False,
D0661,C0115,U014,18685.76,Negotiation,lost,2025-11-27,,False,
D0662,C0307,U014,16826.05,Closed Won,closed,,,False,
D0663,C0026,U011,9161.91,Qualified,won,2026-04-15,,False,
D0664,C0215,U012,61760.0,Closed Lost,won,2026-05-07,2026-05-31,False,24.0
D0665,C0226,U011,8181.33,Proposal Sent,won,2025-12-02,,False,
D0666,C0254,U010,69936.92,Closed Won,open,,,False,
D0667,C0431,U002,14258.69,Negotiation,closed,,,False,
D0668,C0143,U007,7506.96,,,2026-04-30,,False,
D0669,C0003,U001,35280.36,Closed Lost,lost,,,False,
D0670,C0324,U010,84371.45,Prospecting,lost,2026-03-27,,False,
D0671,C0128,U013,54520.81,Closed Won,closed,,,False,
D0672,C0372,U004,4381.38,Proposal Sent,,2026-01-06,,False,
D0673,C0326,U003,80346.15,Proposal Sent,,,,False,
D0674,C0424,U003,65876.18,Prospecting,open,,,False,
D0675,C0041,U009,,Proposal Sent,lost,,,False,
D0676,C0296,U005,10624.38,Closed Won,open,2026-04-02,,False,
D0677,C0105,U012,83916.63,Closed Won,won,,,False,
D0678,C0352,U007,25576.41,Closed Lost,lost,2025-11-10,,False,
D0679,C0245,U003,39130.18,Closed Lost,open,2026-06-24,,False,
D0680,C0409,U013,38300.99,Proposal Sent,won,2026-06-03,,False,
D0681,C0043,U007,30069.69,Prospecting,won,2026-05-18,,False,
D0682,C0134,U013,9586.29,Prospecting,open,,,False,
D0683,C0385,U005,51965.02,Closed Lost,,,,False,
D0684,C0182,U011,6279.67,Closed Won,lost,2025-11-24,,False,
D0685,C0438,U012,51759.42,Closed Won,open,2026-06-17,2026-06-23,False,6.0
D0686,C0347,U011,56629.07,Closed Lost,closed,,,False,
D0687,C0182,U014,38599.56,Prospecting,lost,,2026-11-04,False,
D0688,C0216,U008,52199.01,Prospecting,lost,,2026-04-04,False,
D0689,C0016,U003,71001.57,Closed Lost,open,2026-04-05,,False,
D0690,C0058,U008,19172.01,,won,2026-03-10,,False,
D0691,C0080,U006,61551.11,Closed Won,won,2025-12-07,2026-01-07,False,31.0
D0692,C0320,U012,74307.04,Closed Lost,open,,,False,
D0693,C0173,U007,69005.0,Closed Won,closed,2026-02-10,2026-09-04,False,206.0
D0694,C0375,U010,49332.06,Proposal Sent,open,,,False,
D0695,C0001,U005,17353.12,Prospecting,closed,,,False,
D0696,C0402,U003,34508.58,Closed Lost,won,2026-05-04,,False,
D0697,C0422,U004,51722.36,Closed Lost,,2026-05-25,,False,
D0698,C0253,U012,41436.61,Prospecting,won,,,False,
D0699,C0409,U006,59984.02,Qualified,won,2026-01-24,,False,
D0700,C0151,U014,47253.23,Qualified,open,,,False,
D0701,C0198,U002,59647.0,Closed Lost,won,2026-02-04,2026-11-05,False,274.0
D0702,C0381,U013,56161.94,Prospecting,won,,,False,
D0703,C0105,U004,31745.85,Proposal Sent,open,2026-02-14,,False,
D0704,C0215,U011,9519.99,Qualified,open,2026-02-26,,False,
D0705,C0259,U011,53852.21,Negotiation,lost,,,False,
D0706,C0152,U012,56486.32,Qualified,lost,,,False,
D0707,C0186,U001,8400.19,Prospecting,open,,,False,
D0708,C0296,U010,67828.0,Closed Lost,won,2025-11-12,,False,
D0709,C0049,U006,16938.3,Prospecting,closed,,,False,
D0710,C0270,U013,6838.29,Closed Lost,,2026-06-23,,False,
D0711,C0104,U011,73477.29,Prospecting,open,,,False,
D0712,C0158,U002,49519.27,Prospecting,open,,,False,
D0713,C0017,U002,26431.26,Prospecting,closed,2025-11-15,,False,
D0714,C0023,U009,38650.84,Negotiation,closed,,,False,
D0715,C0178,U010,19021.6,,closed,2025-12-16,,False,
D0716,C0071,U005,51779.0,Proposal Sent,open,2026-05-17,,False,
D0717,C0214,U002,33378.82,,won,2026-03-01,,False,
D0718,C0351,U003,,,won,2026-03-10,2026-03-22,False,12.0
D0719,C0332,U011,36544.0,Closed Lost,open,2026-05-03,,False,
D0720,C0305,U004,45877.76,Prospecting,won,,2025-06-12,False,
D0721,C0168,U013,74049.0,Proposal Sent,open,,,False,
D0722,C0111,U007,16173.57,Prospecting,open,2026-04-03,,False,
D0723,C0176,U012,24133.01,Negotiation,closed,,,False,
D0724,C0380,U007,82328.02,Qualified,lost,2026-03-02,,False,
D0725,C0130,U001,56406.51,Closed Lost,open,,,False,
D0726,C0367,U011,52326.7,Closed Won,won,,2026-03-19,False,
D0727,C0144,U005,80130.03,Closed Won,closed,,,False,
D0728,C0044,U005,54495.5,Closed Won,lost,2026-03-19,,False,
D0729,C0043,U012,79120.68,Negotiation,closed,,,False,
D0730,C0342,U009,43066.73,Qualified,,,,False,
D0731,C0205,U001,61132.37,Proposal Sent,open,2026-06-14,,False,
D0732,C0334,U014,52215.69,Closed Lost,open,,,False,
D0733,C0087,U002,30999.84,Closed Won,open,2026-03-03,,False,
D0734,C0171,U011,72539.88,Proposal Sent,closed,,,False,
D0735,C0107,U001,79080.6,Closed Won,won,2026-01-02,2026-02-13,False,42.0
D0736,C0428,U008,52896.78,Prospecting,lost,2026-05-27,,False,
D0737,C0203,U006,37472.0,Prospecting,open,2026-01-11,,False,
D0738,C0245,U001,40803.34,Qualified,won,2026-01-04,2026-04-02,False,88.0
D0739,C0054,U008,31037.1,Closed Lost,open,2025-11-29,,False,
D0740,C0020,U003,76733.0,Closed Won,lost,,2026-08-02,False,
D0741,C0059,U007,68284.98,Closed Lost,closed,2026-10-03,,False,
D0742,C0066,U002,12031.32,Prospecting,open,,,False,
D0743,C0026,U011,63075.53,Negotiation,lost,2026-05-04,,False,
D0744,C0124,U010,,Qualified,closed,,,False,
D0745,C0124,U011,60489.49,Closed Won,won,,,False,
D0746,C0431,U010,12546.7,Qualified,won,2025-12-02,2025-12-20,False,18.0
D0747,C0100,U002,45335.09,Prospecting,lost,2026-06-01,,False,
D0748,C0031,U009,,Closed Won,open,,,False,
D0749,C0124,U006,4914.24,Prospecting,open,2026-06-27,,False,
D0750,C0141,U010,22563.96,Prospecting,lost,2026-06-29,,False,
D0751,C0345,U009,63397.89,Qualified,lost,,,False,
D0752,C0328,U005,75580.68,Proposal Sent,lost,2025-11-28,,False,
D0753,C0445,U011,78779.3,Proposal Sent,won,,,False,
D0754,C0385,U004,5158.0,,open,,,False,
D0755,C0384,U014,38948.27,,lost,2026-06-25,2026-08-13,False,49.0
D0756,C0253,U013,51529.33,Prospecting,open,2026-01-18,,False,
D0757,C0031,U013,58671.97,Proposal Sent,lost,2026-06-18,2026-08-23,False,66.0
D0758,C0194,U009,24170.0,Closed Won,lost,2026-06-03,,False,
D0759,C0443,U013,43568.78,Closed Lost,,2026-01-03,,False,
D0760,C0135,U009,20198.11,Prospecting,open,2025-12-03,,False,
D0761,C0140,U003,55142.0,Proposal Sent,open,,,False,
D0762,C0328,U006,80526.72,Closed Won,lost,2026-01-11,2026-01-24,False,13.0
D0763,C0148,U006,70298.0,Prospecting,open,2026-06-28,,False,
D0764,C0009,U009,22988.32,Prospecting,lost,2026-04-01,,False,
D0765,C0164,U005,38745.67,Proposal Sent,lost,2025-11-03,,False,
D0766,C0249,U003,17269.8,Closed Lost,open,,,False,
D0767,C0081,U003,13484.12,Closed Won,won,,2026-05-08,False,
D0768,C0069,U012,33052.57,Prospecting,open,2026-01-07,,False,
D0769,C0390,U002,79872.97,Proposal Sent,open,2026-01-01,,False,
D0770,C0053,U009,18393.86,Negotiation,open,2025-04-11,,False,
D0771,C0155,U006,6165.6,Closed Lost,open,2026-04-09,,False,
D0772,C0022,U002,44213.79,,won,2026-05-30,,False,
D0773,C0215,U007,25451.66,Qualified,lost,2026-06-17,,False,
D0774,C0112,U002,52910.68,Negotiation,lost,2026-03-22,2026-04-03,False,12.0
D0775,C0075,U003,29459.0,Closed Won,closed,,,False,
D0776,C0144,U006,56754.6,Prospecting,won,2026-04-17,,False,
D0777,C0394,U011,34115.06,Qualified,lost,,,False,
D0778,C0291,U007,9052.33,Proposal Sent,open,2026-02-01,,False,
D0779,C0249,U007,67757.38,Closed Lost,lost,2026-04-01,2026-06-20,False,80.0
D0780,C0250,U009,45961.62,,,,,False,
D0781,C0265,U010,21138.62,Proposal Sent,open,2025-12-20,,False,
D0782,C0238,U003,77598.72,Prospecting,open,2026-02-16,,False,
D0783,C0072,U014,19097.0,,lost,2026-01-18,,False,
D0784,C0191,U012,6015.96,Prospecting,lost,,,False,
D0785,C0015,U003,21961.32,Closed Won,open,2026-02-04,,False,
D0786,C0236,U012,,Qualified,closed,,,False,
D0787,C0326,U012,14516.59,Prospecting,won,,2026-02-21,False,
D0788,C0080,U001,80678.2,Closed Won,lost,,2026-05-18,False,
D0789,C0154,U012,24197.61,Proposal Sent,lost,2026-04-27,,False,
D0790,C0312,U001,70179.16,Proposal Sent,lost,2026-02-14,,False,
D0791,C0240,U006,6065.08,Closed Won,lost,,,False,
D0792,C0183,U010,21501.0,Negotiation,open,2026-02-25,,False,
D0793,C0383,U005,18344.11,Proposal Sent,closed,2026-03-01,,False,
D0794,C0285,U001,27767.45,Closed Lost,open,,2026-01-03,False,
D0795,C0201,U009,62094.96,Proposal Sent,lost,2026-05-18,2026-07-10,False,53.0
D0796,C0050,U009,50529.16,Qualified,open,2025-12-13,,False,
D0797,C0075,U011,9289.79,Closed Lost,open,2026-03-19,,False,
D0798,C0252,U009,67076.88,Closed Lost,lost,,,False,
D0799,C0360,U013,84750.29,Closed Won,won,,,False,
D0800,C0048,U013,65487.5,Prospecting,open,2026-01-08,,False,
D0801,C0228,U006,7191.51,Qualified,won,2026-01-15,,False,
D0802,C0130,U008,55799.39,Proposal Sent,,,,False,
D0803,C0184,U014,73059.58,Negotiation,lost,,2026-07-12,False,
D0804,C0158,U006,39082.7,Prospecting,lost,2026-04-16,,False,
D0805,C0375,U013,2163.24,Proposal Sent,closed,2025-12-16,,False,
D0806,C0431,U002,57374.07,Proposal Sent,lost,,,False,
D0807,C0054,U002,78107.94,Qualified,open,2026-02-12,,False,
D0808,C0033,U006,19255.04,Negotiation,,,,False,
D0809,C0077,U008,48945.25,Qualified,won,2026-04-06,,False,
D0810,C0399,U007,19159.66,Closed Lost,won,2026-06-02,,False,
D0811,C0042,U003,8322.71,Prospecting,won,,,False,
D0812,C0092,U014,76228.88,Prospecting,open,,,False,
D0813,C0176,U007,59017.0,Closed Lost,,,2026-07-12,False,
D0814,C0197,U014,66886.54,Prospecting,closed,,,False,
D0815,C0311,U003,14067.27,Negotiation,lost,,,False,
D0816,C0132,U009,80267.53,Prospecting,,,,False,
D0817,C0109,U012,66161.1,Proposal Sent,lost,2025-11-27,2026-02-07,False,72.0
D0818,C0008,U006,76370.69,Closed Won,open,2025-03-11,,False,
D0819,C0209,U007,37058.41,Closed Won,lost,2026-05-21,2026-01-08,True,
D0820,C0088,U009,,Qualified,closed,,,False,
D0821,C0355,U010,68795.97,Prospecting,open,,,False,
D0822,C0052,U008,54399.35,,open,,,False,
D0823,C0106,U004,11060.84,Closed Lost,closed,,,False,
D0824,C0209,U014,66813.37,Closed Won,open,,,False,
D0825,C0340,U004,2797.0,Prospecting,lost,,2026-04-02,False,
D0826,C0160,U006,47904.26,Qualified,lost,2026-12-05,2026-06-14,True,
D0827,C0216,U003,76998.31,Closed Won,open,2025-11-02,,False,
D0828,C0254,U002,14780.94,Closed Won,won,2026-05-12,2026-07-24,False,73.0
D0829,C0076,U001,49244.79,,open,2026-12-03,,False,
D0830,C0394,U006,,Qualified,won,2026-05-18,,False,
D0831,C0390,U005,79570.49,Prospecting,won,,,False,
D0832,C0231,U010,,Prospecting,open,2025-11-21,,False,
D0833,C0183,U014,42501.59,Proposal Sent,lost,,,False,
D0834,C0105,U011,54401.58,Closed Won,lost,,,False,
D0835,C0089,U011,82988.98,Prospecting,open,,,False,
D0836,C0003,U003,17602.58,Closed Lost,won,,,False,
D0837,C0108,U014,3963.05,Closed Won,open,2026-01-14,,False,
D0838,C0100,U002,26075.79,Closed Won,closed,,,False,
D0839,C0126,U003,10091.7,Proposal Sent,won,2025-12-29,,False,
D0840,C0218,U008,53513.07,Closed Won,won,,,False,
D0841,C0226,U003,22630.82,Prospecting,closed,,,False,
D0842,C0015,U002,67539.85,Qualified,lost,,2026-08-05,False,
D0843,C0072,U013,2304.36,Negotiation,open,2025-11-05,,False,
D0844,C0402,U006,,Proposal Sent,closed,2025-11-11,,False,
D0845,C0140,U012,64642.8,Prospecting,lost,2026-03-13,,False,
D0846,C0248,U008,11458.13,Prospecting,won,,2026-01-20,False,
D0847,C0010,U005,,Prospecting,open,2026-04-06,,False,
D0848,C0269,U009,2858.74,Prospecting,lost,2026-09-02,2026-05-05,True,
D0849,C0160,U013,47963.59,Closed Won,lost,,,False,
D0850,C0248,U014,10079.0,Prospecting,lost,2025-12-25,,False,
D0851,C0435,U012,8849.4,Closed Won,won,,,False,
D0852,C0130,U013,5508.28,Prospecting,open,,,False,
D0853,C0192,U005,50218.34,Qualified,open,2026-01-25,,False,
D0854,C0447,U014,57297.64,Closed Won,,2026-09-01,,False,
D0855,C0141,U006,,Closed Lost,won,,,False,
D0856,C0333,U011,7774.56,Proposal Sent,open,2026-04-16,,False,
D0857,C0195,U004,18923.23,Closed Lost,open,,2026-01-06,False,
D0858,C0358,U008,10322.65,Qualified,closed,,,False,
D0859,C0437,U010,,Closed Lost,won,,2026-07-31,False,
D0860,C0327,U002,74662.39,Qualified,,,,False,
D0861,C0014,U008,30888.39,Closed Lost,,,,False,
D0862,C0075,U007,29367.25,Closed Lost,lost,2025-12-25,,False,
D0863,C0097,U005,51103.11,Proposal Sent,lost,,,False,
D0864,C0326,U004,5937.0,Prospecting,won,2026-01-08,,False,
D0865,C0113,U010,9958.91,Closed Won,lost,,,False,
D0866,C0398,U004,25546.22,Closed Won,won,,2026-09-04,False,
D0867,C0430,U012,27811.89,Proposal Sent,open,,,False,
D0868,C0007,U011,3239.04,Closed Lost,lost,2026-06-13,,False,
D0869,C0300,U006,74413.75,Closed Lost,open,,,False,
D0870,C0344,U005,43512.73,Proposal Sent,closed,2025-11-11,,False,
D0871,C0372,U006,,Closed Lost,,,,False,
D0872,C0152,U012,66172.95,Negotiation,closed,,,False,
D0873,C0136,U011,13849.68,Closed Lost,open,2026-01-21,,False,
D0874,C0015,U004,63654.0,Closed Won,lost,2025-12-14,2026-01-12,False,29.0
D0875,C0226,U009,30628.56,Qualified,won,,,False,
D0876,C0292,U009,37693.88,Negotiation,open,,,False,
D0877,C0005,U008,58357.08,Qualified,,,,False,
D0878,C0153,U008,68282.05,Negotiation,open,,,False,
D0879,C0299,U002,27036.1,Prospecting,,2026-01-09,,False,
D0880,C0069,U006,57054.72,Negotiation,closed,2026-06-01,,False,
D0881,C0072,U012,,Proposal Sent,lost,,,False,
D0882,C0410,U011,82236.72,Closed Won,lost,,,False,
D0883,C0284,U007,58557.0,Negotiation,open,,,False,
D0884,C0154,U002,47076.86,Negotiation,,2026-04-01,,False,
D0885,C0265,U008,79562.46,Negotiation,closed,2026-09-06,,False,
D0886,C0208,U008,3706.25,Prospecting,closed,2026-05-13,,False,
D0887,C0152,U013,32654.78,Proposal Sent,closed,,,False,
D0888,C0426,U007,1997.06,Qualified,lost,,,False,
D0889,C0028,U005,,Prospecting,lost,,,False,
D0890,C0375,U010,60081.32,Closed Lost,open,2026-08-05,,False,
D0891,C0341,U011,27459.38,Qualified,won,,,False,
D0892,C0057,U002,51916.52,Prospecting,open,2025-12-06,,False,
D0893,C0012,U014,34124.61,Closed Lost,,,,False,
D0894,C0413,U004,58390.26,,won,,,False,
D0895,C0092,U003,44211.5,Proposal Sent,open,,,False,
D0896,C0337,U002,24477.64,Closed Lost,lost,,,False,
D0897,C0073,U001,11530.56,Negotiation,,2025-11-28,,False,
D0898,C0450,U011,81893.51,Closed Lost,open,,,False,
D0899,C0079,U006,19100.14,Closed Lost,closed,,,False,
D0900,C0331,U003,61217.72,Closed Won,lost,,,False,
D0860,C0327,U002,74662.39,Qualified,,,,False,
D0661,C0115,U014,18685.76,Negotiation,lost,2025-11-27,,False,
D0496,C0369,U014,59550.04,,lost,2026-05-21,,False,
D0386,C0020,U007,76354.47,Proposal Sent,won,2026-04-07,,False,
D0484,C0214,U011,24271.45,Prospecting,won,,,False,
D0621,C0448,U007,47471.09,Qualified,lost,,,False,
D0675,C0041,U009,,Proposal Sent,lost,,,False,
D0185,C0139,U014,62703.23,Closed Won,open,,,False,
D0590,C0414,U011,49020.04,Closed Won,open,,2026-06-03,False,
D0726,C0367,U011,52326.7,Closed Won,won,,2026-03-19,False,
D0520,C0060,U005,76961.81,Closed Lost,lost,2026-06-24,2026-08-05,False,42.0
D0795,C0201,U009,62094.96,Proposal Sent,lost,2026-05-18,2026-07-10,False,53.0
D0675,C0041,U009,,Proposal Sent,lost,,,False,
D0539,C0314,U004,57199.21,Negotiation,open,,,False,
D0266,C0055,U002,5155.4,Closed Lost,open,2026-05-15,,False,
D0133,C0046,U013,61917.56,Closed Lost,open,2025-11-08,,False,
D0715,C0178,U010,19021.6,,closed,2025-12-16,,False,
D0332,C0209,U002,39234.18,Closed Lost,won,,2026-12-07,False,
D0603,C0329,U011,44687.28,Prospecting,,2026-03-25,,False,
D0595,C0024,U005,38979.94,Closed Won,closed,2026-05-12,,False,
