transaction_id,customer_id,transaction_date,amount,segment,order_id
1000,105,2026-06-16 13:17:53,82.87,Enterprise,5000
1001,104,2026-07-06 22:36:08,77.15,Enterprise,5001
1002,106,2026-07-22 23:36:17,15.34,Mid-Market,5002
1003,109,2026-05-26 21:02:39,141.68,Enterprise,5003
1004,103,2026-05-27 14:32:01,181.37,Mid-Market,5004
1005,107,2026-06-03 22:23:10,89.18,SMB,5005
1006,102,2026-06-17 00:00:47,182.66,Enterprise,5006
1007,107,2026-06-29 21:32:14,280.35,Enterprise,5007
1008,102,2026-07-17 16:43:25,303.2,Enterprise,5008
1009,106,2026-07-23 16:18:57,28.62,Mid-Market,5009
1010,108,2026-07-08 02:50:25,263.14,SMB,5010
1011,102,2026-05-26 14:39:45,249.77,Enterprise,5011
1012,109,2026-07-01 21:00:01,143.88,SMB,5012
1013,101,2026-06-10 15:51:37,101.44,SMB,5013
1014,103,2026-07-01 22:43:53,358.73,Mid-Market,5014
1015,107,2026-05-27 15:02:20,384.77,SMB,5015
1016,108,2026-07-13 14:05:38,304.68,SMB,5016
1017,103,2026-06-11 17:26:00,67.02,SMB,5017
1018,107,2026-07-11 23:34:06,32.59,Mid-Market,5018
1019,103,2026-07-10 23:00:48,28.67,Enterprise,5019
1020,105,2026-06-16 17:28:57,123.44,Mid-Market,5020
1021,107,2026-06-10 17:24:48,141.04,Mid-Market,5021
1022,105,2026-07-03 18:15:04,394.09,Mid-Market,5022
1023,110,2026-06-27 21:30:50,68.11,Enterprise,5023
1024,109,2026-07-01 00:59:04,370.84,Enterprise,5024
1025,109,2026-06-14 16:52:34,225.9,Mid-Market,5025
1026,106,2026-06-22 21:36:46,110.16,Mid-Market,5026
1027,104,2026-07-02 03:11:03,122.39,Enterprise,5027
1028,108,2026-06-17 00:23:12,31.05,SMB,5028
1029,105,2026-06-06 16:06:38,165.11,SMB,5029
1030,110,2026-07-24 23:07:17,443.76,Enterprise,5030
1031,101,2026-06-23 15:49:05,331.77,Enterprise,5031
1032,101,2026-07-01 23:54:39,80.56,Mid-Market,5032
1033,104,2026-05-27 17:57:41,22.22,SMB,5033
1034,104,2026-07-23 00:28:54,424.13,Mid-Market,5034
1035,109,2026-06-15 23:21:00,64.36,SMB,5035
1036,110,2026-07-02 23:25:54,442.24,Enterprise,5036
1037,105,2026-06-03 23:59:13,406.68,Mid-Market,5037
1038,103,2026-05-28 00:25:42,387.5,Mid-Market,5038
1039,101,2026-06-01 20:08:50,85.31,Enterprise,5039
1040,109,2026-06-17 14:25:13,303.62,SMB,5040
1041,106,2026-06-26 16:42:59,210.06,Enterprise,5041
1042,105,2026-06-14 21:27:47,92.79,Mid-Market,5042
1043,101,2026-05-30 21:57:44,251.01,Mid-Market,5043
1044,106,2026-05-27 15:38:15,440.82,SMB,5044
1045,105,2026-06-04 17:33:27,233.65,SMB,5045
1046,103,2026-06-28 03:55:01,263.82,Mid-Market,5046
1047,105,2026-06-06 21:32:31,399.32,Enterprise,5047
1048,105,2026-05-26 14:31:12,263.95,Mid-Market,5048
1049,107,2026-05-26 13:39:29,131.79,Enterprise,5049
1050,106,2026-07-23 00:18:30,317.77,Mid-Market,5050
1051,106,2026-06-15 23:28:14,171.01,SMB,5051
1052,101,2026-06-28 23:43:21,74.43,SMB,5052
1053,110,2026-06-01 17:18:06,367.4,SMB,5053
1054,109,2026-06-30 16:02:54,288.13,Mid-Market,5054
1055,103,2026-07-05 14:44:47,162.03,Mid-Market,5055
1056,103,2026-06-27 14:37:39,217.54,Mid-Market,5056
1057,110,2026-07-03 16:11:09,372.83,SMB,5057
1058,105,2026-06-01 17:27:53,133.12,Mid-Market,5058
1059,104,2026-06-12 00:54:16,193.94,Enterprise,5059
1060,102,2026-06-21 00:44:48,239.59,SMB,5060
1061,110,2026-06-25 14:41:33,49.13,Mid-Market,5061
1062,105,2026-06-18 16:37:52,40.31,Mid-Market,5062
1063,109,2026-05-28 23:28:07,302.19,SMB,5063
1064,106,2026-06-02 15:21:56,332.57,Enterprise,5064
1065,106,2026-07-22 14:09:24,21.26,SMB,5065
1066,104,2026-07-11 15:11:31,91.27,Enterprise,5066
1067,104,2026-07-09 14:39:22,90.34,Enterprise,5067
1068,105,2026-06-25 18:50:07,400.71,SMB,5068
1069,101,2026-06-03 23:41:03,249.63,Mid-Market,5069
1070,102,2026-06-10 14:44:06,26.53,Mid-Market,5070
1071,103,2026-06-23 20:48:11,294.83,SMB,5071
1072,103,2026-06-22 17:23:49,371.89,Mid-Market,5072
1073,102,2026-06-15 16:31:48,31.95,SMB,5073
1074,110,2026-06-06 03:34:53,311.5,Enterprise,5074
1075,105,2026-06-21 15:56:03,166.53,Mid-Market,5075
1076,109,2026-07-15 00:35:40,253.37,Mid-Market,5076
1077,104,2026-06-19 01:11:26,176.83,Mid-Market,5077
1078,101,2026-06-16 15:28:24,310.73,Enterprise,5078
1079,101,2026-07-02 19:30:44,234.78,Enterprise,5079
1080,101,2026-06-07 17:01:42,38.27,SMB,5080
1081,104,2026-06-14 19:53:33,264.45,SMB,5081
1082,109,2026-06-08 17:25:49,255.86,SMB,5082
1083,107,2026-07-04 21:44:04,54.67,Enterprise,5083
1084,105,2026-06-13 14:29:03,335.61,Enterprise,5084
1085,109,2026-06-26 23:13:49,346.26,Mid-Market,5085
1086,108,2026-06-11 22:53:15,46.65,Mid-Market,5086
1087,105,2026-06-06 02:55:32,116.45,Mid-Market,5087
1088,101,2026-07-18 00:38:09,427.05,Enterprise,5088
1089,103,2026-06-30 21:54:01,353.06,Mid-Market,5089
1090,107,2026-06-01 18:34:42,203.99,SMB,5090
1091,108,2026-06-10 21:02:41,66.12,Enterprise,5091
1092,109,2026-06-15 01:47:33,178.07,Mid-Market,5092
1093,106,2026-06-07 00:22:08,363.92,SMB,5093
1094,106,2026-06-10 15:13:40,417.22,Enterprise,5094
1095,109,2026-05-26 22:41:41,242.55,Enterprise,5095
1096,105,2026-06-14 15:30:00,318.16,Enterprise,5096
1097,110,2026-07-22 19:49:49,428.43,Mid-Market,5097
1098,108,2026-07-17 14:32:08,88.81,Enterprise,5098
1099,105,2026-06-19 23:00:11,438.86,Enterprise,5099
1100,105,2026-06-29 03:51:28,369.0,SMB,5100
1101,106,2026-06-27 17:14:26,428.16,SMB,5101
1102,102,2026-07-21 02:50:05,254.94,Enterprise,5102
1103,102,2026-07-21 00:07:00,444.47,SMB,5103
1104,101,2026-06-06 23:35:39,379.67,SMB,5104
1105,107,2026-06-21 15:59:40,391.15,Mid-Market,5105
1106,105,2026-07-08 17:22:58,269.54,Mid-Market,5106
1107,105,2026-06-02 18:41:44,210.99,SMB,5107
1108,101,2026-06-09 17:47:57,307.19,SMB,5108
1109,110,2026-06-23 15:52:22,231.7,Mid-Market,5109
1110,101,2026-06-01 17:10:49,255.08,SMB,5110
1111,107,2026-07-20 22:03:44,343.48,Mid-Market,5111
1112,106,2026-07-04 17:09:22,283.51,Enterprise,5112
1113,103,2026-06-21 23:42:31,408.31,SMB,5113
1114,107,2026-06-04 00:36:46,242.77,SMB,5114
1115,101,2026-07-09 00:50:05,229.07,Enterprise,5115
1116,105,2026-05-26 17:26:55,166.12,Mid-Market,5116
1117,109,2026-06-12 22:09:14,215.15,Mid-Market,5117
1118,104,2026-07-09 16:44:53,94.12,Mid-Market,5118
1119,102,2026-05-30 14:57:34,276.84,SMB,5119
1120,110,2026-06-04 17:42:33,92.0,Enterprise,5120
1121,110,2026-07-04 17:19:49,403.98,Mid-Market,5121
1122,110,2026-06-06 17:33:52,362.74,Enterprise,5122
1123,101,2026-05-29 20:30:18,135.44,Enterprise,5123
1124,108,2026-07-24 22:08:46,225.77,Enterprise,5124
1125,110,2026-06-29 14:36:59,30.96,Enterprise,5125
1126,102,2026-05-30 22:13:38,209.62,Enterprise,5126
1127,105,2026-06-20 14:35:06,94.29,Mid-Market,5127
1128,109,2026-06-16 15:38:35,402.38,Enterprise,5128
1129,102,2026-07-05 23:57:20,52.81,Mid-Market,5129
1130,101,2026-06-08 13:52:21,260.54,Enterprise,5130
1131,102,2026-06-13 16:08:35,121.29,Mid-Market,5131
1132,105,2026-05-27 23:03:28,59.28,SMB,5132
1133,108,2026-07-19 14:56:31,405.09,SMB,5133
1134,104,2026-05-31 15:20:24,448.81,Enterprise,5134
1135,106,2026-07-19 21:49:57,439.15,Mid-Market,5135
1136,108,2026-06-25 22:03:59,222.33,Enterprise,5136
1137,104,2026-06-10 22:34:07,200.06,Enterprise,5137
1138,110,2026-06-22 16:14:00,348.98,SMB,5138
1139,103,2026-06-17 22:24:48,37.54,Mid-Market,5139
1140,102,2026-06-05 17:37:51,155.22,SMB,5140
1141,101,2026-07-23 15:23:52,65.76,Mid-Market,5141
1142,101,2026-07-10 15:25:31,385.07,Mid-Market,5142
1143,109,2026-05-26 14:07:05,104.18,SMB,5143
1144,108,2026-06-20 14:38:01,375.15,Enterprise,5144
1145,105,2026-06-18 16:25:40,369.34,Mid-Market,5145
1146,110,2026-05-27 14:56:36,185.71,Mid-Market,5146
1147,103,2026-06-15 14:46:29,286.48,SMB,5147
1148,101,2026-06-22 13:27:36,406.31,Mid-Market,5148
1149,103,2026-05-31 17:20:21,251.14,Mid-Market,5149
