customer_id,customer_type,order_id,order_date,product_id,product_name,quantity,unit_price,line_total
1146,Enterprise,9942.0,2026-08-08,105.0,Product-105,4.0,70.93,283.72
1245,Enterprise,9924.0,2026-08-08,124.0,Product-124,9.0,463.08,4167.72
1529,Enterprise,9901.0,2026-08-07,116.0,Product-116,1.0,214.82,214.82
1795,Enterprise,9920.0,2026-08-07,131.0,Product-131,3.0,227.03,681.09
1822,Enterprise,9918.0,2026-08-07,145.0,Product-145,5.0,78.62,393.1
1209,Enterprise,9892.0,2026-08-06,136.0,Product-136,8.0,365.19,2921.52
1209,Enterprise,9892.0,2026-08-06,150.0,Product-150,4.0,188.89,755.56
1335,Enterprise,9891.0,2026-08-06,115.0,Product-115,1.0,350.66,350.66
1335,Enterprise,9891.0,2026-08-06,130.0,Product-130,9.0,296.71,2670.39
1335,Enterprise,9891.0,2026-08-06,138.0,Product-138,3.0,162.38,487.14
1611,Enterprise,9895.0,2026-08-06,119.0,Product-119,1.0,181.62,181.62
1611,Enterprise,9895.0,2026-08-06,131.0,Product-131,1.0,227.03,227.03
1702,Enterprise,9898.0,2026-08-06,105.0,Product-105,2.0,70.93,141.86
1702,Enterprise,9898.0,2026-08-06,129.0,Product-129,7.0,115.01,805.07
1857,Enterprise,9875.0,2026-08-06,122.0,Product-122,6.0,339.04,2034.24
1857,Enterprise,9875.0,2026-08-06,124.0,Product-124,1.0,463.08,463.08
1857,Enterprise,9875.0,2026-08-06,127.0,Product-127,8.0,173.17,1385.36
1030,Enterprise,9852.0,2026-08-05,106.0,Product-106,6.0,114.99,689.94
1030,Enterprise,9852.0,2026-08-05,109.0,Product-109,1.0,314.79,314.79
1030,Enterprise,9852.0,2026-08-05,135.0,Product-135,1.0,347.95,347.95
1457,Enterprise,9865.0,2026-08-05,143.0,Product-143,3.0,251.99,755.97
1564,Enterprise,9874.0,2026-08-05,107.0,Product-107,3.0,41.6,124.8
1564,Enterprise,9874.0,2026-08-05,145.0,Product-145,6.0,78.62,471.72
1819,Enterprise,9851.0,2026-08-05,128.0,Product-128,2.0,193.05,386.1
1471,Enterprise,9813.0,2026-08-03,144.0,Product-144,3.0,14.75,44.25
1875,Enterprise,9809.0,2026-08-03,102.0,Product-102,9.0,24.21,217.89
1129,Enterprise,9781.0,2026-08-02,137.0,Product-137,1.0,352.08,352.08
1149,Enterprise,9788.0,2026-08-02,106.0,Product-106,2.0,114.99,229.98
1378,Enterprise,9787.0,2026-08-02,134.0,Product-134,4.0,407.11,1628.44
1765,Enterprise,9798.0,2026-08-02,128.0,Product-128,3.0,193.05,579.15
1899,Enterprise,9786.0,2026-08-02,125.0,Product-125,8.0,65.13,521.04
1899,Enterprise,9786.0,2026-08-02,147.0,Product-147,7.0,293.51,2054.57
1471,Enterprise,9775.0,2026-08-01,118.0,Product-118,2.0,328.05,656.1
1471,Enterprise,9775.0,2026-08-01,119.0,Product-119,6.0,181.62,1089.72
1471,Enterprise,9775.0,2026-08-01,128.0,Product-128,5.0,193.05,965.25
1073,Enterprise,9750.0,2026-07-31,114.0,Product-114,6.0,16.25,97.5
1073,Enterprise,9750.0,2026-07-31,138.0,Product-138,4.0,162.38,649.52
1370,Enterprise,9731.0,2026-07-31,103.0,Product-103,9.0,348.01,3132.09
1370,Enterprise,9731.0,2026-07-31,111.0,Product-111,8.0,410.38,3283.04
1370,Enterprise,9731.0,2026-07-31,128.0,Product-128,9.0,193.05,1737.45
1375,Enterprise,9740.0,2026-07-31,106.0,Product-106,2.0,114.99,229.98
1355,Enterprise,9717.0,2026-07-30,115.0,Product-115,9.0,350.66,3155.94
1851,Enterprise,9685.0,2026-07-29,112.0,Product-112,2.0,431.89,863.78
1851,Enterprise,9685.0,2026-07-29,120.0,Product-120,1.0,459.38,459.38
1851,Enterprise,9685.0,2026-07-29,138.0,Product-138,7.0,162.38,1136.66
1149,Enterprise,9680.0,2026-07-28,123.0,Product-123,4.0,12.14,48.56
1822,Enterprise,9672.0,2026-07-28,110.0,Product-110,7.0,257.81,1804.67
1822,Enterprise,9672.0,2026-07-28,144.0,Product-144,5.0,14.75,73.75
1702,Enterprise,9650.0,2026-07-27,105.0,Product-105,2.0,70.93,141.86
1883,Enterprise,9651.0,2026-07-27,116.0,Product-116,8.0,214.82,1718.56
1471,Enterprise,9621.0,2026-07-26,115.0,Product-115,2.0,350.66,701.32
1471,Enterprise,9621.0,2026-07-26,124.0,Product-124,5.0,463.08,2315.4
1471,Enterprise,9621.0,2026-07-26,130.0,Product-130,4.0,296.71,1186.84
1238,Enterprise,9602.0,2026-07-25,114.0,Product-114,5.0,16.25,81.25
1286,Enterprise,9596.0,2026-07-25,129.0,Product-129,6.0,115.01,690.06
1473,Enterprise,9588.0,2026-07-25,109.0,Product-109,3.0,314.79,944.37
1473,Enterprise,9588.0,2026-07-25,146.0,Product-146,7.0,167.82,1174.74
1498,Enterprise,9600.0,2026-07-25,101.0,Product-101,2.0,240.45,480.9
1498,Enterprise,9600.0,2026-07-25,104.0,Product-104,2.0,246.1,492.2
1498,Enterprise,9600.0,2026-07-25,137.0,Product-137,7.0,352.08,2464.56
1487,Enterprise,9557.0,2026-07-23,126.0,Product-126,2.0,56.49,112.98
1487,Enterprise,9557.0,2026-07-23,140.0,Product-140,5.0,143.51,717.55
1702,Enterprise,9548.0,2026-07-23,138.0,Product-138,2.0,162.38,324.76
1702,Enterprise,9548.0,2026-07-23,140.0,Product-140,4.0,143.51,574.04
1206,Enterprise,9535.0,2026-07-22,111.0,Product-111,6.0,410.38,2462.28
1206,Enterprise,9535.0,2026-07-22,117.0,Product-117,7.0,287.12,2009.84
1611,Enterprise,9537.0,2026-07-22,149.0,Product-149,9.0,472.25,4250.25
1011,Enterprise,9425.0,2026-07-18,143.0,Product-143,8.0,251.99,2015.92
1238,Enterprise,9435.0,2026-07-18,143.0,Product-143,1.0,251.99,251.99
1355,Enterprise,9436.0,2026-07-18,143.0,Product-143,8.0,251.99,2015.92
1375,Enterprise,9424.0,2026-07-18,116.0,Product-116,6.0,214.82,1288.92
1375,Enterprise,9424.0,2026-07-18,126.0,Product-126,1.0,56.49,56.49
1375,Enterprise,9424.0,2026-07-18,137.0,Product-137,8.0,352.08,2816.64
1471,Enterprise,9420.0,2026-07-18,144.0,Product-144,7.0,14.75,103.25
1101,Enterprise,9409.0,2026-07-17,120.0,Product-120,8.0,459.38,3675.04
1101,Enterprise,9409.0,2026-07-17,146.0,Product-146,1.0,167.82,167.82
1110,Enterprise,9395.0,2026-07-17,114.0,Product-114,1.0,16.25,16.25
1516,Enterprise,9412.0,2026-07-17,125.0,Product-125,6.0,65.13,390.78
1516,Enterprise,9412.0,2026-07-17,136.0,Product-136,5.0,365.19,1825.95
1084,Enterprise,9385.0,2026-07-16,121.0,Product-121,4.0,75.65,302.6
1564,Enterprise,9382.0,2026-07-16,123.0,Product-123,1.0,12.14,12.14
1564,Enterprise,9382.0,2026-07-16,131.0,Product-131,1.0,227.03,227.03
1899,Enterprise,9386.0,2026-07-16,107.0,Product-107,7.0,41.6,291.2
1899,Enterprise,9386.0,2026-07-16,110.0,Product-110,7.0,257.81,1804.67
1073,Enterprise,9344.0,2026-07-14,129.0,Product-129,9.0,115.01,1035.09
1587,Enterprise,9319.0,2026-07-13,103.0,Product-103,3.0,348.01,1044.03
1043,Enterprise,9298.0,2026-07-12,127.0,Product-127,5.0,173.17,865.85
1059,Enterprise,9297.0,2026-07-12,123.0,Product-123,4.0,12.14,48.56
1059,Enterprise,9297.0,2026-07-12,150.0,Product-150,7.0,188.89,1322.23
1375,Enterprise,9296.0,2026-07-12,116.0,Product-116,2.0,214.82,429.64
1851,Enterprise,9277.0,2026-07-12,117.0,Product-117,3.0,287.12,861.36
1851,Enterprise,9277.0,2026-07-12,139.0,Product-139,9.0,58.84,529.56
1851,Enterprise,9277.0,2026-07-12,148.0,Product-148,7.0,46.8,327.6
1425,Enterprise,9271.0,2026-07-11,131.0,Product-131,4.0,227.03,908.12
1425,Enterprise,9271.0,2026-07-11,140.0,Product-140,3.0,143.51,430.53
1471,Enterprise,9266.0,2026-07-11,124.0,Product-124,4.0,463.08,1852.32
1857,Enterprise,9274.0,2026-07-11,111.0,Product-111,2.0,410.38,820.76
1355,Enterprise,9217.0,2026-07-09,116.0,Product-116,3.0,214.82,644.46
1355,Enterprise,9217.0,2026-07-09,135.0,Product-135,8.0,347.95,2783.6
1355,Enterprise,9217.0,2026-07-09,143.0,Product-143,6.0,251.99,1511.94
1515,Enterprise,9218.0,2026-07-09,131.0,Product-131,2.0,227.03,454.06
1459,Enterprise,9198.0,2026-07-08,132.0,Product-132,8.0,26.75,214.0
1129,Enterprise,9120.0,2026-07-05,125.0,Product-125,1.0,65.13,65.13
1378,Enterprise,9123.0,2026-07-05,128.0,Product-128,6.0,193.05,1158.3
1437,Enterprise,9129.0,2026-07-05,101.0,Product-101,6.0,240.45,1442.7
1437,Enterprise,9129.0,2026-07-05,130.0,Product-130,5.0,296.71,1483.55
1437,Enterprise,9129.0,2026-07-05,142.0,Product-142,8.0,490.43,3923.44
1059,Enterprise,9086.0,2026-07-04,113.0,Product-113,2.0,311.66,623.32
1059,Enterprise,9086.0,2026-07-04,119.0,Product-119,8.0,181.62,1452.96
1336,Enterprise,9098.0,2026-07-04,116.0,Product-116,3.0,214.82,644.46
1899,Enterprise,9067.0,2026-07-03,113.0,Product-113,8.0,311.66,2493.28
1899,Enterprise,9067.0,2026-07-03,146.0,Product-146,4.0,167.82,671.28
1355,Enterprise,9051.0,2026-07-02,110.0,Product-110,5.0,257.81,1289.05
1059,Enterprise,9011.0,2026-07-01,112.0,Product-112,7.0,431.89,3023.23
1059,Enterprise,9011.0,2026-07-01,114.0,Product-114,5.0,16.25,81.25
1348,Enterprise,9029.0,2026-07-01,121.0,Product-121,7.0,75.65,529.55
1206,Enterprise,9008.0,2026-06-30,135.0,Product-135,8.0,347.95,2783.6
1292,Enterprise,8987.0,2026-06-30,114.0,Product-114,9.0,16.25,146.25
1333,Enterprise,8996.0,2026-06-30,108.0,Product-108,4.0,291.4,1165.6
1333,Enterprise,8996.0,2026-06-30,148.0,Product-148,2.0,46.8,93.6
1335,Enterprise,8988.0,2026-06-30,138.0,Product-138,2.0,162.38,324.76
1335,Enterprise,8998.0,2026-06-30,110.0,Product-110,7.0,257.81,1804.67
1851,Enterprise,9005.0,2026-06-30,150.0,Product-150,9.0,188.89,1700.01
1899,Enterprise,8968.0,2026-06-29,122.0,Product-122,6.0,339.04,2034.24
1073,Enterprise,8948.0,2026-06-28,119.0,Product-119,2.0,181.62,363.24
1336,Enterprise,8955.0,2026-06-28,116.0,Product-116,8.0,214.82,1718.56
1336,Enterprise,8955.0,2026-06-28,148.0,Product-148,7.0,46.8,327.6
1425,Enterprise,8956.0,2026-06-28,109.0,Product-109,1.0,314.79,314.79
1629,Enterprise,8940.0,2026-06-28,127.0,Product-127,7.0,173.17,1212.19
1822,Enterprise,8946.0,2026-06-28,132.0,Product-132,2.0,26.75,53.5
1007,Enterprise,8924.0,2026-06-27,133.0,Product-133,6.0,166.63,999.78
1007,Enterprise,8924.0,2026-06-27,140.0,Product-140,4.0,143.51,574.04
1529,Enterprise,8932.0,2026-06-27,147.0,Product-147,7.0,293.51,2054.57
1765,Enterprise,8936.0,2026-06-27,144.0,Product-144,3.0,14.75,44.25
1245,Enterprise,8910.0,2026-06-26,140.0,Product-140,8.0,143.51,1148.08
1011,Enterprise,8876.0,2026-06-25,110.0,Product-110,7.0,257.81,1804.67
1011,Enterprise,8876.0,2026-06-25,132.0,Product-132,6.0,26.75,160.5
1206,Enterprise,8877.0,2026-06-25,120.0,Product-120,8.0,459.38,3675.04
1206,Enterprise,8877.0,2026-06-25,134.0,Product-134,3.0,407.11,1221.33
1206,Enterprise,8877.0,2026-06-25,141.0,Product-141,6.0,417.57,2505.42
1372,Enterprise,8846.0,2026-06-24,107.0,Product-107,8.0,41.6,332.8
1372,Enterprise,8846.0,2026-06-24,113.0,Product-113,2.0,311.66,623.32
1372,Enterprise,8846.0,2026-06-24,123.0,Product-123,8.0,12.14,97.12
1558,Enterprise,8845.0,2026-06-24,140.0,Product-140,2.0,143.51,287.02
1425,Enterprise,8826.0,2026-06-23,104.0,Product-104,7.0,246.1,1722.7
1425,Enterprise,8826.0,2026-06-23,122.0,Product-122,8.0,339.04,2712.32
1457,Enterprise,8838.0,2026-06-23,121.0,Product-121,9.0,75.65,680.85
1457,Enterprise,8838.0,2026-06-23,150.0,Product-150,3.0,188.89,566.67
1471,Enterprise,8833.0,2026-06-23,116.0,Product-116,9.0,214.82,1933.38
1069,Enterprise,8785.0,2026-06-21,108.0,Product-108,2.0,291.4,582.8
1129,Enterprise,8786.0,2026-06-21,121.0,Product-121,8.0,75.65,605.2
1312,Enterprise,8791.0,2026-06-21,102.0,Product-102,3.0,24.21,72.63
1312,Enterprise,8791.0,2026-06-21,147.0,Product-147,1.0,293.51,293.51
1860,Enterprise,8776.0,2026-06-21,102.0,Product-102,7.0,24.21,169.47
1860,Enterprise,8776.0,2026-06-21,105.0,Product-105,6.0,70.93,425.58
1860,Enterprise,8776.0,2026-06-21,148.0,Product-148,9.0,46.8,421.2
1129,Enterprise,8765.0,2026-06-20,129.0,Product-129,6.0,115.01,690.06
1129,Enterprise,8765.0,2026-06-20,137.0,Product-137,2.0,352.08,704.16
1129,Enterprise,8765.0,2026-06-20,142.0,Product-142,9.0,490.43,4413.87
1822,Enterprise,8761.0,2026-06-20,108.0,Product-108,5.0,291.4,1457.0
1822,Enterprise,8761.0,2026-06-20,111.0,Product-111,3.0,410.38,1231.14
1822,Enterprise,8761.0,2026-06-20,137.0,Product-137,8.0,352.08,2816.64
1875,Enterprise,8760.0,2026-06-20,111.0,Product-111,5.0,410.38,2051.9
1875,Enterprise,8760.0,2026-06-20,139.0,Product-139,4.0,58.84,235.36
1875,Enterprise,8760.0,2026-06-20,149.0,Product-149,7.0,472.25,3305.75
1335,Enterprise,8744.0,2026-06-19,138.0,Product-138,4.0,162.38,649.52
1335,Enterprise,8744.0,2026-06-19,142.0,Product-142,2.0,490.43,980.86
1073,Enterprise,8715.0,2026-06-18,101.0,Product-101,5.0,240.45,1202.25
1073,Enterprise,8715.0,2026-06-18,119.0,Product-119,8.0,181.62,1452.96
1073,Enterprise,8715.0,2026-06-18,126.0,Product-126,6.0,56.49,338.94
1857,Enterprise,8719.0,2026-06-18,121.0,Product-121,5.0,75.65,378.25
1857,Enterprise,8719.0,2026-06-18,136.0,Product-136,5.0,365.19,1825.95
1069,Enterprise,8678.0,2026-06-17,142.0,Product-142,5.0,490.43,2452.15
1043,Enterprise,8660.0,2026-06-16,145.0,Product-145,6.0,78.62,471.72
1073,Enterprise,8656.0,2026-06-16,105.0,Product-105,8.0,70.93,567.44
1860,Enterprise,8658.0,2026-06-16,115.0,Product-115,2.0,350.66,701.32
1860,Enterprise,8658.0,2026-06-16,128.0,Product-128,3.0,193.05,579.15
1073,Enterprise,8631.0,2026-06-15,126.0,Product-126,7.0,56.49,395.43
1073,Enterprise,8631.0,2026-06-15,129.0,Product-129,6.0,115.01,690.06
1370,Enterprise,8641.0,2026-06-15,143.0,Product-143,3.0,251.99,755.97
1795,Enterprise,8642.0,2026-06-15,102.0,Product-102,4.0,24.21,96.84
1795,Enterprise,8642.0,2026-06-15,147.0,Product-147,5.0,293.51,1467.55
1007,Enterprise,8623.0,2026-06-14,146.0,Product-146,8.0,167.82,1342.56
1301,Enterprise,8621.0,2026-06-14,109.0,Product-109,5.0,314.79,1573.95
1059,Enterprise,8597.0,2026-06-13,108.0,Product-108,5.0,291.4,1457.0
1059,Enterprise,8597.0,2026-06-13,129.0,Product-129,9.0,115.01,1035.09
1073,Enterprise,8589.0,2026-06-13,137.0,Product-137,1.0,352.08,352.08
1425,Enterprise,8548.0,2026-06-11,114.0,Product-114,9.0,16.25,146.25
1084,Enterprise,8512.0,2026-06-10,136.0,Product-136,6.0,365.19,2191.14
1477,Enterprise,8522.0,2026-06-10,110.0,Product-110,3.0,257.81,773.43
1477,Enterprise,8522.0,2026-06-10,116.0,Product-116,2.0,214.82,429.64
1477,Enterprise,8522.0,2026-06-10,148.0,Product-148,2.0,46.8,93.6
1822,Enterprise,8521.0,2026-06-10,133.0,Product-133,8.0,166.63,1333.04
1822,Enterprise,8521.0,2026-06-10,142.0,Product-142,1.0,490.43,490.43
1033,Enterprise,8497.0,2026-06-09,128.0,Product-128,3.0,193.05,579.15
1059,Enterprise,8496.0,2026-06-09,131.0,Product-131,7.0,227.03,1589.21
1069,Enterprise,8493.0,2026-06-09,114.0,Product-114,7.0,16.25,113.75
1069,Enterprise,8493.0,2026-06-09,136.0,Product-136,2.0,365.19,730.38
1069,Enterprise,8493.0,2026-06-09,140.0,Product-140,6.0,143.51,861.06
1206,Enterprise,8469.0,2026-06-08,101.0,Product-101,5.0,240.45,1202.25
1206,Enterprise,8469.0,2026-06-08,148.0,Product-148,2.0,46.8,93.6
1313,Enterprise,8466.0,2026-06-08,127.0,Product-127,2.0,173.17,346.34
1313,Enterprise,8466.0,2026-06-08,132.0,Product-132,1.0,26.75,26.75
1313,Enterprise,8466.0,2026-06-08,136.0,Product-136,1.0,365.19,365.19
1375,Enterprise,8470.0,2026-06-08,110.0,Product-110,5.0,257.81,1289.05
1883,Enterprise,8465.0,2026-06-08,122.0,Product-122,4.0,339.04,1356.16
1336,Enterprise,8444.0,2026-06-07,113.0,Product-113,8.0,311.66,2493.28
1336,Enterprise,8444.0,2026-06-07,125.0,Product-125,4.0,65.13,260.52
1336,Enterprise,8444.0,2026-06-07,136.0,Product-136,8.0,365.19,2921.52
1851,Enterprise,8437.0,2026-06-07,133.0,Product-133,7.0,166.63,1166.41
1043,Enterprise,8423.0,2026-06-06,110.0,Product-110,7.0,257.81,1804.67
1043,Enterprise,8423.0,2026-06-06,134.0,Product-134,3.0,407.11,1221.33
1043,Enterprise,8423.0,2026-06-06,140.0,Product-140,7.0,143.51,1004.57
1078,Enterprise,8427.0,2026-06-06,113.0,Product-113,5.0,311.66,1558.3
1851,Enterprise,8422.0,2026-06-06,120.0,Product-120,9.0,459.38,4134.42
1851,Enterprise,8422.0,2026-06-06,126.0,Product-126,8.0,56.49,451.92
1073,Enterprise,8395.0,2026-06-05,140.0,Product-140,5.0,143.51,717.55
1245,Enterprise,8401.0,2026-06-05,114.0,Product-114,6.0,16.25,97.5
1245,Enterprise,8401.0,2026-06-05,122.0,Product-122,7.0,339.04,2373.28
1313,Enterprise,8389.0,2026-06-05,110.0,Product-110,6.0,257.81,1546.86
1313,Enterprise,8389.0,2026-06-05,127.0,Product-127,3.0,173.17,519.51
1477,Enterprise,8394.0,2026-06-05,106.0,Product-106,3.0,114.99,344.97
1477,Enterprise,8394.0,2026-06-05,145.0,Product-145,3.0,78.62,235.86
1515,Enterprise,8402.0,2026-06-05,113.0,Product-113,1.0,311.66,311.66
1378,Enterprise,8385.0,2026-06-04,108.0,Product-108,9.0,291.4,2622.6
1378,Enterprise,8385.0,2026-06-04,109.0,Product-109,1.0,314.79,314.79
1169,Enterprise,8316.0,2026-06-02,105.0,Product-105,8.0,70.93,567.44
1206,Enterprise,8326.0,2026-06-02,136.0,Product-136,5.0,365.19,1825.95
1206,Enterprise,8326.0,2026-06-02,139.0,Product-139,1.0,58.84,58.84
1702,Enterprise,8321.0,2026-06-02,102.0,Product-102,1.0,24.21,24.21
1357,Enterprise,8297.0,2026-06-01,116.0,Product-116,2.0,214.82,429.64
1357,Enterprise,8297.0,2026-06-01,145.0,Product-145,9.0,78.62,707.58
1515,Enterprise,8306.0,2026-06-01,114.0,Product-114,7.0,16.25,113.75
1471,Enterprise,8279.0,2026-05-31,108.0,Product-108,3.0,291.4,874.2
1471,Enterprise,8279.0,2026-05-31,133.0,Product-133,8.0,166.63,1333.04
1471,Enterprise,8279.0,2026-05-31,149.0,Product-149,4.0,472.25,1889.0
1084,Enterprise,8246.0,2026-05-30,110.0,Product-110,7.0,257.81,1804.67
1084,Enterprise,8246.0,2026-05-30,136.0,Product-136,3.0,365.19,1095.57
1084,Enterprise,8246.0,2026-05-30,144.0,Product-144,8.0,14.75,118.0
1558,Enterprise,8257.0,2026-05-30,105.0,Product-105,5.0,70.93,354.65
1558,Enterprise,8257.0,2026-05-30,121.0,Product-121,8.0,75.65,605.2
1558,Enterprise,8257.0,2026-05-30,135.0,Product-135,5.0,347.95,1739.75
1099,Enterprise,8228.0,2026-05-29,133.0,Product-133,7.0,166.63,1166.41
1883,Enterprise,8231.0,2026-05-29,150.0,Product-150,7.0,188.89,1322.23
1129,Enterprise,8176.0,2026-05-27,136.0,Product-136,6.0,365.19,2191.14
1611,Enterprise,8187.0,2026-05-27,108.0,Product-108,6.0,291.4,1748.4
1629,Enterprise,8184.0,2026-05-27,106.0,Product-106,1.0,114.99,114.99
1629,Enterprise,8184.0,2026-05-27,146.0,Product-146,3.0,167.82,503.46
1600,Enterprise,8135.0,2026-05-25,114.0,Product-114,3.0,16.25,48.75
1600,Enterprise,8135.0,2026-05-25,134.0,Product-134,9.0,407.11,3663.99
1245,Enterprise,8117.0,2026-05-24,121.0,Product-121,4.0,75.65,302.6
1245,Enterprise,8117.0,2026-05-24,142.0,Product-142,7.0,490.43,3433.01
1883,Enterprise,8109.0,2026-05-24,118.0,Product-118,5.0,328.05,1640.25
1883,Enterprise,8109.0,2026-05-24,138.0,Product-138,8.0,162.38,1299.04
1333,Enterprise,8078.0,2026-05-23,124.0,Product-124,3.0,463.08,1389.24
1333,Enterprise,8078.0,2026-05-23,142.0,Product-142,1.0,490.43,490.43
1357,Enterprise,8098.0,2026-05-23,109.0,Product-109,5.0,314.79,1573.95
1558,Enterprise,8053.0,2026-05-22,103.0,Product-103,7.0,348.01,2436.07
1459,Enterprise,8042.0,2026-05-21,142.0,Product-142,6.0,490.43,2942.58
1301,Enterprise,8010.0,2026-05-20,111.0,Product-111,8.0,410.38,3283.04
1301,Enterprise,8010.0,2026-05-20,120.0,Product-120,4.0,459.38,1837.52
1564,Enterprise,8024.0,2026-05-20,108.0,Product-108,1.0,291.4,291.4
1471,Enterprise,7982.0,2026-05-19,112.0,Product-112,6.0,431.89,2591.34
1471,Enterprise,7982.0,2026-05-19,123.0,Product-123,8.0,12.14,97.12
1471,Enterprise,7982.0,2026-05-19,128.0,Product-128,4.0,193.05,772.2
1516,Enterprise,7984.0,2026-05-19,113.0,Product-113,7.0,311.66,2181.62
1529,Enterprise,7999.0,2026-05-19,101.0,Product-101,8.0,240.45,1923.6
1529,Enterprise,7999.0,2026-05-19,105.0,Product-105,5.0,70.93,354.65
1529,Enterprise,7999.0,2026-05-19,149.0,Product-149,6.0,472.25,2833.5
1059,Enterprise,7970.0,2026-05-18,128.0,Product-128,4.0,193.05,772.2
1457,Enterprise,7960.0,2026-05-18,113.0,Product-113,4.0,311.66,1246.64
1457,Enterprise,7960.0,2026-05-18,140.0,Product-140,7.0,143.51,1004.57
1033,Enterprise,7944.0,2026-05-17,103.0,Product-103,9.0,348.01,3132.09
1033,Enterprise,7944.0,2026-05-17,105.0,Product-105,2.0,70.93,141.86
1378,Enterprise,7915.0,2026-05-16,106.0,Product-106,3.0,114.99,344.97
1378,Enterprise,7915.0,2026-05-16,116.0,Product-116,4.0,214.82,859.28
1795,Enterprise,7929.0,2026-05-16,107.0,Product-107,9.0,41.6,374.4
1558,Enterprise,7892.0,2026-05-15,138.0,Product-138,2.0,162.38,324.76
1149,Enterprise,7870.0,2026-05-14,144.0,Product-144,5.0,14.75,73.75
1313,Enterprise,7882.0,2026-05-14,131.0,Product-131,6.0,227.03,1362.18
1822,Enterprise,7873.0,2026-05-14,112.0,Product-112,3.0,431.89,1295.67
1459,Enterprise,7854.0,2026-05-13,118.0,Product-118,5.0,328.05,1640.25
1822,Enterprise,7855.0,2026-05-13,105.0,Product-105,3.0,70.93,212.79
1822,Enterprise,7855.0,2026-05-13,113.0,Product-113,4.0,311.66,1246.64
1101,Enterprise,7811.0,2026-05-12,115.0,Product-115,7.0,350.66,2454.62
1101,Enterprise,7811.0,2026-05-12,116.0,Product-116,2.0,214.82,429.64
1101,Enterprise,7827.0,2026-05-12,130.0,Product-130,9.0,296.71,2670.39
1355,Enterprise,7833.0,2026-05-12,134.0,Product-134,5.0,407.11,2035.55
1723,Enterprise,7823.0,2026-05-12,109.0,Product-109,2.0,314.79,629.58
1723,Enterprise,7823.0,2026-05-12,129.0,Product-129,2.0,115.01,230.02
1471,Enterprise,7801.0,2026-05-11,145.0,Product-145,8.0,78.62,628.96
1819,Enterprise,7790.0,2026-05-11,110.0,Product-110,8.0,257.81,2062.48
1209,Enterprise,7768.0,2026-05-10,111.0,Product-111,1.0,410.38,410.38
1030,Enterprise,7740.0,2026-05-09,105.0,Product-105,5.0,70.93,354.65
1030,Enterprise,7740.0,2026-05-09,130.0,Product-130,4.0,296.71,1186.84
1030,Enterprise,7740.0,2026-05-09,140.0,Product-140,8.0,143.51,1148.08
1059,Enterprise,7744.0,2026-05-09,105.0,Product-105,7.0,70.93,496.51
1059,Enterprise,7744.0,2026-05-09,142.0,Product-142,8.0,490.43,3923.44
1471,Enterprise,7745.0,2026-05-09,146.0,Product-146,6.0,167.82,1006.92
1408,Enterprise,7737.0,2026-05-08,103.0,Product-103,5.0,348.01,1740.05
1408,Enterprise,7737.0,2026-05-08,150.0,Product-150,1.0,188.89,188.89
1564,Enterprise,7728.0,2026-05-08,123.0,Product-123,6.0,12.14,72.84
1313,Enterprise,7714.0,2026-05-07,103.0,Product-103,7.0,348.01,2436.07
1437,Enterprise,7708.0,2026-05-07,103.0,Product-103,2.0,348.01,696.02
1375,Enterprise,7678.0,2026-05-06,146.0,Product-146,6.0,167.82,1006.92
1355,Enterprise,7664.0,2026-05-05,102.0,Product-102,2.0,24.21,48.42
1355,Enterprise,7664.0,2026-05-05,103.0,Product-103,3.0,348.01,1044.03
1355,Enterprise,7664.0,2026-05-05,122.0,Product-122,3.0,339.04,1017.12
1286,Enterprise,7622.0,2026-05-04,101.0,Product-101,3.0,240.45,721.35
1286,Enterprise,7622.0,2026-05-04,125.0,Product-125,9.0,65.13,586.17
1292,Enterprise,7638.0,2026-05-04,102.0,Product-102,3.0,24.21,72.63
1292,Enterprise,7638.0,2026-05-04,147.0,Product-147,7.0,293.51,2054.57
1292,Enterprise,7638.0,2026-05-04,148.0,Product-148,6.0,46.8,280.8
1370,Enterprise,7628.0,2026-05-04,130.0,Product-130,4.0,296.71,1186.84
1529,Enterprise,7548.0,2026-05-01,108.0,Product-108,2.0,291.4,582.8
1587,Enterprise,7562.0,2026-05-01,107.0,Product-107,2.0,41.6,83.2
1883,Enterprise,7549.0,2026-05-01,112.0,Product-112,8.0,431.89,3455.12
1883,Enterprise,7549.0,2026-05-01,143.0,Product-143,4.0,251.99,1007.96
1487,Enterprise,7540.0,2026-04-30,110.0,Product-110,6.0,257.81,1546.86
1487,Enterprise,7540.0,2026-04-30,129.0,Product-129,7.0,115.01,805.07
1558,Enterprise,7545.0,2026-04-30,141.0,Product-141,2.0,417.57,835.14
1822,Enterprise,7532.0,2026-04-30,109.0,Product-109,6.0,314.79,1888.74
1822,Enterprise,7532.0,2026-04-30,121.0,Product-121,1.0,75.65,75.65
1099,Enterprise,7508.0,2026-04-29,112.0,Product-112,8.0,431.89,3455.12
1899,Enterprise,7481.0,2026-04-28,148.0,Product-148,2.0,46.8,93.6
1059,Enterprise,7463.0,2026-04-27,111.0,Product-111,9.0,410.38,3693.42
1059,Enterprise,7463.0,2026-04-27,123.0,Product-123,3.0,12.14,36.42
1069,Enterprise,7471.0,2026-04-27,140.0,Product-140,1.0,143.51,143.51
1245,Enterprise,7445.0,2026-04-26,112.0,Product-112,1.0,431.89,431.89
1007,Enterprise,7391.0,2026-04-24,103.0,Product-103,4.0,348.01,1392.04
1030,Enterprise,7366.0,2026-04-23,146.0,Product-146,9.0,167.82,1510.38
1073,Enterprise,7364.0,2026-04-23,142.0,Product-142,3.0,490.43,1471.29
1172,Enterprise,7374.0,2026-04-23,118.0,Product-118,7.0,328.05,2296.35
1172,Enterprise,7374.0,2026-04-23,126.0,Product-126,7.0,56.49,395.43
1375,Enterprise,7363.0,2026-04-23,128.0,Product-128,3.0,193.05,579.15
1375,Enterprise,7363.0,2026-04-23,129.0,Product-129,6.0,115.01,690.06
1375,Enterprise,7363.0,2026-04-23,149.0,Product-149,6.0,472.25,2833.5
1611,Enterprise,7361.0,2026-04-23,139.0,Product-139,9.0,58.84,529.56
1611,Enterprise,7361.0,2026-04-23,146.0,Product-146,2.0,167.82,335.64
1357,Enterprise,7345.0,2026-04-22,127.0,Product-127,6.0,173.17,1039.02
1408,Enterprise,7352.0,2026-04-22,111.0,Product-111,3.0,410.38,1231.14
1408,Enterprise,7352.0,2026-04-22,115.0,Product-115,9.0,350.66,3155.94
1084,Enterprise,7327.0,2026-04-21,123.0,Product-123,7.0,12.14,84.98
1378,Enterprise,7307.0,2026-04-21,128.0,Product-128,5.0,193.05,965.25
1378,Enterprise,7307.0,2026-04-21,132.0,Product-132,8.0,26.75,214.0
1629,Enterprise,7330.0,2026-04-21,121.0,Product-121,7.0,75.65,529.55
1629,Enterprise,7330.0,2026-04-21,127.0,Product-127,7.0,173.17,1212.19
1629,Enterprise,7330.0,2026-04-21,149.0,Product-149,2.0,472.25,944.5
1819,Enterprise,7316.0,2026-04-21,105.0,Product-105,6.0,70.93,425.58
1084,Enterprise,7303.0,2026-04-20,133.0,Product-133,5.0,166.63,833.15
1301,Enterprise,7276.0,2026-04-19,129.0,Product-129,4.0,115.01,460.04
1301,Enterprise,7276.0,2026-04-19,144.0,Product-144,7.0,14.75,103.25
1333,Enterprise,7261.0,2026-04-19,130.0,Product-130,8.0,296.71,2373.68
1333,Enterprise,7261.0,2026-04-19,138.0,Product-138,6.0,162.38,974.28
1558,Enterprise,7263.0,2026-04-19,108.0,Product-108,3.0,291.4,874.2
1529,Enterprise,7248.0,2026-04-18,103.0,Product-103,3.0,348.01,1044.03
1529,Enterprise,7248.0,2026-04-18,111.0,Product-111,1.0,410.38,410.38
1819,Enterprise,7251.0,2026-04-18,108.0,Product-108,6.0,291.4,1748.4
1822,Enterprise,7240.0,2026-04-18,131.0,Product-131,2.0,227.03,454.06
1822,Enterprise,7240.0,2026-04-18,149.0,Product-149,5.0,472.25,2361.25
1291,Enterprise,7215.0,2026-04-17,117.0,Product-117,7.0,287.12,2009.84
1291,Enterprise,7215.0,2026-04-17,132.0,Product-132,8.0,26.75,214.0
1348,Enterprise,7179.0,2026-04-15,141.0,Product-141,9.0,417.57,3758.13
1819,Enterprise,7170.0,2026-04-15,118.0,Product-118,9.0,328.05,2952.45
1301,Enterprise,7152.0,2026-04-14,101.0,Product-101,4.0,240.45,961.8
1477,Enterprise,7124.0,2026-04-13,115.0,Product-115,3.0,350.66,1051.98
1477,Enterprise,7124.0,2026-04-13,133.0,Product-133,9.0,166.63,1499.67
1477,Enterprise,7124.0,2026-04-13,148.0,Product-148,9.0,46.8,421.2
1286,Enterprise,7097.0,2026-04-12,119.0,Product-119,2.0,181.62,363.24
1286,Enterprise,7097.0,2026-04-12,122.0,Product-122,9.0,339.04,3051.36
1286,Enterprise,7097.0,2026-04-12,149.0,Product-149,8.0,472.25,3778.0
1437,Enterprise,7093.0,2026-04-12,125.0,Product-125,2.0,65.13,130.26
1437,Enterprise,7093.0,2026-04-12,128.0,Product-128,2.0,193.05,386.1
1073,Enterprise,7084.0,2026-04-11,124.0,Product-124,5.0,463.08,2315.4
1375,Enterprise,7087.0,2026-04-11,108.0,Product-108,6.0,291.4,1748.4
1899,Enterprise,7075.0,2026-04-11,115.0,Product-115,4.0,350.66,1402.64
1558,Enterprise,7051.0,2026-04-10,105.0,Product-105,3.0,70.93,212.79
1558,Enterprise,7051.0,2026-04-10,115.0,Product-115,8.0,350.66,2805.28
1558,Enterprise,7051.0,2026-04-10,124.0,Product-124,5.0,463.08,2315.4
1702,Enterprise,7057.0,2026-04-10,114.0,Product-114,8.0,16.25,130.0
1702,Enterprise,7057.0,2026-04-10,144.0,Product-144,8.0,14.75,118.0
1702,Enterprise,7057.0,2026-04-10,145.0,Product-145,5.0,78.62,393.1
1313,Enterprise,7028.0,2026-04-09,104.0,Product-104,4.0,246.1,984.4
1313,Enterprise,7028.0,2026-04-09,117.0,Product-117,8.0,287.12,2296.96
1313,Enterprise,7028.0,2026-04-09,123.0,Product-123,6.0,12.14,72.84
1516,Enterprise,7020.0,2026-04-09,144.0,Product-144,7.0,14.75,103.25
1629,Enterprise,7029.0,2026-04-09,115.0,Product-115,4.0,350.66,1402.64
1372,Enterprise,6957.0,2026-04-06,113.0,Product-113,5.0,311.66,1558.3
1457,Enterprise,6968.0,2026-04-06,105.0,Product-105,7.0,70.93,496.51
1477,Enterprise,6955.0,2026-04-06,136.0,Product-136,7.0,365.19,2556.33
1129,Enterprise,6927.0,2026-04-05,123.0,Product-123,5.0,12.14,60.7
1129,Enterprise,6927.0,2026-04-05,128.0,Product-128,6.0,193.05,1158.3
1795,Enterprise,6942.0,2026-04-05,114.0,Product-114,6.0,16.25,97.5
1129,Enterprise,6910.0,2026-04-04,113.0,Product-113,8.0,311.66,2493.28
1875,Enterprise,6906.0,2026-04-04,114.0,Product-114,3.0,16.25,48.75
1238,Enterprise,6890.0,2026-04-03,132.0,Product-132,1.0,26.75,26.75
1899,Enterprise,6861.0,2026-04-02,137.0,Product-137,3.0,352.08,1056.24
1899,Enterprise,6861.0,2026-04-02,138.0,Product-138,2.0,162.38,324.76
1611,Enterprise,6827.0,2026-04-01,149.0,Product-149,8.0,472.25,3778.0
1043,Enterprise,6795.0,2026-03-30,106.0,Product-106,4.0,114.99,459.96
1043,Enterprise,6795.0,2026-03-30,139.0,Product-139,9.0,58.84,529.56
1425,Enterprise,6779.0,2026-03-30,122.0,Product-122,9.0,339.04,3051.36
1529,Enterprise,6800.0,2026-03-30,106.0,Product-106,8.0,114.99,919.92
1629,Enterprise,6782.0,2026-03-30,106.0,Product-106,9.0,114.99,1034.91
1629,Enterprise,6782.0,2026-03-30,108.0,Product-108,6.0,291.4,1748.4
1629,Enterprise,6782.0,2026-03-30,141.0,Product-141,5.0,417.57,2087.85
1313,Enterprise,6764.0,2026-03-29,124.0,Product-124,4.0,463.08,1852.32
1313,Enterprise,6764.0,2026-03-29,146.0,Product-146,8.0,167.82,1342.56
1857,Enterprise,6775.0,2026-03-29,110.0,Product-110,5.0,257.81,1289.05
1857,Enterprise,6775.0,2026-03-29,118.0,Product-118,3.0,328.05,984.15
1841,Enterprise,6734.0,2026-03-28,129.0,Product-129,3.0,115.01,345.03
1875,Enterprise,6742.0,2026-03-28,133.0,Product-133,6.0,166.63,999.78
1408,Enterprise,6716.0,2026-03-27,112.0,Product-112,5.0,431.89,2159.45
1313,Enterprise,6701.0,2026-03-26,114.0,Product-114,7.0,16.25,113.75
1313,Enterprise,6701.0,2026-03-26,116.0,Product-116,7.0,214.82,1503.74
1313,Enterprise,6701.0,2026-03-26,122.0,Product-122,3.0,339.04,1017.12
1641,Enterprise,6699.0,2026-03-26,101.0,Product-101,1.0,240.45,240.45
1641,Enterprise,6699.0,2026-03-26,102.0,Product-102,3.0,24.21,72.63
1078,Enterprise,6658.0,2026-03-24,111.0,Product-111,7.0,410.38,2872.66
1078,Enterprise,6658.0,2026-03-24,113.0,Product-113,2.0,311.66,623.32
1146,Enterprise,6637.0,2026-03-24,103.0,Product-103,9.0,348.01,3132.09
1146,Enterprise,6637.0,2026-03-24,126.0,Product-126,8.0,56.49,451.92
1146,Enterprise,6637.0,2026-03-24,140.0,Product-140,9.0,143.51,1291.59
1336,Enterprise,6601.0,2026-03-22,137.0,Product-137,8.0,352.08,2816.64
1336,Enterprise,6601.0,2026-03-22,143.0,Product-143,7.0,251.99,1763.93
1515,Enterprise,6598.0,2026-03-22,102.0,Product-102,6.0,24.21,145.26
1516,Enterprise,6595.0,2026-03-22,101.0,Product-101,8.0,240.45,1923.6
1516,Enterprise,6595.0,2026-03-22,107.0,Product-107,3.0,41.6,124.8
1516,Enterprise,6595.0,2026-03-22,118.0,Product-118,2.0,328.05,656.1
1101,Enterprise,6570.0,2026-03-21,103.0,Product-103,9.0,348.01,3132.09
1101,Enterprise,6570.0,2026-03-21,104.0,Product-104,6.0,246.1,1476.6
1101,Enterprise,6570.0,2026-03-21,125.0,Product-125,3.0,65.13,195.39
1587,Enterprise,6564.0,2026-03-21,128.0,Product-128,1.0,193.05,193.05
1587,Enterprise,6564.0,2026-03-21,136.0,Product-136,4.0,365.19,1460.76
1822,Enterprise,6583.0,2026-03-21,135.0,Product-135,4.0,347.95,1391.8
1209,Enterprise,6557.0,2026-03-20,102.0,Product-102,7.0,24.21,169.47
1209,Enterprise,6557.0,2026-03-20,109.0,Product-109,3.0,314.79,944.37
1437,Enterprise,6561.0,2026-03-20,120.0,Product-120,3.0,459.38,1378.14
1437,Enterprise,6561.0,2026-03-20,137.0,Product-137,3.0,352.08,1056.24
1473,Enterprise,6539.0,2026-03-20,112.0,Product-112,1.0,431.89,431.89
1473,Enterprise,6539.0,2026-03-20,127.0,Product-127,8.0,173.17,1385.36
1129,Enterprise,6526.0,2026-03-19,111.0,Product-111,7.0,410.38,2872.66
1515,Enterprise,6529.0,2026-03-19,146.0,Product-146,2.0,167.82,335.64
1030,Enterprise,6513.0,2026-03-18,103.0,Product-103,1.0,348.01,348.01
1515,Enterprise,6507.0,2026-03-18,128.0,Product-128,6.0,193.05,1158.3
1238,Enterprise,6472.0,2026-03-17,127.0,Product-127,3.0,173.17,519.51
1238,Enterprise,6472.0,2026-03-17,146.0,Product-146,1.0,167.82,167.82
1860,Enterprise,6484.0,2026-03-17,132.0,Product-132,7.0,26.75,187.25
1149,Enterprise,6466.0,2026-03-16,142.0,Product-142,3.0,490.43,1471.29
1172,Enterprise,6451.0,2026-03-16,124.0,Product-124,3.0,463.08,1389.24
1149,Enterprise,6421.0,2026-03-15,111.0,Product-111,2.0,410.38,820.76
1370,Enterprise,6419.0,2026-03-15,108.0,Product-108,9.0,291.4,2622.6
1370,Enterprise,6419.0,2026-03-15,110.0,Product-110,1.0,257.81,257.81
1370,Enterprise,6419.0,2026-03-15,136.0,Product-136,1.0,365.19,365.19
1169,Enterprise,6413.0,2026-03-14,116.0,Product-116,8.0,214.82,1718.56
1169,Enterprise,6413.0,2026-03-14,133.0,Product-133,2.0,166.63,333.26
1378,Enterprise,6415.0,2026-03-14,132.0,Product-132,2.0,26.75,53.5
1378,Enterprise,6415.0,2026-03-14,147.0,Product-147,9.0,293.51,2641.59
1617,Enterprise,6412.0,2026-03-14,132.0,Product-132,5.0,26.75,133.75
1617,Enterprise,6412.0,2026-03-14,145.0,Product-145,6.0,78.62,471.72
1617,Enterprise,6412.0,2026-03-14,150.0,Product-150,2.0,188.89,377.78
1043,Enterprise,6364.0,2026-03-12,113.0,Product-113,9.0,311.66,2804.94
1043,Enterprise,6364.0,2026-03-12,143.0,Product-143,7.0,251.99,1763.93
1101,Enterprise,6358.0,2026-03-12,105.0,Product-105,4.0,70.93,283.72
1408,Enterprise,6368.0,2026-03-12,104.0,Product-104,7.0,246.1,1722.7
1408,Enterprise,6368.0,2026-03-12,138.0,Product-138,7.0,162.38,1136.66
1129,Enterprise,6331.0,2026-03-11,131.0,Product-131,5.0,227.03,1135.15
1129,Enterprise,6331.0,2026-03-11,148.0,Product-148,1.0,46.8,46.8
1425,Enterprise,6330.0,2026-03-11,113.0,Product-113,1.0,311.66,311.66
1425,Enterprise,6330.0,2026-03-11,139.0,Product-139,1.0,58.84,58.84
1564,Enterprise,6310.0,2026-03-10,120.0,Product-120,4.0,459.38,1837.52
1629,Enterprise,6305.0,2026-03-10,107.0,Product-107,5.0,41.6,208.0
1471,Enterprise,6282.0,2026-03-09,103.0,Product-103,6.0,348.01,2088.06
1471,Enterprise,6282.0,2026-03-09,128.0,Product-128,1.0,193.05,193.05
1099,Enterprise,6228.0,2026-03-07,104.0,Product-104,7.0,246.1,1722.7
1099,Enterprise,6228.0,2026-03-07,108.0,Product-108,4.0,291.4,1165.6
1101,Enterprise,6245.0,2026-03-07,131.0,Product-131,9.0,227.03,2043.27
1101,Enterprise,6245.0,2026-03-07,134.0,Product-134,9.0,407.11,3663.99
1149,Enterprise,6229.0,2026-03-07,128.0,Product-128,6.0,193.05,1158.3
1149,Enterprise,6229.0,2026-03-07,147.0,Product-147,4.0,293.51,1174.04
1883,Enterprise,6234.0,2026-03-07,108.0,Product-108,2.0,291.4,582.8
1043,Enterprise,6208.0,2026-03-06,115.0,Product-115,4.0,350.66,1402.64
1043,Enterprise,6208.0,2026-03-06,133.0,Product-133,9.0,166.63,1499.67
1043,Enterprise,6208.0,2026-03-06,149.0,Product-149,6.0,472.25,2833.5
1457,Enterprise,6226.0,2026-03-06,126.0,Product-126,8.0,56.49,451.92
1457,Enterprise,6226.0,2026-03-06,127.0,Product-127,6.0,173.17,1039.02
1238,Enterprise,6179.0,2026-03-05,109.0,Product-109,3.0,314.79,944.37
1238,Enterprise,6179.0,2026-03-05,142.0,Product-142,1.0,490.43,490.43
1238,Enterprise,6179.0,2026-03-05,146.0,Product-146,4.0,167.82,671.28
1899,Enterprise,6182.0,2026-03-05,119.0,Product-119,3.0,181.62,544.86
1073,Enterprise,6155.0,2026-03-04,117.0,Product-117,5.0,287.12,1435.6
1073,Enterprise,6155.0,2026-03-04,149.0,Product-149,8.0,472.25,3778.0
1110,Enterprise,6176.0,2026-03-04,143.0,Product-143,7.0,251.99,1763.93
1206,Enterprise,6163.0,2026-03-04,131.0,Product-131,2.0,227.03,454.06
1336,Enterprise,6177.0,2026-03-04,105.0,Product-105,1.0,70.93,70.93
1822,Enterprise,6170.0,2026-03-04,132.0,Product-132,3.0,26.75,80.25
1822,Enterprise,6170.0,2026-03-04,143.0,Product-143,8.0,251.99,2015.92
1822,Enterprise,6170.0,2026-03-04,147.0,Product-147,9.0,293.51,2641.59
1822,Enterprise,6178.0,2026-03-04,103.0,Product-103,9.0,348.01,3132.09
1822,Enterprise,6178.0,2026-03-04,113.0,Product-113,4.0,311.66,1246.64
1822,Enterprise,6178.0,2026-03-04,139.0,Product-139,8.0,58.84,470.72
1007,Enterprise,6153.0,2026-03-03,147.0,Product-147,8.0,293.51,2348.08
1101,Enterprise,6135.0,2026-03-03,133.0,Product-133,6.0,166.63,999.78
1101,Enterprise,6135.0,2026-03-03,135.0,Product-135,2.0,347.95,695.9
1702,Enterprise,6123.0,2026-03-02,115.0,Product-115,7.0,350.66,2454.62
1702,Enterprise,6123.0,2026-03-02,138.0,Product-138,6.0,162.38,974.28
1702,Enterprise,6123.0,2026-03-02,140.0,Product-140,5.0,143.51,717.55
1084,Enterprise,6096.0,2026-03-01,138.0,Product-138,6.0,162.38,974.28
1149,Enterprise,6095.0,2026-03-01,144.0,Product-144,1.0,14.75,14.75
1286,Enterprise,6094.0,2026-03-01,116.0,Product-116,4.0,214.82,859.28
1286,Enterprise,6094.0,2026-03-01,145.0,Product-145,2.0,78.62,157.24
1348,Enterprise,6084.0,2026-03-01,114.0,Product-114,7.0,16.25,113.75
1477,Enterprise,6065.0,2026-02-28,142.0,Product-142,1.0,490.43,490.43
1515,Enterprise,6079.0,2026-02-28,145.0,Product-145,4.0,78.62,314.48
1149,Enterprise,6035.0,2026-02-27,108.0,Product-108,8.0,291.4,2331.2
1172,Enterprise,6049.0,2026-02-27,109.0,Product-109,9.0,314.79,2833.11
1172,Enterprise,6049.0,2026-02-27,112.0,Product-112,4.0,431.89,1727.56
1209,Enterprise,6052.0,2026-02-27,123.0,Product-123,4.0,12.14,48.56
1471,Enterprise,6055.0,2026-02-27,144.0,Product-144,2.0,14.75,29.5
1471,Enterprise,6055.0,2026-02-27,148.0,Product-148,3.0,46.8,140.4
1073,Enterprise,6020.0,2026-02-26,136.0,Product-136,6.0,365.19,2191.14
1073,Enterprise,6020.0,2026-02-26,144.0,Product-144,3.0,14.75,44.25
1425,Enterprise,6025.0,2026-02-26,128.0,Product-128,9.0,193.05,1737.45
1425,Enterprise,6025.0,2026-02-26,148.0,Product-148,1.0,46.8,46.8
1899,Enterprise,6019.0,2026-02-26,129.0,Product-129,4.0,115.01,460.04
1899,Enterprise,6019.0,2026-02-26,149.0,Product-149,2.0,472.25,944.5
1899,Enterprise,6019.0,2026-02-26,150.0,Product-150,6.0,188.89,1133.34
1459,Enterprise,6002.0,2026-02-25,104.0,Product-104,3.0,246.1,738.3
1459,Enterprise,6002.0,2026-02-25,140.0,Product-140,1.0,143.51,143.51
1146,Enterprise,5963.0,2026-02-24,103.0,Product-103,2.0,348.01,696.02
1378,Enterprise,5943.0,2026-02-23,102.0,Product-102,9.0,24.21,217.89
1857,Enterprise,5962.0,2026-02-23,130.0,Product-130,1.0,296.71,296.71
1084,Enterprise,5921.0,2026-02-22,130.0,Product-130,3.0,296.71,890.13
1172,Enterprise,5927.0,2026-02-22,145.0,Product-145,9.0,78.62,707.58
1312,Enterprise,5916.0,2026-02-22,127.0,Product-127,5.0,173.17,865.85
1312,Enterprise,5916.0,2026-02-22,132.0,Product-132,7.0,26.75,187.25
1822,Enterprise,5925.0,2026-02-22,130.0,Product-130,5.0,296.71,1483.55
1291,Enterprise,5895.0,2026-02-21,139.0,Product-139,9.0,58.84,529.56
1291,Enterprise,5895.0,2026-02-21,150.0,Product-150,7.0,188.89,1322.23
1459,Enterprise,5908.0,2026-02-21,119.0,Product-119,6.0,181.62,1089.72
1336,Enterprise,5870.0,2026-02-20,104.0,Product-104,8.0,246.1,1968.8
1336,Enterprise,5870.0,2026-02-20,137.0,Product-137,8.0,352.08,2816.64
1564,Enterprise,5889.0,2026-02-20,124.0,Product-124,3.0,463.08,1389.24
1043,Enterprise,5859.0,2026-02-19,121.0,Product-121,4.0,75.65,302.6
1498,Enterprise,5863.0,2026-02-19,101.0,Product-101,3.0,240.45,721.35
1629,Enterprise,5848.0,2026-02-19,101.0,Product-101,8.0,240.45,1923.6
1629,Enterprise,5848.0,2026-02-19,121.0,Product-121,8.0,75.65,605.2
1629,Enterprise,5848.0,2026-02-19,137.0,Product-137,3.0,352.08,1056.24
1291,Enterprise,5834.0,2026-02-18,148.0,Product-148,5.0,46.8,234.0
1473,Enterprise,5829.0,2026-02-18,101.0,Product-101,4.0,240.45,961.8
1473,Enterprise,5829.0,2026-02-18,139.0,Product-139,9.0,58.84,529.56
1641,Enterprise,5816.0,2026-02-17,105.0,Product-105,8.0,70.93,567.44
1641,Enterprise,5816.0,2026-02-17,143.0,Product-143,1.0,251.99,251.99
1822,Enterprise,5818.0,2026-02-17,126.0,Product-126,6.0,56.49,338.94
1822,Enterprise,5818.0,2026-02-17,130.0,Product-130,5.0,296.71,1483.55
1851,Enterprise,5813.0,2026-02-17,127.0,Product-127,6.0,173.17,1039.02
1069,Enterprise,5783.0,2026-02-16,120.0,Product-120,1.0,459.38,459.38
1129,Enterprise,5749.0,2026-02-15,114.0,Product-114,9.0,16.25,146.25
1129,Enterprise,5749.0,2026-02-15,146.0,Product-146,5.0,167.82,839.1
1336,Enterprise,5743.0,2026-02-14,129.0,Product-129,4.0,115.01,460.04
1375,Enterprise,5746.0,2026-02-14,127.0,Product-127,8.0,173.17,1385.36
1375,Enterprise,5746.0,2026-02-14,139.0,Product-139,5.0,58.84,294.2
1375,Enterprise,5746.0,2026-02-14,143.0,Product-143,4.0,251.99,1007.96
1059,Enterprise,5711.0,2026-02-13,116.0,Product-116,8.0,214.82,1718.56
1059,Enterprise,5711.0,2026-02-13,127.0,Product-127,3.0,173.17,519.51
1206,Enterprise,5715.0,2026-02-13,101.0,Product-101,5.0,240.45,1202.25
1313,Enterprise,5678.0,2026-02-12,118.0,Product-118,1.0,328.05,328.05
1301,Enterprise,5658.0,2026-02-11,107.0,Product-107,3.0,41.6,124.8
1301,Enterprise,5658.0,2026-02-11,140.0,Product-140,1.0,143.51,143.51
1301,Enterprise,5658.0,2026-02-11,143.0,Product-143,9.0,251.99,2267.91
1084,Enterprise,5642.0,2026-02-10,119.0,Product-119,5.0,181.62,908.1
1375,Enterprise,5630.0,2026-02-10,122.0,Product-122,3.0,339.04,1017.12
1375,Enterprise,5630.0,2026-02-10,144.0,Product-144,7.0,14.75,103.25
1857,Enterprise,5648.0,2026-02-10,113.0,Product-113,4.0,311.66,1246.64
1857,Enterprise,5648.0,2026-02-10,142.0,Product-142,5.0,490.43,2452.15
1335,Enterprise,5603.0,2026-02-09,124.0,Product-124,5.0,463.08,2315.4
1335,Enterprise,5603.0,2026-02-09,131.0,Product-131,9.0,227.03,2043.27
1516,Enterprise,5586.0,2026-02-08,106.0,Product-106,3.0,114.99,344.97
1617,Enterprise,5595.0,2026-02-08,110.0,Product-110,2.0,257.81,515.62
1617,Enterprise,5595.0,2026-02-08,139.0,Product-139,4.0,58.84,235.36
1059,Enterprise,5569.0,2026-02-07,109.0,Product-109,9.0,314.79,2833.11
1059,Enterprise,5569.0,2026-02-07,131.0,Product-131,7.0,227.03,1589.21
1312,Enterprise,5567.0,2026-02-07,142.0,Product-142,7.0,490.43,3433.01
1723,Enterprise,5563.0,2026-02-07,117.0,Product-117,5.0,287.12,1435.6
1301,Enterprise,5547.0,2026-02-06,110.0,Product-110,7.0,257.81,1804.67
1515,Enterprise,5537.0,2026-02-06,132.0,Product-132,1.0,26.75,26.75
1515,Enterprise,5537.0,2026-02-06,139.0,Product-139,8.0,58.84,470.72
1007,Enterprise,5527.0,2026-02-05,147.0,Product-147,3.0,293.51,880.53
1073,Enterprise,5510.0,2026-02-05,142.0,Product-142,5.0,490.43,2452.15
1073,Enterprise,5510.0,2026-02-05,149.0,Product-149,6.0,472.25,2833.5
1084,Enterprise,5522.0,2026-02-05,144.0,Product-144,4.0,14.75,59.0
1084,Enterprise,5529.0,2026-02-05,121.0,Product-121,6.0,75.65,453.9
1370,Enterprise,5515.0,2026-02-05,116.0,Product-116,9.0,214.82,1933.38
1459,Enterprise,5528.0,2026-02-05,106.0,Product-106,5.0,114.99,574.95
1459,Enterprise,5528.0,2026-02-05,117.0,Product-117,7.0,287.12,2009.84
1459,Enterprise,5528.0,2026-02-05,130.0,Product-130,8.0,296.71,2373.68
1860,Enterprise,5520.0,2026-02-05,113.0,Product-113,5.0,311.66,1558.3
1011,Enterprise,5459.0,2026-02-03,108.0,Product-108,6.0,291.4,1748.4
1011,Enterprise,5459.0,2026-02-03,111.0,Product-111,2.0,410.38,820.76
1011,Enterprise,5459.0,2026-02-03,137.0,Product-137,4.0,352.08,1408.32
1301,Enterprise,5460.0,2026-02-03,102.0,Product-102,4.0,24.21,96.84
1301,Enterprise,5460.0,2026-02-03,110.0,Product-110,5.0,257.81,1289.05
1301,Enterprise,5460.0,2026-02-03,132.0,Product-132,8.0,26.75,214.0
1425,Enterprise,5464.0,2026-02-03,132.0,Product-132,5.0,26.75,133.75
1206,Enterprise,5429.0,2026-02-01,134.0,Product-134,2.0,407.11,814.22
1378,Enterprise,5423.0,2026-02-01,101.0,Product-101,8.0,240.45,1923.6
1378,Enterprise,5423.0,2026-02-01,130.0,Product-130,4.0,296.71,1186.84
1558,Enterprise,5425.0,2026-02-01,113.0,Product-113,9.0,311.66,2804.94
1558,Enterprise,5425.0,2026-02-01,138.0,Product-138,2.0,162.38,324.76
1899,Enterprise,5424.0,2026-02-01,109.0,Product-109,2.0,314.79,629.58
1899,Enterprise,5424.0,2026-02-01,126.0,Product-126,1.0,56.49,56.49
1084,Enterprise,5372.0,2026-01-30,131.0,Product-131,5.0,227.03,1135.15
1084,Enterprise,5385.0,2026-01-30,120.0,Product-120,7.0,459.38,3215.66
1084,Enterprise,5385.0,2026-01-30,145.0,Product-145,3.0,78.62,235.86
1459,Enterprise,5374.0,2026-01-30,125.0,Product-125,2.0,65.13,130.26
1007,Enterprise,5345.0,2026-01-29,117.0,Product-117,3.0,287.12,861.36
1033,Enterprise,5347.0,2026-01-29,148.0,Product-148,7.0,46.8,327.6
1099,Enterprise,5359.0,2026-01-29,114.0,Product-114,8.0,16.25,130.0
1459,Enterprise,5351.0,2026-01-29,145.0,Product-145,3.0,78.62,235.86
1459,Enterprise,5351.0,2026-01-29,147.0,Product-147,7.0,293.51,2054.57
1516,Enterprise,5358.0,2026-01-29,140.0,Product-140,1.0,143.51,143.51
1879,Enterprise,5349.0,2026-01-29,118.0,Product-118,7.0,328.05,2296.35
1879,Enterprise,5349.0,2026-01-29,140.0,Product-140,8.0,143.51,1148.08
1705,Enterprise,5329.0,2026-01-28,135.0,Product-135,8.0,347.95,2783.6
1705,Enterprise,5329.0,2026-01-28,143.0,Product-143,6.0,251.99,1511.94
1335,Enterprise,5314.0,2026-01-27,107.0,Product-107,5.0,41.6,208.0
1335,Enterprise,5314.0,2026-01-27,126.0,Product-126,1.0,56.49,56.49
1007,Enterprise,5267.0,2026-01-26,111.0,Product-111,1.0,410.38,410.38
1437,Enterprise,5279.0,2026-01-26,131.0,Product-131,6.0,227.03,1362.18
1437,Enterprise,5279.0,2026-01-26,132.0,Product-132,5.0,26.75,133.75
1336,Enterprise,5248.0,2026-01-25,106.0,Product-106,1.0,114.99,114.99
1301,Enterprise,5231.0,2026-01-24,103.0,Product-103,3.0,348.01,1044.03
1301,Enterprise,5231.0,2026-01-24,145.0,Product-145,5.0,78.62,393.1
1357,Enterprise,5198.0,2026-01-23,112.0,Product-112,5.0,431.89,2159.45
1357,Enterprise,5198.0,2026-01-23,131.0,Product-131,6.0,227.03,1362.18
1617,Enterprise,5201.0,2026-01-23,109.0,Product-109,3.0,314.79,944.37
1617,Enterprise,5201.0,2026-01-23,121.0,Product-121,8.0,75.65,605.2
1617,Enterprise,5201.0,2026-01-23,126.0,Product-126,4.0,56.49,225.96
1099,Enterprise,5176.0,2026-01-22,124.0,Product-124,8.0,463.08,3704.64
1099,Enterprise,5176.0,2026-01-22,130.0,Product-130,4.0,296.71,1186.84
1564,Enterprise,5147.0,2026-01-21,105.0,Product-105,9.0,70.93,638.37
1564,Enterprise,5147.0,2026-01-21,111.0,Product-111,3.0,410.38,1231.14
1564,Enterprise,5147.0,2026-01-21,112.0,Product-112,5.0,431.89,2159.45
1011,Enterprise,5141.0,2026-01-20,109.0,Product-109,4.0,314.79,1259.16
1011,Enterprise,5141.0,2026-01-20,120.0,Product-120,6.0,459.38,2756.28
1705,Enterprise,5124.0,2026-01-20,120.0,Product-120,7.0,459.38,3215.66
1146,Enterprise,5120.0,2026-01-19,114.0,Product-114,4.0,16.25,65.0
1245,Enterprise,5100.0,2026-01-19,136.0,Product-136,3.0,365.19,1095.57
1245,Enterprise,5100.0,2026-01-19,144.0,Product-144,1.0,14.75,14.75
1477,Enterprise,5098.0,2026-01-18,131.0,Product-131,4.0,227.03,908.12
1516,Enterprise,5070.0,2026-01-17,140.0,Product-140,6.0,143.51,861.06
1335,Enterprise,5035.0,2026-01-16,134.0,Product-134,3.0,407.11,1221.33
1372,Enterprise,5048.0,2026-01-16,135.0,Product-135,6.0,347.95,2087.7
1477,Enterprise,5045.0,2026-01-16,124.0,Product-124,6.0,463.08,2778.48
1477,Enterprise,5045.0,2026-01-16,150.0,Product-150,2.0,188.89,377.78
1498,Enterprise,5042.0,2026-01-16,113.0,Product-113,6.0,311.66,1869.96
1498,Enterprise,5042.0,2026-01-16,121.0,Product-121,2.0,75.65,151.3
1629,Enterprise,5036.0,2026-01-16,147.0,Product-147,3.0,293.51,880.53
1883,Enterprise,5039.0,2026-01-16,103.0,Product-103,2.0,348.01,696.02
1902,Enterprise,,,,,,,
1926,Enterprise,,,,,,,
1937,Enterprise,,,,,,,
1946,Enterprise,,,,,,,
1958,Enterprise,,,,,,,
1975,Enterprise,,,,,,,
1978,Enterprise,,,,,,,
1984,Enterprise,,,,,,,
