deal_id,customer_id,salesperson_id,deal_value,current_stage,status,created_date,closed_date
D0001,C0302,U008,78611.9,closed won,closed,2025-11-28,03-02-2026
D0002,C0355,U013,10632 USD,,Open,11/23/2025,
D0003,C0022,U010,"$10,346.37",closed won,lost,2026/04/22,2026/06/19
D0004,C0111,U008,65990.58,Closed Won,Lost,02-02-2026,05/04/2026
D0005,C0052,U005,11191.79,Won,Open,21-04-2026,
D0006,C0397,U004,"$30,583.07",Lost,,25/06/2026,
D0007,C0151,U001,72406.53,Prospecting,open,11/20/2025,N/A
D0008,C0375,U004,47584.51,Lost,OPEN,09/06/2026,
D0009,C0205,U011,54979.99,qualified,OPEN,,
D0010,C0099,U008,60345 USD,Won,Lost,2025-12-10,2025/12/13
D0011,C0093,U006,11015.24,negotiation ,won,12-02-2026,2026/04/14
D0012,C0198,U010,72100.74,Prospecting,lost,17-04-2026,2026/06/04
D0013,C0043,U011,"$21,420.82",Qualified,lost,03/02/2026,20/03/2026
D0014,C0301,U003,42136.96,closed won,Lost,03/10/2026,05/04/2026
D0015,C0145,U003,53220.73,qualified,lost,04/06/2026,03/08/2026
D0016,C0283,U009,42559.11,closed-lost,Lost,03/23/2026,2026-06-21
D0017,C0402,U013,24450.22,proposal sent,Won,28/04/2026,05/05/2026
D0018,C0277,U009,23868.72,Prospecting,Open,2026/05/02,
D0019,C0021,U013,"$84,146.27",Closed Lost,closed,06/13/2026,2026-07-13
D0020,C0226,U005,"$73,751.75",Closed Won,Open,05/31/2026,2026/07/29
D0021,C0348,U006,52948.63,Won,OPEN,2025-11-27,
D0022,C0268,U005,28525.08,,OPEN,19-03-2026,N/A
D0023,C0259,U011,81891.46,Prospecting,OPEN,13-05-2026,
D0024,C0063,U012,60901.47,Qualified,won,17/05/2026,2026/06/07
D0025,C0319,U005,7805.61,Won,Lost,05/01/2026,06-03-2026
D0026,C0351,U006,50093.29,Closed Lost,,2025-12-21,03/02/2026
D0027,C0321,U011,34709.27,Closed Won,Open,01/05/2026,11-07-2026
D0028,C0170,U009,67323.36,Qualified,,2026-04-19,
D0029,C0397,U014,79108 USD,Closed Lost,open,02/11/2025,11/20/2025
D0030,C0444,U011,74514.35,Negotiation,OPEN,11-12-2025,
D0031,C0188,U011,34594.52,qualified,open,02/28/2026,
D0032,C0046,U012,"$19,320.67",Prospecting,open,2025/11/24,
D0033,C0005,U001,84010.93,negotiation ,Open,2026-05-07,
D0034,C0045,U012,27664.85,Prospecting,Open,02/10/2026,
D0035,C0342,U003,48534.82,PROSPECT,closed,09-02-2026,
D0036,C0317,U012,58828.28,Qualified,Lost,2026-01-09,2026-03-31
D0037,C0297,U012,"$27,761.06",closed won,lost,2026-02-13,2026/04/11
D0038,C0303,U012,72298.99,Negotiation,open,2025/12/13,
D0039,C0094,U012,6056.52,closed won,Won,15/12/2025,03/10/2026
D0040,C0251,U011,"$75,708.50",PROSPECT,closed,03-12-2025,
D0041,C0434,U014,58525.66,Won,lost,2026-02-26,
D0042,C0034,U001,78535.37,Proposal Sent,won,02-03-2026,2026/03/10
D0043,C0388,U007,54984.86,Won,Lost,2025-11-27,2025/12/10
D0044,C0102,U013,28783.65,Qualified,closed,2026-03-18,
D0045,C0220,U012,21914.06,proposal sent,open,2025/12/22,
D0046,C0156,U011,"$2,557.53",qualified,Open,,
D0047,C0175,U009,32551.1,Lost,Won,2026-05-02,2026-05-26
D0048,C0169,U013,6833.31,Won,Won,2026-05-16,2026/07/25
D0049,C0182,U001,14635.38,closed-lost,OPEN,2025-12-17,2026/02/05
D0050,C0002,U001,40892.34,Prospect,won,2026-06-27,05/07/2026
D0051,C0112,U006,"$24,150.04",proposal sent,Lost,2026/05/31,2026-07-13
D0052,C0089,U004,"$81,165.63",Lost,open,15-02-2026,
D0053,C0157,U006,39638.31,PROSPECT,closed,10-06-2026,
D0054,C0122,U008,62660.69,Closed Won,,11/27/2025,
D0055,C0207,U001,30426.38,proposal sent,closed,04-04-2026,
D0056,C0332,U007,18633.73,Negotiation,Open,2025-11-19,N/A
D0057,C0071,U012,5166 USD,Proposal Sent,Open,21/11/2025,
D0058,C0188,U008,43703.22,PROSPECT,Open,2025/11/30,
D0059,C0219,U011,23292.74,Qualified,won,16-11-2025,26-12-2025
D0060,C0117,U002,66624.74,Proposal,OPEN,11/07/2025,
D0061,C0158,U007,31417.0,Prospecting,closed,27/12/2025,
D0062,C0060,U002,4867.54,qualified,Won,2026-02-26,17-05-2026
D0063,C0200,U009,69977 USD,prospect,Won,04/05/2026,2026/06/09
D0064,C0125,U002,"$11,641.35",Closed Lost,Open,11/02/2025,22/11/2025
D0065,C0188,U011,"$3,320.32",PROSPECT,Won,04/01/2026,2026-01-16
D0066,C0427,U014,5065.14,negotiation ,Open,2026/06/21,
D0067,C0366,U007,58548 USD,closed-lost,open,04/11/2026,01/06/2026
D0068,C0445,U003,26141.28,prospect,won,2026-05-11,04/08/2026
D0069,C0069,U007,22303.84,Proposal,closed,2025-11-10,N/A
D0070,C0396,U012,66749.83,Closed Won,,21-12-2025,03/03/2026
D0071,C0013,U006,76296.36,proposal sent,open,N/A,N/A
D0072,C0267,U006,9861.22,proposal sent,OPEN,2026-01-30,
D0073,C0110,U010,16204.38,closed won,lost,07-03-2026,2026-04-01
D0074,C0356,U012,80688.77,Closed Won,OPEN,22/06/2026,09/05/2026
D0075,C0247,U001,20924 USD,PROSPECT,open,2026-01-04,
D0076,C0310,U004,78218.2,Qualified,lost,2026-02-26,03/23/2026
D0077,C0392,U002,32694.83,Lost,lost,2026-05-03,15-05-2026
D0078,C0068,U003,55707 USD,Won,,2026/03/27,
D0079,C0112,U011,,qualified,Lost,2026-01-21,2026/03/04
D0080,C0198,U014,51799.45,prospect,OPEN,04/15/2026,
D0081,C0052,U008,21372.66,Qualified,lost,2026-01-23,04-02-2026
D0082,C0225,U001,59380.2,Proposal Sent,won,2026-01-16,
D0083,C0221,U012,75360.09,Won,OPEN,2025/12/28,
D0084,C0418,U008,39182.5,proposal sent,OPEN,,
D0085,C0131,U002,75642 USD,PROSPECT,lost,N/A,2026-03-01
D0086,C0171,U010,80194 USD,closed-lost,open,03/29/2026,N/A
D0087,C0167,U004,61790.18,Proposal,Lost,25-06-2026,2026-09-06
D0088,C0025,U007,14324.76,,,01-06-2026,
D0089,C0316,U010,3649 USD,closed-lost,won,2026-05-15,2026-05-30
D0090,C0155,U013,,closed won,,01/11/2025,05/01/2026
D0091,C0187,U003,,Closed Lost,open,2026/05/31,N/A
D0092,C0381,U012,57289.79,Prospecting,Open,2026/02/06,
D0093,C0031,U014,82129.91,closed won,closed,2026/05/22,17/07/2026
D0094,C0151,U002,49196.86,closed won,open,2026/06/13,19/08/2026
D0095,C0086,U003,"$5,063.44",Proposal,won,11/06/2025,11/25/2025
D0096,C0421,U010,8766.79,Proposal Sent,lost,30-11-2025,2025-12-11
D0097,C0398,U012,"$36,105.94",Lost,Lost,2026-03-09,2026/03/26
D0098,C0395,U002,74991.34,Negotiation,closed,20/06/2026,
D0099,C0238,U001,13511.7,qualified,Won,2026-05-02,25-06-2026
D0100,C0349,U004,78389.72,prospect,,,
D0101,C0153,U005,73162.6,Proposal Sent,,02/18/2026,
D0102,C0376,U008,"$52,015.76",negotiation ,Won,16/04/2026,2026/06/11
D0103,C0437,U006,"$67,589.45",prospect,closed,31/05/2026,
D0104,C0429,U009,17595.75,Prospect,OPEN,03/05/2026,
D0105,C0025,U006,70262.78,Proposal,Won,2026-04-10,05/30/2026
D0106,C0188,U008,50504.5,Closed Lost,OPEN,01-11-2025,2026-01-03
D0107,C0143,U001,72794.08,closed won,open,04/04/2026,04/27/2026
D0108,C0135,U011,3174.37,Won,closed,2026-06-17,
D0109,C0066,U011,20184.8,qualified,open,17-01-2026,
D0110,C0190,U014,19720.46,Closed Won,,2026/04/03,2026-05-08
D0111,C0004,U009,,Closed Won,closed,01/06/2026,N/A
D0112,C0139,U011,56285.99,negotiation ,Won,06/24/2026,07/30/2026
D0113,C0029,U013,"$13,184.11",closed won,lost,28-04-2026,27/07/2026
D0114,C0205,U007,62167 USD,prospect,won,14/04/2026,30-05-2026
D0115,C0255,U005,"$16,624.84",qualified,closed,27-12-2025,
D0116,C0282,U013,8956.54,qualified,lost,26-02-2026,23-05-2026
D0117,C0188,U005,72576.36,Negotiation,,2026/04/29,
D0118,C0313,U002,11504.63,closed-lost,won,12/05/2026,N/A
D0119,C0431,U003,35667.52,Qualified,won,24/01/2026,03/11/2026
D0120,C0394,U002,83884.47,closed-lost,lost,N/A,09/08/2026
D0121,C0385,U013,42379.69,qualified,OPEN,2026/06/17,
D0122,C0216,U007,"$33,506.92",Won,,24-02-2026,N/A
D0123,C0449,U006,58008.47,Lost,won,09-04-2026,2026-04-14
D0124,C0194,U009,"$6,951.47",Negotiation,OPEN,19/04/2026,
D0125,C0301,U009,84621.95,negotiation ,Lost,24-11-2025,02/22/2026
D0126,C0410,U007,"$62,218.60",Prospect,won,2026/02/02,2026-03-05
D0127,C0185,U012,22858.4,prospect,Lost,,2026-06-20
D0128,C0330,U014,59094.1,Prospect,open,2026/04/22,
D0129,C0355,U003,26643.22,Proposal,open,31-05-2026,
D0130,C0354,U003,44217.33,Won,Open,2026-06-01,
D0131,C0307,U004,82755.5,Proposal Sent,closed,05/10/2026,
D0132,C0250,U004,1728.62,closed-lost,lost,2026/04/23,05/26/2026
D0133,C0046,U013,"$61,917.56",Lost,Open,11/08/2025,
D0134,C0149,U005,69400.4,Closed Lost,open,01-03-2026,16-03-2026
D0135,C0215,U012,72579.03,Prospecting,Open,,
D0136,C0327,U003,,negotiation ,lost,22-05-2026,07/20/2026
D0137,C0057,U007,71281.65,closed won,,01/07/2026,08/07/2026
D0138,C0056,U003,10160.04,prospect,OPEN,2026/06/28,
D0139,C0090,U010,3906.16,closed won,lost,02/22/2026,14/05/2026
D0140,C0056,U007,23344.67,Closed Lost,open,2026/06/06,2026/06/17
D0141,C0366,U010,45179.12,proposal sent,lost,06/20/2026,28/08/2026
D0142,C0074,U014,2472.35,,open,25/02/2026,
D0143,C0438,U003,28272.92,PROSPECT,,2026/03/12,
D0144,C0325,U007,39834.4,closed won,won,29/12/2025,2026-01-11
D0145,C0250,U012,"$35,187.21",Prospect,Open,2025-12-12,
D0146,C0312,U011,48454.77,Negotiation,closed,18-06-2026,
D0147,C0027,U014,29219.71,proposal sent,,19-04-2026,
D0148,C0057,U002,30003.32,proposal sent,open,26-11-2025,
D0149,C0189,U012,76389.24,Prospecting,open,30/06/2026,
D0150,C0308,U004,79173.06,Proposal,Open,11/07/2025,
D0151,C0054,U013,78873.32,Won,open,14/06/2026,
D0152,C0297,U009,1862.19,Qualified,,19/01/2026,
D0153,C0243,U009,"$62,496.30",qualified,OPEN,2026/02/01,
D0154,C0162,U009,77978.51,closed won,Lost,07-01-2026,28/03/2026
D0155,C0407,U003,59951.19,Qualified,Lost,2026/04/24,2026/07/13
D0156,C0319,U004,61151.11,Proposal,won,04/11/2026,07/02/2026
D0157,C0253,U009,65024.71,negotiation ,Open,20/06/2026,
D0158,C0450,U014,68993.45,,Won,,2026-06-08
D0159,C0100,U005,22421.84,qualified,Won,11-04-2026,2026/07/10
D0160,C0016,U006,73980.95,Closed Lost,Open,2026/06/13,2026/09/02
D0161,C0397,U013,78861.48,Negotiation,open,03-04-2026,N/A
D0162,C0027,U001,74048.97,Proposal Sent,won,02/28/2026,21-05-2026
D0163,C0382,U010,26064 USD,,won,05/13/2026,2026/06/09
D0164,C0060,U007,"$47,975.98",prospect,Lost,20-01-2026,
D0165,C0234,U012,14334.23,Qualified,open,N/A,N/A
D0166,C0311,U014,67457.33,Negotiation,,N/A,
D0167,C0265,U004,7192.74,qualified,closed,2026/06/13,
D0168,C0176,U004,31627 USD,Proposal,lost,2025/11/16,2025/12/31
D0169,C0415,U013,57356.36,Prospect,Open,2026/01/23,N/A
D0170,C0122,U001,33720.64,negotiation ,Lost,2026/06/10,27-06-2026
D0171,C0259,U013,,Lost,,30-04-2026,
D0172,C0048,U003,"$2,112.10",,closed,04/25/2026,
D0173,C0214,U014,70700.51,Prospecting,won,08/04/2026,2026-06-18
D0174,C0378,U011,39845.31,Qualified,open,2026-05-10,
D0175,C0126,U009,35537.34,PROSPECT,won,23-06-2026,
D0176,C0340,U002,55058.8,,open,2026/02/14,
D0177,C0428,U002,25701.36,Closed Won,closed,27-12-2025,12/01/2026
D0178,C0193,U007,14553 USD,Prospect,,2026/01/02,
D0179,C0320,U003,47719.27,Negotiation,lost,2026-01-10,14/01/2026
D0180,C0271,U009,63982.76,PROSPECT,Won,27/11/2025,2025/12/26
D0181,C0071,U003,71201 USD,qualified,won,2026/01/22,2026/04/13
D0182,C0232,U011,"$25,769.50",,Open,2026/03/24,
D0183,C0167,U006,"$25,308.95",Qualified,won,16/12/2025,2025/12/31
D0184,C0333,U005,81548 USD,Qualified,lost,06/17/2026,30/07/2026
D0185,C0139,U014,62703.23,Closed Won,OPEN,19-03-2026,16/06/2026
D0186,C0278,U002,71789.72,qualified,Open,2025/12/01,
D0187,C0371,U011,75990.78,PROSPECT,Open,2026/01/15,
D0188,C0389,U010,47558.1,Proposal,open,01/02/2026,
D0189,C0074,U006,,closed won,won,2026/04/28,15-07-2026
D0190,C0253,U001,"$64,726.71",proposal sent,OPEN,2026/01/15,N/A
D0191,C0333,U014,"$79,921.13",Qualified,,03/24/2026,
D0192,C0187,U004,77295.13,prospect,won,16/12/2025,2026-02-23
D0193,C0328,U006,,Prospecting,closed,2026/02/03,
D0194,C0087,U007,56053.6,closed won,lost,11/02/2026,04/30/2026
D0195,C0260,U007,67686.9,Closed Won,lost,,11/07/2026
D0196,C0082,U004,55230 USD,PROSPECT,closed,13-05-2026,
D0197,C0413,U002,61641.35,proposal sent,Lost,06/15/2026,30/07/2026
D0198,C0011,U004,49386 USD,prospect,OPEN,2025-12-01,
D0199,C0073,U001,44639.5,qualified,Won,2026-04-11,07-05-2026
D0200,C0043,U004,15742.33,Closed Lost,,2026/03/24,05/27/2026
D0201,C0315,U011,61969.6,Lost,Won,2025/11/26,N/A
D0202,C0191,U007,2882.98,Qualified,Open,02/11/2025,
D0203,C0306,U002,76784.29,qualified,,2026/05/26,
D0204,C0059,U002,"$46,530.38",closed-lost,OPEN,16/01/2026,06-04-2026
D0205,C0440,U001,79858.21,Lost,Lost,18-05-2026,2026/06/19
D0206,C0049,U007,65449.22,Qualified,Won,2026/01/11,16/03/2026
D0207,C0129,U004,"$49,761.93",Prospect,open,,
D0208,C0348,U013,10399.7,negotiation ,Lost,15-04-2026,03/06/2026
D0209,C0285,U006,36004.55,Proposal Sent,Lost,06-12-2025,04/01/2026
D0210,C0127,U005,72892.41,Closed Won,Lost,08/01/2026,01/28/2026
D0211,C0050,U004,68371.29,Lost,Lost,2026-05-01,2026-06-16
D0212,C0406,U002,78809.46,Qualified,,N/A,
D0213,C0040,U010,52766.13,prospect,Lost,2026/05/20,N/A
D0214,C0392,U014,38154 USD,qualified,,2025/11/08,
D0215,C0017,U013,59820.55,Lost,closed,17-01-2026,
D0216,C0001,U003,30986.16,PROSPECT,Won,2026/03/02,
D0217,C0356,U002,25255.23,PROSPECT,closed,17-04-2026,
D0218,C0412,U005,79131.11,proposal sent,won,06/01/2026,2026/03/08
D0219,C0037,U009,68545.68,Negotiation,lost,2026/05/25,11/06/2026
D0220,C0191,U010,81763.43,closed-lost,won,2026/03/20,05/05/2026
D0221,C0058,U005,67353 USD,PROSPECT,Lost,03-04-2026,26-06-2026
D0222,C0260,U009,25488.68,Prospect,Won,23-12-2025,N/A
D0223,C0089,U008,,negotiation ,lost,01/10/2026,02/09/2026
D0224,C0118,U012,20638.83,proposal sent,Won,23-06-2026,2026-07-22
D0225,C0060,U002,81492.42,closed-lost,open,14-11-2025,2026/01/25
D0226,C0437,U005,24902 USD,closed-lost,OPEN,2026-05-16,23/07/2026
D0227,C0240,U009,30498.63,prospect,closed,07/12/2025,N/A
D0228,C0353,U009,2487 USD,Closed Lost,lost,23-04-2026,27-04-2026
D0229,C0093,U009,40857.34,Proposal Sent,won,25/05/2026,01/07/2026
D0230,C0354,U013,24849 USD,Closed Won,lost,2026/06/15,2026-08-08
D0231,C0365,U005,37590.27,proposal sent,closed,12/25/2025,
D0232,C0005,U003,12728.39,Won,,2026/04/28,
D0233,C0398,U008,"$73,184.92",Negotiation,Won,06/13/2026,N/A
D0234,C0411,U005,,closed-lost,Open,2026/05/08,07-07-2026
D0235,C0174,U001,30816.06,Won,Open,2026/05/28,
D0236,C0328,U009,28645.04,qualified,Won,26/04/2026,13/06/2026
D0237,C0310,U005,54988.48,Closed Lost,OPEN,2026/01/12,2026-02-05
D0238,C0040,U003,,negotiation ,won,17/05/2026,29/06/2026
D0239,C0395,U014,36068 USD,Closed Won,closed,,09-08-2026
D0240,C0376,U012,"$34,653.31",PROSPECT,won,09/12/2025,2026-01-02
D0241,C0390,U007,10178.02,Lost,Open,05/11/2025,
D0242,C0124,U012,"$53,811.14",Negotiation,,2026-02-04,
D0243,C0180,U014,40510.66,negotiation ,,2026/02/11,
D0244,C0353,U009,54192.47,qualified,,2026/02/23,
D0245,C0269,U005,"$20,465.23",Closed Won,,24/01/2026,06-04-2026
D0246,C0006,U001,30214.39,Lost,OPEN,,N/A
D0247,C0382,U008,65450.08,Negotiation,open,2025-11-18,
D0248,C0094,U007,22366.33,,Lost,26/04/2026,2026-06-18
D0249,C0214,U011,65338.95,proposal sent,closed,08-01-2026,
D0250,C0376,U009,72766 USD,Proposal Sent,Lost,13/06/2026,10-07-2026
D0251,C0354,U010,"$3,119.52",closed-lost,won,04/20/2026,03-06-2026
D0252,C0135,U003,"$9,031.45",Closed Lost,open,13/03/2026,14/04/2026
D0253,C0188,U008,71936.12,prospect,lost,N/A,2025-12-07
D0254,C0274,U008,69740.44,qualified,won,01/18/2026,22/02/2026
D0255,C0124,U012,"$62,899.45",prospect,won,05/12/2026,12-07-2026
D0256,C0163,U003,,prospect,closed,05/30/2026,
D0257,C0026,U014,21203.15,Proposal,Open,,
D0258,C0295,U002,82397.72,closed won,won,2026/06/15,2026-06-19
D0259,C0125,U003,53156.85,closed-lost,Open,2026-01-13,N/A
D0260,C0326,U003,12007 USD,,Open,08-04-2026,
D0261,C0221,U012,59052.37,Proposal,open,2026-03-21,
D0262,C0221,U009,59703 USD,Negotiation,closed,16-02-2026,
D0263,C0235,U005,7251 USD,,OPEN,25-02-2026,
D0264,C0228,U001,75224.85,Lost,Lost,2026/06/06,2026-07-02
D0265,C0333,U009,58549.22,closed won,won,21-12-2025,01-03-2026
D0266,C0055,U002,5155.4,Lost,Open,2026-05-15,
D0267,C0244,U004,49179.52,Prospecting,open,2025/12/18,
D0268,C0298,U005,"$52,097.13",prospect,lost,04/08/2026,2026-05-09
D0269,C0235,U013,63580.37,prospect,lost,2026-01-27,11-04-2026
D0270,C0266,U001,80374.39,PROSPECT,Won,05/27/2026,06/08/2026
D0271,C0096,U009,48128.36,proposal sent,OPEN,2025/11/25,
D0272,C0230,U012,15429 USD,Won,Open,10-05-2026,
D0273,C0269,U010,47431.79,Closed Lost,lost,28/05/2026,10/07/2026
D0274,C0416,U012,47059.79,negotiation ,won,31-01-2026,16/04/2026
D0275,C0226,U007,83576.87,Prospect,open,27-06-2026,
D0276,C0111,U004,65922.18,negotiation ,open,2026/04/14,
D0277,C0288,U010,4650.98,Qualified,Open,11-12-2025,
D0278,C0125,U004,49135.68,Proposal Sent,Won,2025-11-14,28/11/2025
D0279,C0086,U008,62520.91,Prospecting,Won,N/A,N/A
D0280,C0390,U006,"$79,175.55",Closed Won,Lost,2026/02/23,20/04/2026
D0281,C0027,U005,28162.93,Lost,open,06/18/2026,
D0282,C0340,U012,"$49,533.78",closed won,,29/11/2025,16-02-2026
D0283,C0042,U008,"$34,832.47",prospect,closed,03/05/2026,
D0284,C0242,U009,34509.12,Proposal,,2026/01/21,
D0285,C0036,U005,"$78,665.53",Won,lost,14/02/2026,05/15/2026
D0286,C0162,U006,83968.94,Prospect,Won,06/12/2025,30/12/2025
D0287,C0022,U014,32714.04,proposal sent,won,2026-04-25,07/24/2026
D0288,C0313,U003,30163.16,Negotiation,open,30/12/2025,
D0289,C0105,U012,47126.42,,won,2025/11/29,12/28/2025
D0290,C0351,U012,77154.36,Prospect,Lost,2026-02-05,2026/04/23
D0291,C0136,U001,,Closed Lost,open,13-01-2026,2026-01-24
D0292,C0147,U014,43963.12,closed won,won,25/03/2026,2026/05/15
D0293,C0045,U003,82227.08,Proposal,closed,2025-12-12,
D0294,C0267,U005,34349 USD,negotiation ,,30-04-2026,
D0295,C0152,U004,53753.66,Lost,Won,2026-05-08,18-05-2026
D0296,C0113,U003,12961.27,negotiation ,Lost,2026/06/29,09/24/2026
D0297,C0211,U004,77462.91,Qualified,Lost,04/12/2026,2026/05/24
D0298,C0273,U011,27301.37,Proposal,OPEN,11/22/2025,
D0299,C0390,U003,48037.91,qualified,lost,21-02-2026,03/04/2026
D0300,C0368,U001,26829.57,negotiation ,Lost,18-05-2026,07/12/2026
D0301,C0053,U003,65164.36,qualified,open,2026/02/01,
D0302,C0301,U004,31498.32,proposal sent,open,2026/04/03,
D0303,C0236,U012,"$42,535.71",Closed Won,OPEN,2026-02-16,2026-04-09
D0304,C0136,U007,7022.38,proposal sent,won,2025/11/03,02-12-2025
D0305,C0436,U008,66313.93,proposal sent,Lost,28-11-2025,2026/01/21
D0306,C0300,U009,44974.2,Lost,open,2025-11-30,
D0307,C0123,U009,48068.03,,Lost,2026-04-05,13/04/2026
D0308,C0201,U005,,Negotiation,,2026/06/09,N/A
D0309,C0233,U014,10949.83,Closed Lost,Open,2025/12/25,02/03/2026
D0310,C0163,U008,39382.34,Prospect,OPEN,23/03/2026,
D0311,C0163,U012,9114.47,qualified,Open,2026-06-28,
D0312,C0194,U012,33119.67,Lost,OPEN,25-02-2026,
D0313,C0333,U014,74046 USD,Qualified,OPEN,18/04/2026,
D0314,C0369,U013,16588.12,Closed Lost,Won,2025-11-23,14-02-2026
D0315,C0007,U008,68922.46,closed-lost,,03/24/2026,04/06/2026
D0316,C0228,U007,51609 USD,Closed Lost,Open,2026/02/01,04/21/2026
D0317,C0025,U003,"$56,048.62",Qualified,open,2026/07/01,
D0318,C0150,U006,10592.12,PROSPECT,open,20-04-2026,
D0319,C0350,U012,82185.49,,OPEN,2026-01-12,
D0320,C0151,U006,64829.91,Closed Won,Lost,N/A,2025-12-12
D0321,C0351,U014,36049 USD,Proposal Sent,lost,2026-01-18,2026/03/29
D0322,C0044,U008,,Negotiation,Lost,2026/04/23,07/12/2026
D0323,C0310,U010,43061.38,closed-lost,closed,05/29/2026,08/20/2026
D0324,C0001,U002,"$53,725.97",Prospect,,2026/03/11,N/A
D0325,C0209,U001,68805 USD,negotiation ,lost,07-02-2026,2026-04-22
D0326,C0155,U005,"$28,547.64",Lost,closed,20-04-2026,
D0327,C0287,U010,17700.3,Prospect,OPEN,04/02/2026,N/A
D0328,C0403,U001,14474.76,Qualified,,18-05-2026,
D0329,C0411,U007,26495.2,prospect,closed,2026/05/10,
D0330,C0291,U011,,negotiation ,lost,,2026/03/20
D0331,C0425,U003,11256.53,closed won,OPEN,16-11-2025,03-02-2026
D0332,C0209,U002,39234.18,closed-lost,won,23-05-2026,12-07-2026
D0333,C0397,U001,"$38,555.14",Proposal,Open,2026/03/11,
D0334,C0172,U008,13465.14,Lost,Won,2026/05/18,07/01/2026
D0335,C0103,U012,33863.62,prospect,,08-04-2026,N/A
D0336,C0347,U014,"$75,747.02",PROSPECT,lost,02-05-2026,
D0337,C0384,U005,,Proposal,lost,21/12/2025,18-01-2026
D0338,C0074,U003,2773.94,Proposal Sent,Open,04/09/2026,
D0339,C0277,U006,80263.7,Proposal Sent,OPEN,11/29/2025,
D0340,C0309,U006,"$5,735.64",,,2026-05-29,
D0341,C0027,U002,60340.58,Won,Lost,18/04/2026,13-05-2026
D0342,C0168,U014,8058.56,Proposal,closed,2025/11/01,
D0343,C0411,U013,27417.71,Closed Lost,Open,17/02/2026,04/19/2026
D0344,C0072,U014,16809.98,Proposal Sent,lost,16-01-2026,2026-03-10
D0345,C0033,U008,40014 USD,Prospecting,lost,2025/11/10,2026/01/13
D0346,C0051,U007,55729.19,Prospecting,lost,20/03/2026,06/02/2026
D0347,C0313,U004,82819.96,,OPEN,2026/04/08,
D0348,C0219,U010,59460 USD,negotiation ,closed,2025/11/21,
D0349,C0057,U010,9654.1,Closed Lost,lost,02/01/2026,N/A
D0350,C0054,U011,"$55,356.59",closed won,lost,05/02/2026,2026-07-07
D0351,C0383,U003,45859.86,Qualified,,11/21/2025,
D0352,C0442,U006,61435.57,Negotiation,Won,2025/11/30,
D0353,C0257,U007,32330.11,Qualified,Won,N/A,22-01-2026
D0354,C0055,U014,21142.64,Negotiation,open,23-06-2026,
D0355,C0205,U007,19137 USD,Won,closed,2025/12/12,
D0356,C0182,U014,25587.32,Won,OPEN,2026-06-26,
D0357,C0009,U003,8569.4,closed-lost,Lost,09/04/2026,2026/04/29
D0358,C0214,U010,44036.15,qualified,,30-12-2025,
D0359,C0214,U010,72208 USD,Prospect,,11/11/2025,N/A
D0360,C0291,U006,48940.49,prospect,open,18/06/2026,N/A
D0361,C0040,U003,44665.29,Lost,Won,06/08/2026,2026-08-09
D0362,C0346,U011,5906.65,,Won,10/01/2026,01/04/2026
D0363,C0289,U012,81708.54,negotiation ,Lost,2026-03-10,2026/04/27
D0364,C0379,U005,54046.55,Proposal Sent,open,04-12-2025,
D0365,C0315,U001,8389.6,Negotiation,,27-02-2026,
D0366,C0311,U005,63409.34,Proposal Sent,Won,01/15/2026,19-01-2026
D0367,C0408,U003,16597.57,Proposal Sent,won,,08/14/2026
D0368,C0300,U014,64355.57,Qualified,,01/07/2026,
D0369,C0083,U004,23577.02,Closed Won,open,N/A,21/06/2026
D0370,C0152,U008,58573.08,,won,2026/03/04,2026-04-24
D0371,C0145,U013,27860.0,Closed Lost,Lost,2026-04-16,14-07-2026
D0372,C0426,U007,"$23,801.83",Proposal Sent,lost,10/04/2026,05/17/2026
D0373,C0371,U011,29673.45,Proposal,closed,2025/11/11,
D0374,C0005,U014,35839.27,PROSPECT,open,09-11-2025,
D0375,C0143,U005,"$3,478.99",Proposal,open,12/05/2025,N/A
D0376,C0322,U002,"$73,012.81",Prospecting,Open,2026/05/27,
D0377,C0092,U002,40490.79,qualified,Won,22-12-2025,31-01-2026
D0378,C0129,U003,33463.72,PROSPECT,Won,N/A,13-12-2025
D0379,C0089,U008,83282 USD,PROSPECT,,14/03/2026,
D0380,C0272,U013,55218.74,Won,won,2026-03-24,
D0381,C0036,U010,3066.86,Proposal Sent,,2026-01-07,N/A
D0382,C0336,U007,59954.61,Proposal Sent,OPEN,2026/04/26,
D0383,C0390,U008,71978.1,closed-lost,Lost,2026/02/11,06/04/2026
D0384,C0348,U014,46197.89,closed-lost,Open,14-03-2026,2026-05-28
D0385,C0185,U009,71738.66,negotiation ,Open,01/02/2026,
D0386,C0020,U007,76354.47,Proposal,Won,2026-04-07,29/05/2026
D0387,C0372,U004,17623.24,Qualified,open,10/12/2025,
D0388,C0400,U009,46083.99,Negotiation,,2026-02-19,
D0389,C0028,U006,19175.13,prospect,Lost,2026/06/18,2026/07/06
D0390,C0117,U002,"$42,322.71",prospect,OPEN,2026/04/14,
D0391,C0355,U011,"$15,882.79",Qualified,open,2026-06-17,
D0392,C0085,U014,11034.0,PROSPECT,Open,2025-12-05,
D0393,C0215,U006,82983.75,closed won,lost,12/20/2025,2026/01/07
D0394,C0086,U006,24370.1,PROSPECT,Open,02-04-2026,
D0395,C0221,U004,9847.32,prospect,OPEN,01/05/2026,
D0396,C0245,U002,"$16,480.97",Prospect,open,03-04-2026,
D0397,C0408,U013,,closed-lost,OPEN,04/06/2026,2026/05/05
D0398,C0350,U001,"$52,606.16",qualified,,23-04-2026,
D0399,C0003,U009,83881.39,proposal sent,won,2026/03/17,04/04/2026
D0400,C0390,U011,17675.54,Proposal,Won,07/04/2026,04/16/2026
D0401,C0339,U001,,prospect,lost,05/03/2026,
D0402,C0375,U001,"$14,696.81",,OPEN,2025-12-10,
D0403,C0365,U008,63881.74,negotiation ,Lost,2026-05-19,2026-06-16
D0404,C0119,U012,"$75,928.99",Won,won,2026-01-16,03/08/2026
D0405,C0108,U010,32686.0,Closed Lost,OPEN,11-05-2026,07/02/2026
D0406,C0169,U003,"$24,930.45",prospect,open,31/01/2026,
D0407,C0173,U004,67427.17,Negotiation,OPEN,06/23/2026,
D0408,C0279,U014,35876.63,proposal sent,Open,12/30/2025,
D0409,C0422,U008,62456.48,Proposal Sent,open,05-01-2026,
D0410,C0111,U010,"$36,383.95",Qualified,open,2026/03/09,
D0411,C0267,U007,"$42,856.30",closed-lost,Open,16/04/2026,06/15/2026
D0412,C0181,U005,2830.17,proposal sent,Open,07/02/2026,
D0413,C0378,U010,"$40,224.01",Prospect,,01/19/2026,
D0414,C0187,U011,7403.33,Closed Lost,open,2025-11-22,13-02-2026
D0415,C0353,U010,8260.08,,won,2026-06-09,07-09-2026
D0416,C0447,U001,"$40,356.97",Prospecting,Lost,2026/05/08,2026/06/26
D0417,C0359,U013,83435 USD,Proposal,OPEN,06/12/2025,
D0418,C0381,U010,,Proposal,won,13-05-2026,N/A
D0419,C0188,U006,"$45,478.00",Closed Lost,,2026/01/06,14/03/2026
D0420,C0313,U006,8790.28,PROSPECT,won,2025-11-24,24-01-2026
D0421,C0056,U012,14067 USD,Qualified,,2026-06-26,
D0422,C0345,U009,30449.47,Qualified,,24-12-2025,
D0423,C0011,U014,55330.11,proposal sent,closed,20-06-2026,
D0424,C0336,U012,38678.9,Lost,closed,10-05-2026,
D0425,C0131,U004,"$65,774.10",closed-lost,lost,30/11/2025,2026/01/08
D0426,C0080,U012,82762.71,,Won,03/08/2026,2026-04-03
D0427,C0021,U006,23244 USD,Qualified,,2026-06-01,
D0428,C0174,U003,82951.38,Closed Won,,2026-03-23,03/06/2026
D0429,C0389,U003,1858.57,Closed Lost,lost,15-05-2026,06-06-2026
D0430,C0238,U005,"$29,780.15",Qualified,,2025-11-23,
D0431,C0278,U002,35036.1,Negotiation,open,2026-01-24,
D0432,C0307,U011,20049.01,Proposal,closed,2026-03-19,
D0433,C0428,U008,34434.37,PROSPECT,closed,2026/01/08,N/A
D0434,C0337,U006,32364.1,closed won,OPEN,05-01-2026,03/03/2026
D0435,C0440,U009,63417.56,PROSPECT,won,11/24/2025,22/01/2026
D0436,C0369,U007,13493.88,Qualified,Open,2025/11/12,N/A
D0437,C0033,U010,35689.96,closed won,Open,2026/01/16,2026/01/19
D0438,C0382,U003,,Proposal,OPEN,02-05-2026,
D0439,C0153,U008,20247.44,,,14-12-2025,N/A
D0440,C0421,U011,,closed-lost,Open,05/15/2026,
D0441,C0387,U005,63754.73,closed-lost,Open,14-04-2026,02/07/2026
D0442,C0351,U014,"$62,701.93",Prospecting,lost,2026/05/11,N/A
D0443,C0161,U008,5916.18,Qualified,lost,14-03-2026,
D0444,C0147,U009,17683.54,PROSPECT,closed,2026/06/03,
D0445,C0274,U006,58734.55,negotiation ,Won,2026/02/06,03/15/2026
D0446,C0007,U003,66530.46,Lost,Won,03/24/2026,05/13/2026
D0447,C0253,U004,52721.27,Proposal,closed,2026/01/02,
D0448,C0355,U013,"$77,988.60",Prospecting,Lost,2026-04-16,16-06-2026
D0449,C0349,U006,75792.15,Qualified,,23-04-2026,
D0450,C0153,U001,"$73,044.07",Prospecting,won,04/09/2026,2026-04-28
D0451,C0214,U012,3070.34,Prospecting,Open,12/05/2025,
D0452,C0401,U011,40668.38,Lost,open,,
D0453,C0006,U013,78328 USD,Prospecting,Open,01/04/2026,
D0454,C0014,U002,30544 USD,Qualified,Won,2026/06/12,2026/08/28
D0455,C0034,U002,19619 USD,Prospect,closed,2026/04/05,
D0456,C0367,U002,72583.28,Proposal,closed,01/29/2026,
D0457,C0053,U003,19392 USD,Closed Won,Lost,08-05-2026,2026-07-04
D0458,C0262,U003,"$48,020.53",closed-lost,lost,2026-04-14,23/05/2026
D0459,C0303,U012,20360.43,Negotiation,,10/02/2026,
D0460,C0035,U014,2567.62,closed-lost,lost,19/02/2026,2026-03-16
D0461,C0060,U003,83127.17,closed won,Lost,02/15/2026,N/A
D0462,C0099,U006,20944.61,Proposal,Lost,2026/01/25,12/02/2026
D0463,C0180,U008,24787.37,closed won,,22-02-2026,05/01/2026
D0464,C0317,U003,63106.16,Prospect,Open,2026-01-09,N/A
D0465,C0193,U010,26779.84,negotiation ,OPEN,2026/06/20,
D0466,C0400,U008,43074.57,Proposal,Won,2026/03/07,2026-06-02
D0467,C0217,U002,72715.0,closed won,,,06-06-2026
D0468,C0445,U012,37461.87,qualified,,2026-06-13,
D0469,C0247,U011,49279.55,,closed,2025/12/26,
D0470,C0132,U008,"$28,260.31",closed won,lost,,13-05-2026
D0471,C0409,U012,9628.73,Prospect,lost,21-11-2025,N/A
D0472,C0123,U004,8592.64,proposal sent,Won,2026-01-13,2026-04-01
D0473,C0271,U006,56423.61,prospect,,07/05/2026,
D0474,C0352,U008,49124.52,Prospect,lost,25/05/2026,07/15/2026
D0475,C0170,U008,52838.13,Lost,lost,04/04/2026,2026-04-28
D0476,C0424,U014,,,won,11/19/2025,2025-12-28
D0477,C0363,U014,7117.03,Prospecting,lost,12/28/2025,2026-02-03
D0478,C0329,U014,68644.58,Negotiation,closed,11/23/2025,
D0479,C0126,U010,57575.28,Lost,,2026/03/20,
D0480,C0291,U008,23872.65,Proposal,,21/11/2025,N/A
D0481,C0368,U011,18254.11,prospect,closed,09-01-2026,
D0482,C0208,U006,,PROSPECT,won,2026/06/14,08/08/2026
D0483,C0057,U003,22006.48,Proposal,open,2026/05/16,N/A
D0484,C0214,U011,"$24,271.45",prospect,won,03-11-2025,11/26/2025
D0485,C0325,U014,"$66,816.52",prospect,,19-06-2026,
D0486,C0436,U002,"$56,395.46",Won,lost,04/14/2026,2026/07/11
D0487,C0372,U009,56962.13,Prospecting,closed,2026/06/15,
D0488,C0445,U002,66061.44,proposal sent,Open,03/12/2025,
D0489,C0376,U004,10419 USD,Won,won,01/03/2026,2026/03/22
D0490,C0028,U008,27926.91,,lost,16-04-2026,05/03/2026
D0491,C0183,U008,55390.7,Closed Won,Won,,2026-04-19
D0492,C0349,U013,33621.63,proposal sent,Won,2026-03-10,05/22/2026
D0493,C0433,U008,78946.87,closed won,open,11/30/2025,01/22/2026
D0494,C0221,U011,"$24,382.05",negotiation ,Lost,03/11/2025,10/11/2025
D0495,C0424,U006,70337.47,Won,Open,16-12-2025,
D0496,C0369,U014,59550.04,,lost,05/21/2026,07/21/2026
D0497,C0002,U007,"$49,580.08",Proposal,Won,11/02/2025,15/12/2025
D0498,C0400,U006,23266.77,Closed Lost,,11-02-2026,03/03/2026
D0499,C0186,U003,20244.68,closed won,Lost,2026/03/10,2026-05-25
D0500,C0232,U004,5656.88,Proposal Sent,OPEN,01/23/2026,
D0501,C0186,U003,61501.72,Prospecting,open,30/06/2026,
D0502,C0249,U002,80495.37,proposal sent,won,10/04/2026,07/05/2026
D0503,C0432,U004,17312 USD,Proposal,Won,2026-06-12,09-09-2026
D0504,C0118,U010,50172.41,Closed Lost,won,01/07/2026,20-08-2026
D0505,C0350,U007,,Proposal,Lost,2026-06-18,N/A
D0506,C0118,U008,22680.35,Closed Won,open,16/04/2026,04/19/2026
D0507,C0449,U009,23234.35,prospect,OPEN,10/11/2025,
D0508,C0160,U012,23243.9,Lost,Lost,17/02/2026,10-03-2026
D0509,C0378,U006,52679.79,Won,Won,11-12-2025,01/16/2026
D0510,C0159,U012,72728.31,closed-lost,OPEN,2026-06-14,2026-08-27
D0511,C0115,U003,23228.7,prospect,,05/05/2026,
D0512,C0180,U012,"$39,722.94",,,06/08/2026,
D0513,C0047,U004,71218.63,Negotiation,OPEN,2025/12/13,
D0514,C0295,U004,65532 USD,Prospect,closed,01/28/2026,
D0515,C0342,U002,25237.48,negotiation ,open,02-12-2025,
D0516,C0053,U014,3911.02,negotiation ,OPEN,25/01/2026,
D0517,C0135,U010,56290.43,Prospect,lost,2025/11/12,2025-11-20
D0518,C0405,U011,63607.3,Negotiation,lost,2026-03-01,03/11/2026
D0519,C0120,U013,72671 USD,closed won,Open,12-12-2025,12/17/2025
D0520,C0060,U005,76961.81,closed-lost,Lost,2026-06-24,2026/08/05
D0521,C0100,U008,23918.03,Closed Lost,Lost,21/01/2026,2026/03/25
D0522,C0093,U007,4876.58,Won,Open,04/14/2026,
D0523,C0361,U003,"$55,543.32",closed-lost,closed,2026-05-21,12/08/2026
D0524,C0151,U003,,Qualified,Won,,N/A
D0525,C0023,U009,"$36,980.28",Prospecting,closed,2026/05/28,
D0526,C0179,U005,2858.44,PROSPECT,closed,01/10/2026,
D0527,C0023,U002,50531.9,Won,Won,2026/02/26,10-04-2026
D0528,C0439,U013,8031.41,qualified,won,2026-01-03,2026-01-29
D0529,C0003,U007,15839.9,Prospecting,open,2025/11/01,
D0530,C0153,U010,"$8,817.53",Closed Won,Lost,2026-04-03,05/14/2026
D0531,C0433,U001,55660.04,Proposal,,2026/02/04,
D0532,C0152,U013,"$36,726.92",Closed Lost,OPEN,13/06/2026,15/08/2026
D0533,C0010,U014,26118.42,Closed Lost,won,14-06-2026,
D0534,C0318,U014,63046.04,Won,Lost,21-06-2026,
D0535,C0202,U008,"$20,864.13",Lost,,,
D0536,C0279,U002,11264.55,Proposal Sent,Lost,05/06/2026,2026-08-07
D0537,C0080,U005,30211 USD,Proposal,,16-06-2026,N/A
D0538,C0430,U014,61870.08,Closed Lost,OPEN,05-06-2026,07/15/2026
D0539,C0314,U004,"$57,199.21",Negotiation,Open,2026/05/26,
D0540,C0401,U007,"$18,987.65",closed-lost,Won,,17-12-2025
D0541,C0342,U003,"$4,169.50",qualified,closed,2025/11/01,
D0542,C0283,U004,67037.96,closed-lost,Won,2026/02/20,04/07/2026
D0543,C0430,U012,60484.81,Lost,Open,12/01/2026,N/A
D0544,C0382,U002,"$70,271.45",Prospecting,Open,2025-11-26,
D0545,C0183,U003,65124.05,Negotiation,,01/24/2026,
D0546,C0169,U014,72357.69,Qualified,Open,2026-04-25,
D0547,C0409,U008,,negotiation ,Won,06/02/2026,04/14/2026
D0548,C0075,U013,13022.53,Lost,Lost,02/11/2025,2025/12/04
D0549,C0401,U011,"$13,656.29",Closed Won,open,2026-02-13,13-04-2026
D0550,C0203,U013,"$34,337.73",qualified,Lost,12/18/2025,2025-12-28
D0551,C0319,U012,35067.24,Lost,Won,09-03-2026,04-05-2026
D0552,C0174,U001,"$52,468.49",Proposal Sent,closed,06/07/2026,
D0553,C0315,U013,35276 USD,Closed Lost,lost,2026-02-08,05/05/2026
D0554,C0367,U012,,Qualified,closed,2026/06/10,
D0555,C0172,U013,3828.92,qualified,open,11/02/2025,
D0556,C0153,U012,"$10,721.90",Won,closed,2026/05/06,
D0557,C0024,U013,26379.75,Prospecting,,12/31/2025,
D0558,C0293,U010,26483.33,,won,2026/02/23,11/04/2026
D0559,C0262,U012,28875.22,proposal sent,Open,30-01-2026,
D0560,C0073,U012,9202.76,Won,Lost,01/28/2026,10-02-2026
D0561,C0342,U009,66531.86,closed won,closed,05/06/2026,13/08/2026
D0562,C0370,U007,43733.12,qualified,OPEN,2026/03/11,
D0563,C0059,U012,41025.19,Proposal,,05-01-2026,N/A
D0564,C0059,U010,11592.35,Won,Open,,
D0565,C0188,U005,42074.78,Closed Won,Won,2026/04/09,19-05-2026
D0566,C0448,U005,69896.94,Proposal,OPEN,15-02-2026,
D0567,C0022,U007,39273.26,closed-lost,Won,2025/12/04,02/17/2026
D0568,C0254,U011,38997.74,Closed Lost,,2026/05/01,28/07/2026
D0569,C0196,U004,5325.95,closed won,lost,01-11-2025,01/12/2026
D0570,C0358,U001,55370.83,Negotiation,closed,2026/06/03,
D0571,C0383,U001,"$43,470.34",Lost,won,2026/04/22,2026-06-24
D0572,C0138,U013,38593.16,Proposal,won,27/11/2025,12/02/2026
D0573,C0435,U001,36147.19,negotiation ,Lost,08-01-2026,2026-02-03
D0574,C0273,U003,16752.86,Negotiation,OPEN,03/12/2025,
D0575,C0030,U010,"$3,768.79",negotiation ,OPEN,11-02-2026,
D0576,C0450,U006,5832 USD,Proposal Sent,Lost,01/20/2026,2026/02/07
D0577,C0195,U002,28081.09,Proposal Sent,open,N/A,
D0578,C0320,U004,81950.14,Prospect,Won,2026/04/11,06/23/2026
D0579,C0153,U010,8506.35,Won,,06/19/2026,
D0580,C0084,U013,81043.15,proposal sent,closed,2026-06-22,
D0581,C0233,U014,1545.33,Negotiation,OPEN,2026/06/27,
D0582,C0344,U007,,Closed Won,won,2025/11/29,14-02-2026
D0583,C0045,U007,62043.66,Prospecting,OPEN,02/27/2026,
D0584,C0405,U006,24296.6,negotiation ,Won,03/01/2026,2026/04/30
D0585,C0166,U001,"$52,333.69",Qualified,open,,
D0586,C0280,U012,8275.92,closed-lost,Lost,2025/12/01,
D0587,C0420,U014,82665.26,Closed Lost,Open,02/05/2026,2026-06-19
D0588,C0062,U008,2281.84,Closed Won,won,09-05-2026,2026/07/07
D0589,C0316,U005,"$82,269.26",proposal sent,won,2026/02/05,04/12/2026
D0590,C0414,U011,49020.04,closed won,Open,2026/04/26,2026/06/03
D0591,C0285,U003,"$63,788.78",PROSPECT,OPEN,04/30/2026,
D0592,C0369,U013,3430.31,Proposal Sent,won,2026/05/20,2026/08/17
D0593,C0445,U008,57703.83,Prospect,Lost,02-12-2025,25/02/2026
D0594,C0138,U002,42880.49,Lost,,,
D0595,C0024,U005,"$38,979.94",Won,closed,2026-05-12,
D0596,C0408,U001,78069 USD,proposal sent,Lost,2025-12-01,2025-12-13
D0597,C0014,U008,50976.32,Won,open,23-01-2026,
D0598,C0238,U004,70106.42,negotiation ,open,2025-11-03,
D0599,C0313,U008,"$49,841.03",Prospecting,,N/A,
D0600,C0158,U014,6677.19,PROSPECT,OPEN,N/A,
D0601,C0218,U002,,Prospecting,open,2026-05-21,
D0602,C0208,U004,33557.32,Prospect,,2026/02/13,
D0603,C0329,U011,44687.28,Prospect,,2026-03-25,
D0604,C0034,U010,,Proposal,OPEN,2025/11/02,
D0605,C0122,U003,12161.34,prospect,open,25-02-2026,
D0606,C0446,U009,40705.23,Qualified,OPEN,2026-01-08,
D0607,C0332,U011,21321.84,Qualified,open,2025-11-20,
D0608,C0098,U004,30019.59,Proposal,Open,12/02/2026,
D0609,C0167,U014,"$28,939.69",negotiation ,Won,2026-03-30,2026-05-25
D0610,C0323,U004,53597 USD,proposal sent,,27-04-2026,
D0611,C0190,U004,"$31,795.23",closed won,OPEN,,19-12-2025
D0612,C0222,U004,,Closed Won,open,07-01-2026,13-01-2026
D0613,C0427,U009,17865 USD,proposal sent,OPEN,2025-11-28,
D0614,C0342,U003,79665.53,closed won,Open,03-01-2026,2026/02/18
D0615,C0404,U010,11394.19,Won,Open,04/20/2026,
D0616,C0191,U012,37366.6,Closed Won,lost,2026/04/11,2026/06/29
D0617,C0148,U013,5947.12,Qualified,lost,2026/02/12,18/03/2026
D0618,C0105,U012,67548.27,PROSPECT,,23/02/2026,
D0619,C0326,U013,44828 USD,Lost,lost,2026/05/10,15/07/2026
D0620,C0238,U005,19830 USD,closed won,open,25/11/2025,24/12/2025
D0621,C0448,U007,"$47,471.09",qualified,lost,27/04/2026,06/01/2026
D0622,C0294,U001,29587.23,Closed Lost,closed,29-03-2026,19-06-2026
D0623,C0137,U007,,Prospect,OPEN,N/A,N/A
D0624,C0148,U014,"$47,145.43",Lost,closed,05/27/2026,
D0625,C0036,U006,18226 USD,prospect,closed,02-04-2026,
D0626,C0389,U011,84832.64,Proposal Sent,won,2025/12/06,2026-02-24
D0627,C0390,U005,80475.55,Negotiation,lost,2025-11-29,2026/01/22
D0628,C0385,U003,61899 USD,closed won,won,2026/02/06,10/03/2026
D0629,C0365,U014,27642 USD,Closed Lost,lost,06/01/2026,19/01/2026
D0630,C0430,U009,"$49,721.96",Prospect,lost,2025-12-17,06-01-2026
D0631,C0171,U004,64344.29,Won,Lost,06-12-2025,2026-03-06
D0632,C0286,U013,14333.22,prospect,OPEN,2025/11/04,N/A
D0633,C0289,U014,"$80,715.84",closed won,Lost,19/12/2025,2026/01/17
D0634,C0227,U011,15813.88,Negotiation,Open,2026/05/29,
D0635,C0093,U004,,PROSPECT,Lost,01/02/2026,N/A
D0636,C0261,U001,34157.29,qualified,lost,08/03/2026,2026-05-02
D0637,C0197,U014,74182.5,Proposal,OPEN,19/04/2026,
D0638,C0290,U005,61350.47,Proposal,closed,06/27/2026,
D0639,C0416,U007,28962.44,proposal sent,closed,24/12/2025,
D0640,C0373,U002,30456.28,Negotiation,,12/02/2026,
D0641,C0409,U014,16494.77,qualified,Lost,15/11/2025,12/19/2025
D0642,C0353,U010,21514.55,Prospecting,Lost,2026/02/12,2026-02-20
D0643,C0353,U012,35841.73,Proposal,,13-11-2025,
D0644,C0052,U009,15264 USD,negotiation ,Lost,,
D0645,C0323,U012,63787.45,Closed Lost,Lost,2026-01-28,03/15/2026
D0646,C0165,U011,7197.8,Closed Lost,,18/06/2026,19-08-2026
D0647,C0424,U003,52184 USD,qualified,open,22/04/2026,
D0648,C0339,U013,38295 USD,Prospect,Won,2025/12/30,2026-01-21
D0649,C0422,U011,34116.64,Lost,Open,N/A,
D0650,C0391,U007,77381 USD,Proposal,won,,
D0651,C0008,U006,19917.42,Proposal,Open,10/31/2025,
D0652,C0022,U007,69604.63,Lost,Open,2026/04/10,
D0653,C0273,U007,"$20,906.08",Won,Open,2026-01-17,
D0654,C0159,U001,19878.03,closed won,won,2026/01/08,2026-03-10
D0655,C0446,U004,43214.6,Won,Won,2026/01/07,2026-03-27
D0656,C0303,U006,16140.14,closed won,OPEN,28/03/2026,N/A
D0657,C0009,U010,54989 USD,Closed Lost,Lost,2026-02-13,2026/04/22
D0658,C0384,U002,64730.02,Negotiation,won,N/A,26-02-2026
D0659,C0101,U003,4665.21,closed won,won,28/02/2026,24-05-2026
D0660,C0067,U005,44992.88,negotiation ,open,20-01-2026,
D0661,C0115,U014,"$18,685.76",negotiation ,lost,11/27/2025,12/31/2025
D0662,C0307,U014,16826.05,closed won,closed,N/A,05/26/2026
D0663,C0026,U011,9161.91,Qualified,won,04/15/2026,2026-05-04
D0664,C0215,U012,61760 USD,Closed Lost,Won,05/07/2026,2026/05/31
D0665,C0226,U011,8181.33,Proposal,Won,12/02/2025,04/02/2026
D0666,C0254,U010,69936.92,Won,OPEN,,
D0667,C0431,U002,14258.69,Negotiation,closed,16/05/2026,
D0668,C0143,U007,"$7,506.96",,,04/30/2026,N/A
D0669,C0003,U001,35280.36,Lost,lost,23-03-2026,27-05-2026
D0670,C0324,U010,"$84,371.45",PROSPECT,Lost,03/27/2026,03/04/2026
D0671,C0128,U013,54520.81,Closed Won,closed,N/A,03/03/2026
D0672,C0372,U004,4381.38,proposal sent,,2026-01-06,
D0673,C0326,U003,"$80,346.15",Proposal Sent,,2026/03/22,N/A
D0674,C0424,U003,65876.18,Prospect,Open,21/11/2025,
D0675,C0041,U009,,Proposal,Lost,2025/11/26,20/12/2025
D0676,C0296,U005,10624.38,Won,Open,04/02/2026,
D0677,C0105,U012,83916.63,closed won,Won,,N/A
D0678,C0352,U007,25576.41,Lost,Lost,11/10/2025,02/04/2026
D0679,C0245,U003,39130.18,Lost,Open,2026-06-24,
D0680,C0409,U013,38300.99,Proposal,Won,06/03/2026,N/A
D0681,C0043,U007,30069.69,Prospecting,Won,2026-05-18,
D0682,C0134,U013,9586.29,Prospect,open,,
D0683,C0385,U005,51965.02,closed-lost,,17-02-2026,04/04/2026
D0684,C0182,U011,6279.67,closed won,Lost,2025-11-24,
D0685,C0438,U012,51759.42,closed won,OPEN,06/17/2026,2026/06/23
D0686,C0347,U011,"$56,629.07",closed-lost,closed,31-03-2026,
D0687,C0182,U014,38599.56,prospect,lost,2026/01/12,11-04-2026
D0688,C0216,U008,52199.01,Prospecting,Lost,2026/02/23,2026/04/04
D0689,C0016,U003,71001.57,closed-lost,Open,04/05/2026,14/06/2026
D0690,C0058,U008,19172.01,,won,2026-03-10,2026-04-13
D0691,C0080,U006,61551.11,closed won,Won,2025-12-07,2026/01/07
D0692,C0320,U012,74307.04,closed-lost,Open,2025/12/01,N/A
D0693,C0173,U007,69005 USD,closed won,closed,2026-02-10,09-04-2026
D0694,C0375,U010,"$49,332.06",Proposal,Open,22/04/2026,
D0695,C0001,U005,17353.12,prospect,closed,05-06-2026,
D0696,C0402,U003,34508.58,Lost,won,05/04/2026,20-05-2026
D0697,C0422,U004,"$51,722.36",closed-lost,,2026-05-25,15-06-2026
D0698,C0253,U012,41436.61,Prospecting,Won,16/03/2026,N/A
D0699,C0409,U006,"$59,984.02",Qualified,won,01/24/2026,24/02/2026
D0700,C0151,U014,47253.23,qualified,open,28-01-2026,
D0701,C0198,U002,59647 USD,Lost,Won,02/04/2026,11-05-2026
D0702,C0381,U013,56161.94,prospect,Won,29/11/2025,01/29/2026
D0703,C0105,U004,31745.85,Proposal,open,02/14/2026,
D0704,C0215,U011,9519.99,qualified,open,2026-02-26,
D0705,C0259,U011,53852.21,negotiation ,Lost,,30/03/2026
D0706,C0152,U012,56486.32,qualified,Lost,20/06/2026,16/09/2026
D0707,C0186,U001,8400.19,Prospecting,Open,2026/05/12,
D0708,C0296,U010,67828 USD,closed-lost,Won,11/12/2025,12/26/2025
D0709,C0049,U006,16938.3,PROSPECT,closed,,
D0710,C0270,U013,6838.29,Lost,,2026-06-23,
D0711,C0104,U011,73477.29,Prospecting,OPEN,,
D0712,C0158,U002,49519.27,prospect,OPEN,21-06-2026,
D0713,C0017,U002,26431.26,Prospecting,closed,2025-11-15,
D0714,C0023,U009,38650.84,Negotiation,closed,2026/06/25,N/A
D0715,C0178,U010,"$19,021.60",,closed,12/16/2025,
D0716,C0071,U005,51779 USD,Proposal,OPEN,05/17/2026,
D0717,C0214,U002,33378.82,,Won,2026-03-01,06/04/2026
D0718,C0351,U003,,,won,03/10/2026,2026/03/22
D0719,C0332,U011,36544 USD,Lost,OPEN,05/03/2026,
D0720,C0305,U004,45877.76,PROSPECT,Won,18-11-2025,06-12-2025
D0721,C0168,U013,74049 USD,Proposal Sent,OPEN,,
D0722,C0111,U007,16173.57,Prospecting,Open,04/03/2026,
D0723,C0176,U012,"$24,133.01",Negotiation,closed,,
D0724,C0380,U007,82328.02,qualified,lost,03/02/2026,05/03/2026
D0725,C0130,U001,"$56,406.51",Lost,OPEN,28-03-2026,
D0726,C0367,U011,52326.7,Closed Won,won,20-12-2025,2026/03/19
D0727,C0144,U005,80130.03,Won,closed,01-11-2025,
D0728,C0044,U005,"$54,495.50",Won,lost,2026-03-19,2026-04-02
D0729,C0043,U012,79120.68,Negotiation,closed,,N/A
D0730,C0342,U009,43066.73,Qualified,,2025/11/02,
D0731,C0205,U001,61132.37,Proposal,open,06/14/2026,N/A
D0732,C0334,U014,52215.69,Lost,open,2026/03/05,N/A
D0733,C0087,U002,"$30,999.84",Closed Won,OPEN,03/03/2026,2026-05-10
D0734,C0171,U011,72539.88,proposal sent,closed,24/04/2026,
D0735,C0107,U001,79080.6,closed won,won,2026-01-02,2026/02/13
D0736,C0428,U008,52896.78,prospect,lost,2026-05-27,05/30/2026
D0737,C0203,U006,37472 USD,Prospect,Open,01/11/2026,
D0738,C0245,U001,40803.34,Qualified,Won,01/04/2026,04-02-2026
D0739,C0054,U008,31037.1,Closed Lost,OPEN,11/29/2025,19-12-2025
D0740,C0020,U003,76733 USD,closed won,Lost,25/12/2025,08-02-2026
D0741,C0059,U007,68284.98,closed-lost,closed,10/03/2026,15/05/2026
D0742,C0066,U002,12031.32,Prospecting,open,,
D0743,C0026,U011,63075.53,negotiation ,Lost,05/04/2026,23/06/2026
D0744,C0124,U010,,Qualified,closed,17-06-2026,N/A
D0745,C0124,U011,60489.49,Won,won,2026/01/07,03/11/2026
D0746,C0431,U010,"$12,546.70",Qualified,won,12/02/2025,2025/12/20
D0747,C0100,U002,45335.09,prospect,Lost,06/01/2026,26/07/2026
D0748,C0031,U009,,Won,open,13-11-2025,
D0749,C0124,U006,"$4,914.24",prospect,OPEN,06/27/2026,
D0750,C0141,U010,22563.96,Prospecting,Lost,2026-06-29,2026-07-25
D0751,C0345,U009,63397.89,Qualified,lost,2025/12/21,02/08/2026
D0752,C0328,U005,"$75,580.68",Proposal,Lost,2025-11-28,
D0753,C0445,U011,"$78,779.30",Proposal,won,07-04-2026,06/06/2026
D0754,C0385,U004,5158 USD,,OPEN,03-04-2026,
D0755,C0384,U014,38948.27,,lost,2026-06-25,2026/08/13
D0756,C0253,U013,51529.33,Prospect,OPEN,2026-01-18,N/A
D0757,C0031,U013,58671.97,Proposal,Lost,06/18/2026,2026/08/23
D0758,C0194,U009,24170 USD,closed won,Lost,06/03/2026,2026-08-22
D0759,C0443,U013,43568.78,Lost,,01/03/2026,
D0760,C0135,U009,20198.11,Prospecting,OPEN,12/03/2025,N/A
D0761,C0140,U003,55142 USD,Proposal Sent,open,2026/06/07,
D0762,C0328,U006,80526.72,Closed Won,lost,01/11/2026,2026/01/24
D0763,C0148,U006,70298 USD,prospect,open,06/28/2026,
D0764,C0009,U009,22988.32,Prospecting,Lost,04/01/2026,06/26/2026
D0765,C0164,U005,38745.67,Proposal,Lost,11/03/2025,2025-11-25
D0766,C0249,U003,17269.8,Closed Lost,OPEN,26-01-2026,
D0767,C0081,U003,13484.12,closed won,won,27/04/2026,2026/05/08
D0768,C0069,U012,"$33,052.57",Prospect,Open,2026-01-07,
D0769,C0390,U002,79872.97,Proposal Sent,OPEN,2026-01-01,N/A
D0770,C0053,U009,18393.86,negotiation ,Open,04/11/2025,
D0771,C0155,U006,6165.6,closed-lost,OPEN,2026-04-09,
D0772,C0022,U002,44213.79,,Won,05/30/2026,
D0773,C0215,U007,25451.66,Qualified,lost,2026-06-17,2026-09-11
D0774,C0112,U002,"$52,910.68",Negotiation,lost,2026-03-22,2026/04/03
D0775,C0075,U003,29459 USD,Won,closed,25-04-2026,
D0776,C0144,U006,56754.6,Prospecting,Won,2026-04-17,06/22/2026
D0777,C0394,U011,34115.06,Qualified,lost,18/06/2026,2026-07-09
D0778,C0291,U007,9052.33,Proposal Sent,OPEN,02/01/2026,
D0779,C0249,U007,67757.38,closed-lost,Lost,04/01/2026,2026/06/20
D0780,C0250,U009,45961.62,,,2026/03/27,
D0781,C0265,U010,"$21,138.62",proposal sent,Open,2025-12-20,
D0782,C0238,U003,77598.72,Prospecting,open,02/16/2026,
D0783,C0072,U014,19097 USD,,Lost,2026-01-18,02/21/2026
D0784,C0191,U012,"$6,015.96",Prospect,Lost,20/12/2025,02/08/2026
D0785,C0015,U003,"$21,961.32",Closed Won,OPEN,02/04/2026,04/15/2026
D0786,C0236,U012,,Qualified,closed,28-05-2026,
D0787,C0326,U012,14516.59,Prospect,Won,,2026/02/21
D0788,C0080,U001,80678.2,closed won,Lost,17-02-2026,2026/05/18
D0789,C0154,U012,"$24,197.61",proposal sent,Lost,04/27/2026,20/05/2026
D0790,C0312,U001,70179.16,proposal sent,Lost,2026-02-14,12/03/2026
D0791,C0240,U006,6065.08,closed won,Lost,06-12-2025,2025-12-30
D0792,C0183,U010,21501 USD,negotiation ,open,02/25/2026,
D0793,C0383,U005,18344.11,Proposal,closed,2026-03-01,N/A
D0794,C0285,U001,27767.45,closed-lost,open,,01-03-2026
D0795,C0201,U009,62094.96,Proposal,lost,2026-05-18,2026/07/10
D0796,C0050,U009,50529.16,Qualified,open,2025-12-13,
D0797,C0075,U011,9289.79,Closed Lost,Open,03/19/2026,06/10/2026
D0798,C0252,U009,67076.88,Lost,lost,18/06/2026,
D0799,C0360,U013,84750.29,closed won,won,2025/12/14,12/01/2026
D0800,C0048,U013,65487.5,Prospect,OPEN,2026-01-08,
D0801,C0228,U006,7191.51,qualified,Won,2026-01-15,07/02/2026
D0802,C0130,U008,"$55,799.39",Proposal Sent,,2026/06/03,
D0803,C0184,U014,73059.58,Negotiation,Lost,18-05-2026,2026/07/12
D0804,C0158,U006,39082.7,PROSPECT,Lost,2026-04-16,2026-06-22
D0805,C0375,U013,2163.24,proposal sent,closed,12/16/2025,
D0806,C0431,U002,57374.07,proposal sent,Lost,2025/12/05,05/02/2026
D0807,C0054,U002,78107.94,qualified,Open,02/12/2026,
D0808,C0033,U006,19255.04,negotiation ,,19/02/2026,
D0809,C0077,U008,48945.25,Qualified,won,2026-04-06,19-05-2026
D0810,C0399,U007,"$19,159.66",closed-lost,won,06/02/2026,02/15/2026
D0811,C0042,U003,8322.71,PROSPECT,Won,25/04/2026,18-06-2026
D0812,C0092,U014,76228.88,prospect,Open,03-12-2025,
D0813,C0176,U007,59017 USD,closed-lost,,02-05-2026,2026/07/12
D0814,C0197,U014,66886.54,Prospect,closed,N/A,
D0815,C0311,U003,14067.27,negotiation ,lost,24-11-2025,28/11/2025
D0816,C0132,U009,80267.53,Prospect,,2026/02/01,
D0817,C0109,U012,66161.1,Proposal,Lost,11/27/2025,2026/02/07
D0818,C0008,U006,76370.69,Closed Won,open,03/11/2025,14/12/2025
D0819,C0209,U007,37058.41,Closed Won,lost,05/21/2026,01-08-2026
D0820,C0088,U009,,qualified,closed,16/06/2026,
D0821,C0355,U010,"$68,795.97",Prospecting,Open,2025/12/02,N/A
D0822,C0052,U008,54399.35,,Open,06-05-2026,
D0823,C0106,U004,11060.84,Closed Lost,closed,04-01-2026,24/02/2026
D0824,C0209,U014,66813.37,closed won,open,16-06-2026,05/08/2026
D0825,C0340,U004,2797 USD,Prospect,Lost,2026/03/26,2026/04/02
D0826,C0160,U006,47904.26,qualified,Lost,12/05/2026,2026/06/14
D0827,C0216,U003,76998.31,closed won,OPEN,2025-11-02,12/26/2025
D0828,C0254,U002,14780.94,closed won,Won,2026-05-12,2026/07/24
D0829,C0076,U001,"$49,244.79",,Open,12/03/2026,
D0830,C0394,U006,,qualified,won,05/18/2026,12/08/2026
D0831,C0390,U005,79570.49,prospect,Won,2026/05/27,2026-06-09
D0832,C0231,U010,,Prospecting,Open,2025-11-21,
D0833,C0183,U014,"$42,501.59",Proposal,Lost,N/A,2025-12-19
D0834,C0105,U011,54401.58,Won,Lost,04-05-2026,
D0835,C0089,U011,82988.98,prospect,Open,2026/06/05,
D0836,C0003,U003,"$17,602.58",Lost,Won,,06/05/2026
D0837,C0108,U014,"$3,963.05",Closed Won,Open,01/14/2026,13/02/2026
D0838,C0100,U002,26075.79,Closed Won,closed,2026/02/25,05/22/2026
D0839,C0126,U003,10091.7,Proposal,Won,12/29/2025,20/02/2026
D0840,C0218,U008,53513.07,Won,Won,2026/03/12,2026-04-24
D0841,C0226,U003,22630.82,prospect,closed,2026/01/04,
D0842,C0015,U002,67539.85,qualified,lost,N/A,08-05-2026
D0843,C0072,U013,2304.36,negotiation ,Open,11/05/2025,
D0844,C0402,U006,,proposal sent,closed,11/11/2025,
D0845,C0140,U012,64642.8,PROSPECT,Lost,03/13/2026,
D0846,C0248,U008,11458.13,prospect,Won,2025/11/25,2026/01/20
D0847,C0010,U005,,Prospect,open,04/06/2026,
D0848,C0269,U009,2858.74,prospect,lost,09/02/2026,05-05-2026
D0849,C0160,U013,47963.59,Closed Won,Lost,31/10/2025,13/11/2025
D0850,C0248,U014,10079 USD,Prospecting,lost,12/25/2025,17-03-2026
D0851,C0435,U012,8849.4,Won,won,2025/12/25,2026-01-18
D0852,C0130,U013,5508.28,prospect,Open,2026/02/02,
D0853,C0192,U005,"$50,218.34",qualified,OPEN,01/25/2026,
D0854,C0447,U014,57297.64,Won,,09/01/2026,
D0855,C0141,U006,,closed-lost,won,2026/06/12,06/26/2026
D0856,C0333,U011,7774.56,Proposal,Open,04/16/2026,
D0857,C0195,U004,18923.23,closed-lost,Open,16-04-2026,01-06-2026
D0858,C0358,U008,"$10,322.65",Qualified,closed,23/04/2026,N/A
D0859,C0437,U010,,Lost,won,07-06-2026,2026/07/31
D0860,C0327,U002,74662.39,Qualified,,28/02/2026,
D0861,C0014,U008,"$30,888.39",Lost,,29-06-2026,
D0862,C0075,U007,29367.25,Lost,Lost,2025-12-25,03/03/2026
D0863,C0097,U005,51103.11,Proposal,Lost,21/06/2026,2026-07-16
D0864,C0326,U004,"$5,937.00",Prospecting,won,2026-01-08,25-01-2026
D0865,C0113,U010,9958.91,closed won,Lost,19-11-2025,01/11/2026
D0866,C0398,U004,"$25,546.22",Closed Won,Won,2026/01/20,09-04-2026
D0867,C0430,U012,"$27,811.89",proposal sent,OPEN,27/01/2026,
D0868,C0007,U011,3239.04,closed-lost,Lost,06/13/2026,2026-07-28
D0869,C0300,U006,74413.75,closed-lost,open,,
D0870,C0344,U005,43512.73,proposal sent,closed,2025-11-11,
D0871,C0372,U006,,Closed Lost,,07-12-2025,23-01-2026
D0872,C0152,U012,66172.95,negotiation ,closed,2026/02/12,
D0873,C0136,U011,13849.68,Lost,open,01/21/2026,
D0874,C0015,U004,63654 USD,Won,lost,2025-12-14,2026/01/12
D0875,C0226,U009,30628.56,qualified,Won,12-02-2026,2026-05-12
D0876,C0292,U009,37693.88,negotiation ,Open,05-06-2026,
D0877,C0005,U008,58357.08,Qualified,,2026/04/16,
D0878,C0153,U008,"$68,282.05",Negotiation,Open,,
D0879,C0299,U002,27036.1,prospect,,2026-01-09,
D0880,C0069,U006,57054.72,Negotiation,closed,2026-06-01,
D0881,C0072,U012,,Proposal,Lost,,03/23/2026
D0882,C0410,U011,"$82,236.72",closed won,Lost,02-03-2026,04/25/2026
D0883,C0284,U007,58557 USD,negotiation ,OPEN,2026/01/29,
D0884,C0154,U002,47076.86,Negotiation,,04/01/2026,
D0885,C0265,U008,79562.46,negotiation ,closed,09/06/2026,
D0886,C0208,U008,3706.25,Prospect,closed,05/13/2026,
D0887,C0152,U013,32654.78,proposal sent,closed,11-05-2026,
D0888,C0426,U007,1997.06,Qualified,Lost,29/05/2026,2026-08-25
D0889,C0028,U005,,Prospecting,lost,26-06-2026,2026-09-13
D0890,C0375,U010,60081.32,Lost,open,08/05/2026,
D0891,C0341,U011,27459.38,Qualified,Won,,02/27/2026
D0892,C0057,U002,"$51,916.52",Prospect,OPEN,12/06/2025,
D0893,C0012,U014,34124.61,Lost,,17/02/2026,N/A
D0894,C0413,U004,58390.26,,Won,13/05/2026,2026-08-02
D0895,C0092,U003,44211.5,proposal sent,OPEN,26/06/2026,
D0896,C0337,U002,24477.64,closed-lost,lost,17/05/2026,13/08/2026
D0897,C0073,U001,11530.56,Negotiation,,2025-11-28,
D0898,C0450,U011,81893.51,Closed Lost,open,12-02-2026,
D0899,C0079,U006,19100.14,Lost,closed,2026/04/26,
D0900,C0331,U003,61217.72,Closed Won,lost,05-12-2025,2026-02-04
D0860,C0327,U002,74662.39,Qualified,,28/02/2026,
D0661,C0115,U014,"$18,685.76",negotiation ,lost,11/27/2025,12/31/2025
D0496,C0369,U014,59550.04,,lost,05/21/2026,07/21/2026
D0386,C0020,U007,76354.47,Proposal,Won,2026-04-07,29/05/2026
D0484,C0214,U011,"$24,271.45",prospect,won,03-11-2025,11/26/2025
D0621,C0448,U007,"$47,471.09",qualified,lost,27/04/2026,06/01/2026
D0675,C0041,U009,,Proposal,Lost,2025/11/26,20/12/2025
D0185,C0139,U014,62703.23,Closed Won,OPEN,19-03-2026,16/06/2026
D0590,C0414,U011,49020.04,closed won,Open,2026/04/26,2026/06/03
D0726,C0367,U011,52326.7,Closed Won,won,20-12-2025,2026/03/19
D0520,C0060,U005,76961.81,closed-lost,Lost,2026-06-24,2026/08/05
D0795,C0201,U009,62094.96,Proposal,lost,2026-05-18,2026/07/10
D0675,C0041,U009,,Proposal,Lost,2025/11/26,20/12/2025
D0539,C0314,U004,"$57,199.21",Negotiation,Open,2026/05/26,
D0266,C0055,U002,5155.4,Lost,Open,2026-05-15,
D0133,C0046,U013,"$61,917.56",Lost,Open,11/08/2025,
D0715,C0178,U010,"$19,021.60",,closed,12/16/2025,
D0332,C0209,U002,39234.18,closed-lost,won,23-05-2026,12-07-2026
D0603,C0329,U011,44687.28,Prospect,,2026-03-25,
D0595,C0024,U005,"$38,979.94",Won,closed,2026-05-12,
