customer_id,customer_type,lifetime_value,churn,support_tickets,retention_days
CUST_5521,Startups,1930.65,0,2,212.7
CUST_5737,Startups,1755.18,0,3,163.0
CUST_5740,Startups,1004.15,0,2,265.6
CUST_5660,Startups,1687.06,0,0,257.0
CUST_5411,SMB,9550.88,0,4,246.3
CUST_5678,Startups,1335.92,0,2,251.3
CUST_5626,Startups,2984.21,0,3,191.7
CUST_5513,Startups,1701.53,0,3,238.7
CUST_5859,Startups,2292.55,0,3,61.4
CUST_5136,SMB,11709.91,0,6,321.8
CUST_5811,Startups,1041.45,0,3,170.1
CUST_5076,SMB,7055.16,0,7,261.6
CUST_5636,Startups,2688.26,0,2,88.6
CUST_5973,Startups,3292.12,0,3,104.9
CUST_5938,Startups,3240.31,0,2,189.0
CUST_5899,Startups,2305.03,1,5,76.4
CUST_5280,SMB,5304.33,0,1,235.5
CUST_5883,Startups,2169.1,0,4,226.2
CUST_5761,Startups,1376.14,0,3,298.4
CUST_5319,SMB,11642.01,0,3,242.0
CUST_5549,Startups,2084.45,0,3,145.1
CUST_5174,SMB,6152.25,0,1,241.4
CUST_5371,SMB,6893.74,0,6,460.1
CUST_5527,Startups,3488.66,0,5,141.4
CUST_5210,SMB,9859.84,0,5,255.9
CUST_5235,SMB,10630.53,1,8,234.1
CUST_5101,SMB,9897.95,0,4,221.0
CUST_5986,Startups,1853.47,0,1,271.0
CUST_5902,Startups,1112.93,0,4,126.0
CUST_5947,Startups,3128.34,0,2,65.4
CUST_5346,SMB,11622.19,0,2,197.5
CUST_5139,SMB,5579.11,0,3,411.4
CUST_5621,Startups,2224.25,0,2,195.2
CUST_5499,Startups,2281.85,0,4,106.1
CUST_5370,SMB,10337.73,1,4,479.7
CUST_5198,SMB,6375.04,0,5,202.3
CUST_5687,Startups,3398.02,0,3,186.9
CUST_5584,Startups,3293.34,0,1,146.4
CUST_5901,Startups,1648.6,1,1,231.7
CUST_5059,SMB,5801.71,0,5,221.6
CUST_5328,SMB,9430.42,0,6,369.9
CUST_5096,SMB,7532.69,0,2,301.9
CUST_5312,SMB,6627.99,0,5,220.6
CUST_5974,Startups,1803.83,0,3,148.4
CUST_5299,SMB,9497.38,0,3,193.9
CUST_5277,SMB,8531.68,1,7,431.2
CUST_5924,Startups,1413.28,0,5,196.6
CUST_5601,Startups,2903.58,0,3,216.8
CUST_5439,SMB,9410.08,0,5,178.5
CUST_5837,Startups,3458.54,0,2,198.9
CUST_5570,Startups,1846.14,0,2,162.1
CUST_5879,Startups,2452.47,0,2,289.4
CUST_5261,SMB,10772.65,0,3,415.2
CUST_5578,Startups,3125.69,0,3,97.1
CUST_5023,Enterprise,173587.27,0,0,982.0
CUST_5030,Enterprise,164685.73,0,2,1077.1
CUST_5617,Startups,1866.23,0,6,227.2
CUST_5010,Enterprise,142247.88,0,0,1034.4
CUST_5221,SMB,8420.09,0,2,355.5
CUST_5820,Startups,1126.3,0,3,92.6
CUST_5296,SMB,11856.99,1,2,328.3
CUST_5054,SMB,9936.16,0,9,458.4
CUST_5542,Startups,3097.67,0,3,111.6
CUST_5209,SMB,8544.31,0,5,499.8
CUST_5604,Startups,3408.03,0,1,240.3
CUST_5692,Startups,1587.74,0,4,60.3
CUST_5662,Startups,1468.98,0,3,248.6
CUST_5866,Startups,3163.93,0,5,225.6
CUST_5070,SMB,6502.09,0,2,246.5
CUST_5543,Startups,3475.8,0,4,87.0
CUST_5107,SMB,6905.69,0,8,424.0
CUST_5493,Startups,1790.54,0,4,249.1
CUST_5590,Startups,3318.65,0,4,238.9
CUST_5741,Startups,1280.18,0,3,93.7
CUST_5292,SMB,11473.89,0,5,188.0
CUST_5289,SMB,5711.7,0,5,187.0
CUST_5652,Startups,2679.03,0,4,203.4
CUST_5039,Enterprise,160188.84,0,2,897.5
CUST_5589,Startups,1062.06,0,1,256.1
CUST_5307,SMB,9476.94,0,3,299.8
CUST_5679,Startups,1913.45,0,4,261.2
CUST_5066,SMB,8914.45,0,4,380.5
CUST_5275,SMB,7755.41,0,2,392.5
CUST_5067,SMB,7127.65,0,6,413.6
CUST_5318,SMB,7078.14,0,6,427.4
CUST_5548,Startups,2888.33,0,4,186.8
CUST_5998,Startups,3483.42,0,4,134.7
CUST_5714,Startups,2968.97,0,0,60.2
CUST_5753,Startups,2199.66,0,6,229.9
CUST_5327,SMB,8729.06,0,4,268.7
CUST_5382,SMB,10462.11,0,2,402.6
CUST_5451,Startups,3210.36,0,2,174.2
CUST_5522,Startups,1384.03,0,3,296.0
CUST_5218,SMB,11492.94,0,7,307.0
CUST_5787,Startups,1796.0,0,0,75.0
CUST_5436,SMB,5874.47,0,9,422.1
CUST_5764,Startups,3297.06,0,3,254.2
CUST_5088,SMB,6128.9,0,3,218.1
CUST_5063,SMB,10354.99,0,3,312.0
CUST_5826,Startups,2489.28,0,1,243.7
CUST_5716,Startups,2405.43,0,1,110.4
CUST_5351,SMB,6199.04,0,5,316.9
CUST_5936,Startups,3353.85,0,2,264.8
CUST_5256,SMB,10715.98,0,1,375.8
CUST_5635,Startups,1273.21,0,4,292.1
CUST_5644,Startups,2554.74,0,8,145.6
CUST_5554,Startups,1111.62,0,3,223.4
CUST_5959,Startups,2324.36,0,0,241.6
CUST_5168,SMB,7219.97,0,2,490.9
CUST_5917,Startups,1344.48,0,2,149.7
CUST_5528,Startups,2930.26,0,2,204.3
CUST_5823,Startups,2659.05,0,2,97.5
CUST_5985,Startups,3301.66,0,3,218.3
CUST_5816,Startups,3200.95,0,1,91.3
CUST_5086,SMB,10056.52,0,5,150.8
CUST_5432,SMB,9886.85,1,3,309.4
CUST_5184,SMB,10404.09,0,6,470.2
CUST_5978,Startups,2329.72,0,5,215.1
CUST_5534,Startups,1026.82,1,3,298.9
CUST_5294,SMB,10905.02,0,4,400.3
CUST_5892,Startups,1608.99,0,3,101.7
CUST_5425,SMB,10610.37,0,8,276.7
CUST_5713,Startups,3256.38,0,2,275.9
CUST_5260,SMB,6023.21,1,4,305.2
CUST_5237,SMB,10493.34,0,4,177.5
CUST_5559,Startups,2233.22,0,3,180.0
CUST_5583,Startups,1996.38,0,1,287.4
CUST_5445,SMB,9969.33,0,1,356.9
CUST_5867,Startups,2995.24,0,5,145.6
CUST_5800,Startups,2846.45,0,4,151.9
CUST_5599,Startups,2550.89,0,5,272.6
CUST_5849,Startups,3403.87,0,5,160.2
CUST_5265,SMB,6158.72,0,2,360.6
CUST_5995,Startups,2094.97,0,6,127.2
CUST_5529,Startups,1777.4,0,3,79.1
CUST_5055,SMB,10465.1,0,4,168.1
CUST_5120,SMB,9088.69,0,4,327.4
CUST_5215,SMB,10172.89,0,9,497.3
CUST_5025,Enterprise,131678.32,0,2,1057.7
CUST_5072,SMB,10973.82,0,5,491.7
CUST_5044,Enterprise,169935.59,0,0,837.5
CUST_5247,SMB,7888.0,0,3,480.5
CUST_5721,Startups,2082.43,0,1,237.2
CUST_5281,SMB,6270.49,0,5,243.6
CUST_5893,Startups,1247.31,1,5,209.6
CUST_5914,Startups,3455.92,0,2,132.7
CUST_5810,Startups,1010.02,0,2,136.1
CUST_5244,SMB,9242.11,0,5,308.4
CUST_5822,Startups,1736.89,0,3,230.7
CUST_5321,SMB,8366.37,0,9,395.9
CUST_5643,Startups,1586.34,0,1,278.2
CUST_5158,SMB,10088.96,0,8,190.3
CUST_5977,Startups,2001.13,0,2,94.7
CUST_5429,SMB,10606.75,0,4,184.4
CUST_5941,Startups,3116.2,0,2,277.9
CUST_5462,Startups,3365.06,0,2,145.2
CUST_5309,SMB,5978.38,0,3,468.4
CUST_5697,Startups,2476.86,0,6,232.4
CUST_5060,SMB,9678.82,0,4,253.6
CUST_5884,Startups,1491.86,0,0,149.8
CUST_5595,Startups,1695.06,0,0,204.7
CUST_5767,Startups,1078.21,1,3,110.0
CUST_5649,Startups,1074.02,0,1,195.6
CUST_5650,Startups,2003.39,0,2,189.1
CUST_5865,Startups,3259.93,0,2,164.7
CUST_5668,Startups,1740.91,1,4,136.0
CUST_5298,SMB,10456.34,0,5,494.9
CUST_5689,Startups,2352.14,0,2,169.1
CUST_5314,SMB,7564.75,1,5,387.0
CUST_5310,SMB,8345.14,0,6,374.6
CUST_5361,SMB,5838.14,0,10,462.1
CUST_5479,Startups,2029.53,0,2,193.3
CUST_5110,SMB,8190.43,0,4,190.1
CUST_5989,Startups,2986.14,0,0,168.6
CUST_5486,Startups,2185.33,0,0,178.3
CUST_5363,SMB,5613.96,1,3,310.1
CUST_5254,SMB,6656.64,0,1,394.8
CUST_5259,SMB,9161.04,0,1,368.7
CUST_5802,Startups,3225.05,0,4,115.2
CUST_5677,Startups,2242.29,0,2,184.5
CUST_5494,Startups,2968.58,0,2,100.3
CUST_5670,Startups,1342.05,0,2,203.5
CUST_5377,SMB,8065.33,0,6,436.4
CUST_5526,Startups,3396.07,0,3,233.5
CUST_5845,Startups,3224.14,0,3,167.8
CUST_5137,SMB,8376.12,0,3,245.7
CUST_5355,SMB,8658.42,1,2,262.2
CUST_5365,SMB,7930.26,0,3,460.7
CUST_5942,Startups,1448.73,0,2,230.8
CUST_5749,Startups,3103.01,0,1,254.5
CUST_5948,Startups,3186.44,1,1,195.0
CUST_5829,Startups,1634.16,0,3,233.8
CUST_5656,Startups,3133.36,0,2,119.7
CUST_5199,SMB,7172.27,0,6,314.3
CUST_5213,SMB,10628.87,0,3,179.3
CUST_5408,SMB,5744.94,0,3,298.4
CUST_5332,SMB,9863.59,0,5,470.8
CUST_5208,SMB,5852.83,0,4,269.9
CUST_5613,Startups,3461.45,0,0,293.9
CUST_5078,SMB,8899.23,0,6,360.4
CUST_5029,Enterprise,160982.94,0,2,952.0
CUST_5535,Startups,1522.64,0,1,149.0
CUST_5695,Startups,2323.86,0,0,294.4
CUST_5557,Startups,2225.49,0,5,144.0
CUST_5836,Startups,2896.06,1,5,299.8
CUST_5596,Startups,2757.58,0,3,220.0
CUST_5165,SMB,7596.46,0,4,312.8
CUST_5918,Startups,1761.17,0,6,205.4
CUST_5495,Startups,2372.86,0,2,128.6
CUST_5824,Startups,3090.61,0,1,161.3
CUST_5065,SMB,8875.06,0,4,455.2
CUST_5141,SMB,8434.95,0,3,403.3
CUST_5925,Startups,1633.14,1,3,129.6
CUST_5827,Startups,1578.2,0,5,82.8
CUST_5655,Startups,1870.08,0,2,146.8
CUST_5331,SMB,6416.83,0,3,159.0
CUST_5664,Startups,1854.82,0,7,292.5
CUST_5249,SMB,7981.17,0,7,391.6
CUST_5907,Startups,1276.73,1,3,92.6
CUST_5708,Startups,2095.97,0,1,84.1
CUST_5305,SMB,8239.6,0,5,245.7
CUST_5734,Startups,1151.32,0,4,295.1
CUST_5975,Startups,2520.32,0,2,124.1
CUST_5049,Enterprise,128385.15,0,1,841.8
CUST_5896,Startups,1695.28,0,3,218.1
CUST_5002,Enterprise,171515.88,0,0,893.1
CUST_5544,Startups,1353.99,0,1,112.2
CUST_5350,SMB,9313.16,0,3,432.2
CUST_5904,Startups,3398.33,0,3,111.3
CUST_5536,Startups,2312.72,0,6,230.2
CUST_5344,SMB,10478.37,0,2,266.4
CUST_5994,Startups,3309.46,0,6,152.8
CUST_5481,Startups,1544.07,1,7,105.6
CUST_5575,Startups,2261.98,0,0,137.2
CUST_5033,Enterprise,142227.58,0,1,972.1
CUST_5031,Enterprise,178050.58,0,1,987.2
CUST_5231,SMB,7933.8,0,4,345.8
CUST_5963,Startups,1314.16,0,5,237.5
CUST_5192,SMB,5859.31,0,1,356.1
CUST_5333,SMB,11025.03,0,9,259.0
CUST_5003,Enterprise,161842.08,0,1,937.1
CUST_5204,SMB,5097.55,1,2,489.1
CUST_5514,Startups,1835.33,0,1,178.5
CUST_5799,Startups,2770.23,0,3,275.1
CUST_5306,SMB,7695.63,0,6,151.0
CUST_5109,SMB,11318.22,0,2,157.9
CUST_5430,SMB,11494.57,0,4,363.8
CUST_5077,SMB,9633.42,0,4,196.7
CUST_5084,SMB,5158.98,0,2,206.4
CUST_5286,SMB,5344.78,0,2,245.1
CUST_5082,SMB,10698.14,0,7,344.9
CUST_5991,Startups,2877.1,0,0,248.9
CUST_5789,Startups,2501.83,1,4,70.7
CUST_5894,Startups,2883.76,0,1,183.4
CUST_5398,SMB,8209.84,0,6,369.4
CUST_5323,SMB,8748.04,0,2,285.1
CUST_5519,Startups,3067.93,0,1,99.0
CUST_5916,Startups,1179.56,0,7,107.2
CUST_5922,Startups,2541.89,0,5,175.7
CUST_5005,Enterprise,178537.34,0,1,849.5
CUST_5731,Startups,1127.4,1,3,138.2
CUST_5465,Startups,2749.44,0,1,152.2
CUST_5097,SMB,5613.55,0,6,481.4
CUST_5266,SMB,6993.04,0,6,412.3
CUST_5357,SMB,10594.71,0,1,302.3
CUST_5868,Startups,1249.66,0,2,76.2
CUST_5798,Startups,2812.96,0,2,253.6
CUST_5380,SMB,8870.95,0,6,270.0
CUST_5631,Startups,3056.46,0,4,231.4
CUST_5381,SMB,11552.98,1,5,193.1
CUST_5490,Startups,2755.01,1,2,186.3
CUST_5118,SMB,8024.65,0,8,359.7
CUST_5900,Startups,2171.04,0,1,225.8
CUST_5250,SMB,9563.52,1,2,351.3
CUST_5523,Startups,2502.1,0,3,275.0
CUST_5009,Enterprise,147023.16,0,0,772.8
CUST_5196,SMB,9195.68,0,3,212.8
CUST_5603,Startups,2801.74,0,1,202.7
CUST_5081,SMB,7844.71,0,3,204.4
CUST_5783,Startups,2508.56,0,3,62.5
CUST_5587,Startups,1847.14,0,3,136.1
CUST_5797,Startups,1413.72,0,2,187.5
CUST_5239,SMB,5764.01,0,6,283.3
CUST_5290,SMB,10834.21,0,1,453.1
CUST_5211,SMB,9067.82,0,0,159.2
CUST_5717,Startups,1254.74,0,4,89.7
CUST_5359,SMB,9197.15,0,3,198.0
CUST_5449,SMB,9314.16,0,2,375.0
CUST_5227,SMB,8886.39,0,5,331.3
CUST_5950,Startups,2327.13,0,2,136.9
CUST_5946,Startups,2775.61,0,4,191.2
CUST_5796,Startups,1047.59,0,3,223.0
CUST_5501,Startups,3216.01,0,3,105.6
CUST_5464,Startups,2445.04,0,6,151.4
CUST_5362,SMB,5819.72,0,5,162.6
CUST_5468,Startups,1371.1,0,0,217.3
CUST_5935,Startups,1517.03,0,1,183.3
CUST_5428,SMB,5400.62,0,3,183.2
CUST_5007,Enterprise,167163.86,0,0,743.4
CUST_5155,SMB,9705.68,1,5,362.5
CUST_5541,Startups,2389.92,0,0,138.7
CUST_5440,SMB,10957.92,0,3,429.6
CUST_5482,Startups,2470.77,0,1,193.4
CUST_5422,SMB,5038.01,0,3,427.4
CUST_5778,Startups,2932.34,0,4,222.3
CUST_5949,Startups,1848.31,0,2,73.1
CUST_5334,SMB,5924.72,0,4,381.2
CUST_5576,Startups,3273.88,0,2,75.3
CUST_5934,Startups,2930.88,0,3,188.4
CUST_5567,Startups,1145.27,1,1,252.4
CUST_5594,Startups,1018.29,0,3,239.3
CUST_5530,Startups,2719.16,0,3,113.2
CUST_5581,Startups,2328.53,0,4,63.3
CUST_5707,Startups,2959.56,0,4,175.8
CUST_5448,SMB,5381.5,0,1,261.0
CUST_5453,Startups,1432.82,0,3,154.1
CUST_5228,SMB,9437.83,0,7,240.6
CUST_5352,SMB,8954.65,0,2,217.3
CUST_5728,Startups,2137.79,1,3,290.9
CUST_5212,SMB,6398.43,0,5,329.5
CUST_5079,SMB,10487.29,0,4,415.6
CUST_5148,SMB,8072.38,0,4,344.6
CUST_5302,SMB,8752.48,0,6,235.7
CUST_5628,Startups,2388.65,0,4,151.8
CUST_5777,Startups,1406.86,0,4,244.6
CUST_5506,Startups,1786.13,0,2,177.6
CUST_5342,SMB,10606.19,0,3,425.8
CUST_5485,Startups,2046.0,1,2,219.4
CUST_5711,Startups,2686.49,0,6,120.3
CUST_5133,SMB,7428.09,0,5,416.2
CUST_5703,Startups,3185.79,0,4,192.8
CUST_5311,SMB,7918.23,0,2,354.1
CUST_5722,Startups,1089.61,0,2,272.9
CUST_5629,Startups,3005.15,0,3,245.7
CUST_5000,Enterprise,166437.36,0,4,909.9
CUST_5316,SMB,7656.25,0,12,458.3
CUST_5706,Startups,2979.94,0,1,140.9
CUST_5547,Startups,1200.12,0,4,137.9
CUST_5872,Startups,3448.06,0,2,99.1
CUST_5532,Startups,1969.6,0,5,108.4
CUST_5477,Startups,2527.47,0,4,199.6
CUST_5404,SMB,11979.24,0,7,287.7
CUST_5172,SMB,6791.76,0,6,157.2
CUST_5125,SMB,8457.94,0,6,468.8
CUST_5394,SMB,5086.12,0,4,204.2
CUST_5420,SMB,9593.88,0,3,155.2
CUST_5552,Startups,1452.32,0,8,215.7
CUST_5903,Startups,2203.73,0,1,107.0
CUST_5090,SMB,6066.18,0,3,486.8
CUST_5939,Startups,1250.99,1,3,71.7
CUST_5181,SMB,11254.13,1,5,315.2
CUST_5274,SMB,9765.0,0,2,239.0
CUST_5895,Startups,3202.59,0,3,248.9
CUST_5069,SMB,8057.02,0,4,457.1
CUST_5291,SMB,5363.73,0,1,227.4
CUST_5131,SMB,11475.84,0,4,314.0
CUST_5300,SMB,10452.97,0,2,294.2
CUST_5424,SMB,9241.48,0,4,359.5
CUST_5326,SMB,10630.74,0,4,222.1
CUST_5144,SMB,8314.43,0,3,228.7
CUST_5423,SMB,5361.61,0,5,266.2
CUST_5580,Startups,2247.04,0,5,282.3
CUST_5135,SMB,5159.63,0,1,249.6
CUST_5450,Startups,1105.88,0,4,259.7
CUST_5164,SMB,8883.97,0,5,415.1
CUST_5028,Enterprise,129257.37,0,2,812.2
CUST_5773,Startups,3123.59,0,7,138.7
CUST_5193,SMB,10817.79,0,2,351.4
CUST_5388,SMB,5829.35,0,4,310.5
CUST_5852,Startups,3147.46,0,3,188.3
CUST_5169,SMB,11670.3,1,3,461.0
CUST_5705,Startups,2403.72,0,1,295.1
CUST_5140,SMB,8406.61,0,1,315.2
CUST_5173,SMB,11552.3,0,5,496.9
CUST_5006,Enterprise,165668.38,0,1,1041.8
CUST_5745,Startups,2223.76,0,3,63.0
CUST_5478,Startups,2586.57,0,5,211.6
CUST_5073,SMB,6637.58,0,2,220.6
CUST_5910,Startups,2912.01,1,3,66.5
CUST_5813,Startups,2461.6,0,5,133.1
CUST_5238,SMB,5124.86,0,6,206.0
CUST_5145,SMB,6868.83,0,3,408.6
CUST_5792,Startups,1794.09,0,1,141.0
CUST_5234,SMB,11531.16,0,4,452.2
CUST_5220,SMB,7106.64,1,3,193.0
CUST_5923,Startups,2355.91,0,1,263.2
CUST_5500,Startups,2841.76,0,4,212.2
CUST_5132,SMB,9067.43,1,4,389.3
CUST_5990,Startups,2556.77,0,3,77.4
CUST_5774,Startups,1011.85,0,3,175.2
CUST_5185,SMB,9631.63,0,3,264.4
CUST_5041,Enterprise,169960.69,0,1,1072.4
CUST_5696,Startups,2855.79,0,4,61.3
CUST_5108,SMB,5674.74,0,7,178.1
CUST_5588,Startups,1479.01,0,3,174.6
CUST_5056,SMB,8212.41,0,5,490.7
CUST_5405,SMB,11154.4,0,3,282.7
CUST_5442,SMB,10142.35,0,2,294.8
CUST_5757,Startups,3325.96,0,3,187.2
CUST_5997,Startups,1005.77,0,3,208.3
CUST_5024,Enterprise,166703.01,0,0,1044.8
CUST_5467,Startups,3351.49,0,3,74.6
CUST_5539,Startups,3090.76,0,3,140.9
CUST_5531,Startups,2763.52,0,2,160.2
CUST_5618,Startups,1309.67,0,2,214.5
CUST_5694,Startups,3272.66,0,3,77.7
CUST_5926,Startups,1400.78,0,2,228.9
CUST_5338,SMB,5591.45,0,6,332.3
CUST_5051,SMB,5051.54,0,3,222.0
CUST_5507,Startups,3093.46,0,0,68.0
CUST_5516,Startups,1784.73,0,3,121.8
CUST_5920,Startups,1242.44,0,3,147.5
CUST_5781,Startups,3296.98,0,1,140.5
CUST_5264,SMB,11446.79,0,4,437.3
CUST_5817,Startups,2340.5,0,4,161.4
CUST_5710,Startups,3486.75,0,5,203.9
CUST_5682,Startups,1044.17,0,5,267.3
CUST_5832,Startups,1990.42,0,0,234.8
CUST_5518,Startups,1036.71,0,6,156.2
CUST_5447,SMB,9280.81,0,8,387.3
CUST_5018,Enterprise,169657.87,0,4,994.8
CUST_5715,Startups,1462.95,0,1,114.9
CUST_5483,Startups,1792.6,0,1,97.9
CUST_5568,Startups,1916.52,0,4,285.0
CUST_5433,SMB,10865.86,0,6,392.2
CUST_5367,SMB,9698.62,0,4,438.6
CUST_5083,SMB,6168.81,0,1,434.8
CUST_5061,SMB,8297.67,0,7,456.5
CUST_5638,Startups,2934.3,0,5,232.1
CUST_5272,SMB,5373.67,0,4,452.3
CUST_5285,SMB,7913.84,0,8,190.0
CUST_5360,SMB,11518.65,0,14,302.5
CUST_5354,SMB,8261.9,0,4,278.6
CUST_5456,Startups,3450.07,0,2,171.5
CUST_5278,SMB,11125.03,0,1,499.8
CUST_5012,Enterprise,158631.91,0,2,859.2
CUST_5182,SMB,8632.01,1,5,280.9
CUST_5368,SMB,7335.46,0,1,227.9
CUST_5881,Startups,2504.44,0,2,272.1
CUST_5615,Startups,2834.38,0,4,233.5
CUST_5223,SMB,11689.36,0,4,410.0
CUST_5572,Startups,2206.43,0,3,206.1
CUST_5970,Startups,1632.96,0,2,251.4
CUST_5653,Startups,1594.15,0,4,196.2
CUST_5545,Startups,2120.61,0,5,277.4
CUST_5582,Startups,1262.45,0,4,204.4
CUST_5633,Startups,1931.76,0,3,273.7
CUST_5176,SMB,8045.68,0,6,447.2
CUST_5665,Startups,2794.1,0,2,291.7
CUST_5673,Startups,2752.2,0,4,73.9
CUST_5585,Startups,2577.08,0,2,186.5
CUST_5873,Startups,1942.86,0,4,218.1
CUST_5393,SMB,9802.67,1,5,205.1
CUST_5163,SMB,5261.89,0,5,271.7
CUST_5248,SMB,7619.29,0,2,303.4
CUST_5634,Startups,1121.75,0,5,202.9
CUST_5885,Startups,1943.01,0,1,142.5
CUST_5669,Startups,2019.85,0,3,211.0
CUST_5375,SMB,6034.48,1,2,170.6
CUST_5412,SMB,5633.09,0,6,413.2
CUST_5074,SMB,5408.12,0,3,197.8
CUST_5113,SMB,9054.54,0,4,197.8
CUST_5598,Startups,3454.51,0,5,239.9
CUST_5961,Startups,2086.41,0,6,217.6
CUST_5390,SMB,9459.52,0,2,208.4
CUST_5104,SMB,10451.26,0,4,269.4
CUST_5114,SMB,6237.41,0,2,293.9
CUST_5417,SMB,10437.38,0,3,428.6
CUST_5525,Startups,1912.3,0,5,297.7
CUST_5457,Startups,2146.4,0,2,294.5
CUST_5409,SMB,11993.73,0,2,286.3
CUST_5092,SMB,8123.09,0,5,377.2
CUST_5930,Startups,1740.08,0,3,271.0
CUST_5089,SMB,8507.31,0,2,403.5
CUST_5336,SMB,5665.67,0,3,384.3
CUST_5988,Startups,1856.01,0,1,187.5
CUST_5921,Startups,3114.49,0,1,210.2
CUST_5933,Startups,2900.04,0,0,204.2
CUST_5605,Startups,2955.01,0,7,249.8
CUST_5593,Startups,2496.19,0,2,148.9
CUST_5611,Startups,2635.26,0,5,278.9
CUST_5094,SMB,7110.58,0,3,156.3
CUST_5011,Enterprise,175605.9,0,1,928.7
CUST_5396,SMB,10777.8,0,5,259.0
CUST_5533,Startups,2602.22,0,1,288.8
CUST_5043,Enterprise,138742.0,0,6,886.5
CUST_5042,Enterprise,162015.91,0,0,900.6
CUST_5329,SMB,7017.09,0,7,185.0
CUST_5167,SMB,10657.76,0,5,407.2
CUST_5497,Startups,2565.03,0,3,85.4
CUST_5876,Startups,1986.57,0,4,192.9
CUST_5597,Startups,2584.42,0,2,237.6
CUST_5756,Startups,1826.84,0,4,132.9
CUST_5100,SMB,11360.06,1,3,307.4
CUST_5426,SMB,6669.87,1,7,171.2
CUST_5178,SMB,11241.74,0,3,446.8
CUST_5444,SMB,6895.31,0,5,165.4
CUST_5416,SMB,6001.15,0,3,448.9
CUST_5870,Startups,2859.0,0,3,122.5
CUST_5882,Startups,3338.45,0,2,229.2
CUST_5680,Startups,1167.92,0,2,236.4
CUST_5177,SMB,11946.63,0,7,206.2
CUST_5395,SMB,8180.23,0,9,449.7
CUST_5911,Startups,3191.78,0,4,136.6
CUST_5793,Startups,1195.27,0,2,95.4
CUST_5960,Startups,2341.42,0,0,154.2
CUST_5684,Startups,2586.35,0,7,238.4
CUST_5383,SMB,8355.59,0,8,344.8
CUST_5956,Startups,2943.4,0,6,65.1
CUST_5751,Startups,1806.23,0,1,287.4
CUST_5257,SMB,5736.95,0,4,362.2
CUST_5538,Startups,1414.77,0,1,93.5
CUST_5335,SMB,9300.66,0,6,496.2
CUST_5015,Enterprise,133634.32,0,1,1078.3
CUST_5324,SMB,10939.92,0,2,158.3
CUST_5758,Startups,1121.42,0,1,251.2
CUST_5222,SMB,9640.05,0,8,327.0
CUST_5179,SMB,10240.26,0,3,154.3
CUST_5983,Startups,2171.9,0,5,214.3
CUST_5022,Enterprise,178241.88,0,2,759.6
CUST_5356,SMB,10347.46,0,4,328.5
CUST_5666,Startups,3018.58,0,0,125.9
CUST_5861,Startups,2827.84,0,3,293.5
CUST_5340,SMB,5961.86,1,7,359.9
CUST_5431,SMB,10404.76,0,4,334.1
CUST_5551,Startups,1376.68,0,2,70.4
CUST_5833,Startups,2694.05,0,2,204.2
CUST_5203,SMB,6007.28,0,2,256.4
CUST_5630,Startups,3311.75,0,3,233.6
CUST_5093,SMB,7667.15,0,1,224.1
CUST_5558,Startups,2466.11,0,1,114.3
CUST_5068,SMB,5215.72,1,4,210.7
CUST_5622,Startups,3463.85,0,3,76.3
CUST_5284,SMB,8998.63,0,1,156.1
CUST_5844,Startups,1235.18,0,5,200.7
CUST_5434,SMB,5281.06,0,4,155.9
CUST_5153,SMB,8878.25,0,4,453.2
CUST_5075,SMB,6969.69,0,4,369.1
CUST_5730,Startups,1781.42,0,5,151.7
CUST_5446,SMB,11861.43,0,8,468.5
CUST_5188,SMB,10227.53,0,8,420.5
CUST_5271,SMB,6222.49,0,3,488.4
CUST_5236,SMB,8271.67,0,1,444.0
CUST_5487,Startups,1563.98,0,0,151.1
CUST_5117,SMB,10036.24,0,4,470.8
CUST_5943,Startups,2033.92,0,4,72.2
CUST_5512,Startups,1138.92,0,4,208.8
CUST_5825,Startups,1045.4,1,2,231.1
CUST_5591,Startups,2120.52,1,5,254.0
CUST_5126,SMB,7309.03,0,3,443.3
CUST_5116,SMB,10309.64,0,3,188.2
CUST_5473,Startups,1335.24,0,2,263.1
CUST_5693,Startups,1813.36,0,1,186.8
CUST_5057,SMB,8981.19,0,2,396.3
CUST_5863,Startups,2424.83,0,5,138.0
CUST_5912,Startups,3254.1,0,3,106.0
CUST_5369,SMB,11288.57,0,10,273.5
CUST_5268,SMB,5808.43,0,7,317.7
CUST_5046,Enterprise,143248.7,0,1,905.4
CUST_5349,SMB,5665.34,1,5,400.5
CUST_5195,SMB,6254.88,0,2,202.0
CUST_5999,Startups,1702.24,0,4,101.4
CUST_5834,Startups,2814.42,0,6,194.0
CUST_5736,Startups,1517.55,0,2,148.6
CUST_5263,SMB,6007.1,0,3,486.0
CUST_5443,SMB,6351.29,1,3,235.2
CUST_5675,Startups,1980.92,0,1,121.8
CUST_5304,SMB,11003.01,0,4,433.0
CUST_5341,SMB,11712.16,0,3,485.6
CUST_5966,Startups,3383.01,0,5,98.0
CUST_5149,SMB,5151.28,0,4,449.4
CUST_5124,SMB,5291.3,0,4,323.2
CUST_5786,Startups,3032.9,0,4,197.3
CUST_5050,SMB,6399.36,0,1,301.4
CUST_5353,SMB,9007.01,0,4,445.7
CUST_5927,Startups,3129.83,0,0,256.8
CUST_5142,SMB,11564.79,0,5,328.7
CUST_5470,Startups,2010.09,0,8,168.7
CUST_5399,SMB,8096.2,0,2,443.7
CUST_5625,Startups,2028.94,0,3,178.6
CUST_5320,SMB,11414.44,0,8,192.7
CUST_5019,Enterprise,157899.86,0,2,849.7
CUST_5809,Startups,3479.44,0,2,299.5
CUST_5790,Startups,1540.89,0,4,213.9
CUST_5808,Startups,2268.23,0,2,129.8
CUST_5407,SMB,10858.28,1,3,195.3
CUST_5537,Startups,1409.38,0,4,157.9
CUST_5620,Startups,2943.36,0,3,277.3
CUST_5038,Enterprise,133614.56,0,2,808.1
CUST_5175,SMB,5314.37,0,5,382.7
CUST_5245,SMB,11074.17,0,3,273.5
CUST_5828,Startups,3184.72,0,2,264.5
CUST_5667,Startups,3496.86,0,1,243.9
CUST_5754,Startups,2708.15,0,5,219.7
CUST_5858,Startups,1947.63,0,0,146.0
CUST_5154,SMB,5760.03,0,4,290.5
CUST_5287,SMB,7615.3,0,4,206.0
CUST_5602,Startups,3258.32,0,1,127.3
CUST_5569,Startups,2348.82,0,3,289.7
CUST_5743,Startups,1003.08,0,3,157.6
CUST_5017,Enterprise,123829.04,0,2,885.4
CUST_5127,SMB,6011.67,0,3,434.5
CUST_5322,SMB,7298.53,1,3,427.9
CUST_5255,SMB,10222.1,0,4,336.4
CUST_5657,Startups,1747.36,0,4,288.3
CUST_5964,Startups,3380.62,0,2,232.5
CUST_5190,SMB,11557.69,0,3,480.0
CUST_5115,SMB,10996.3,1,8,304.6
CUST_5616,Startups,2874.96,1,2,197.7
CUST_5606,Startups,3167.0,0,3,160.8
CUST_5180,SMB,11235.55,0,3,304.7
CUST_5301,SMB,5941.87,0,4,448.1
CUST_5759,Startups,2151.92,0,4,170.8
CUST_5712,Startups,3036.6,0,1,206.9
CUST_5723,Startups,3399.44,0,1,282.4
CUST_5685,Startups,1858.23,0,0,276.4
CUST_5979,Startups,1468.1,0,1,296.1
CUST_5517,Startups,2856.73,0,0,293.7
CUST_5984,Startups,1382.19,0,5,169.5
CUST_5045,Enterprise,168285.86,0,2,952.6
CUST_5909,Startups,1736.93,0,5,85.2
CUST_5157,SMB,9615.96,1,5,349.0
CUST_5851,Startups,1498.85,0,4,107.2
CUST_5171,SMB,8605.4,0,3,380.7
CUST_5016,Enterprise,153275.09,0,2,901.1
CUST_5511,Startups,3104.98,0,1,266.7
CUST_5048,Enterprise,160949.73,0,0,1043.3
CUST_5971,Startups,1075.14,0,1,88.0
CUST_5940,Startups,1661.35,0,2,167.6
CUST_5515,Startups,1432.49,0,3,208.4
CUST_5952,Startups,1611.99,0,3,279.1
CUST_5480,Startups,2021.96,0,6,245.4
CUST_5283,SMB,6745.71,0,1,287.9
CUST_5718,Startups,2632.31,0,2,99.9
CUST_5877,Startups,1797.83,0,1,178.2
CUST_5225,SMB,11473.66,0,4,236.3
CUST_5026,Enterprise,148003.26,0,0,1047.9
CUST_5954,Startups,3350.05,0,2,266.4
CUST_5437,SMB,8531.72,0,8,468.5
CUST_5951,Startups,1621.02,1,2,210.9
CUST_5364,SMB,9605.04,0,4,381.2
CUST_5229,SMB,5741.28,1,5,446.0
CUST_5037,Enterprise,148542.3,0,2,871.1
CUST_5965,Startups,2205.08,1,4,80.6
CUST_5374,SMB,6103.28,0,1,307.9
CUST_5469,Startups,2270.88,0,5,181.2
CUST_5967,Startups,1408.94,0,2,91.9
CUST_5850,Startups,1446.1,0,8,232.3
CUST_5704,Startups,1708.12,0,4,296.8
CUST_5841,Startups,2990.07,0,2,289.1
CUST_5194,SMB,6072.99,0,2,425.2
CUST_5854,Startups,1530.37,0,1,180.9
CUST_5864,Startups,1261.54,0,5,122.1
CUST_5503,Startups,2259.08,0,4,292.6
CUST_5969,Startups,1519.29,0,5,279.3
CUST_5830,Startups,2526.93,0,3,141.4
CUST_5579,Startups,1851.48,0,5,89.7
CUST_5968,Startups,2386.04,0,2,283.8
CUST_5162,SMB,6611.5,0,2,236.4
CUST_5908,Startups,1631.09,0,3,218.2
CUST_5152,SMB,5981.74,1,6,483.9
CUST_5801,Startups,1792.88,0,4,225.6
CUST_5993,Startups,1529.89,1,3,154.7
CUST_5755,Startups,1570.63,0,2,112.1
CUST_5111,SMB,6416.54,0,5,288.2
CUST_5226,SMB,5174.02,0,5,473.0
CUST_5688,Startups,2879.91,0,4,273.6
CUST_5103,SMB,11784.23,0,3,391.8
CUST_5421,SMB,5253.14,0,9,358.9
CUST_5419,SMB,11374.47,0,2,492.0
CUST_5750,Startups,1650.87,0,5,232.7
CUST_5586,Startups,1443.77,0,4,227.0
CUST_5780,Startups,1635.66,0,1,174.9
CUST_5672,Startups,3493.95,0,4,61.2
CUST_5119,SMB,9391.16,0,2,286.0
CUST_5053,SMB,9653.96,0,6,395.7
CUST_5151,SMB,11273.13,0,11,407.6
CUST_5403,SMB,5774.12,0,3,307.3
CUST_5945,Startups,1613.15,0,2,258.4
CUST_5207,SMB,9743.61,0,1,226.9
CUST_5658,Startups,2475.8,0,2,194.7
CUST_5843,Startups,2019.9,0,5,99.7
CUST_5762,Startups,1118.44,0,2,87.7
CUST_5008,Enterprise,127686.82,0,2,936.0
CUST_5807,Startups,1432.36,0,2,268.4
CUST_5036,Enterprise,127795.29,0,1,1001.5
CUST_5452,Startups,2773.95,0,1,256.7
CUST_5651,Startups,3239.09,0,2,101.6
CUST_5253,SMB,6734.88,0,4,464.4
CUST_5303,SMB,8599.56,0,3,243.4
CUST_5746,Startups,1832.74,0,2,125.6
CUST_5571,Startups,3111.2,0,3,123.4
CUST_5623,Startups,2162.43,0,3,125.0
CUST_5732,Startups,1279.0,0,3,182.4
CUST_5891,Startups,3387.25,0,3,69.7
CUST_5262,SMB,7172.34,0,5,489.1
CUST_5610,Startups,2382.76,0,1,122.5
CUST_5297,SMB,10614.18,0,7,189.1
CUST_5414,SMB,5203.0,0,2,432.2
CUST_5150,SMB,10784.04,0,4,237.3
CUST_5788,Startups,2998.03,0,5,124.9
CUST_5640,Startups,2848.58,0,3,129.2
CUST_5889,Startups,2711.41,0,2,156.6
CUST_5550,Startups,2173.32,0,1,184.2
CUST_5886,Startups,1985.27,0,3,61.4
CUST_5488,Startups,2431.14,0,3,272.4
CUST_5147,SMB,8644.71,0,8,243.3
CUST_5146,SMB,7320.98,0,6,400.3
CUST_5720,Startups,2281.83,1,2,84.6
CUST_5931,Startups,1928.13,0,1,107.3
CUST_5739,Startups,2041.52,0,2,151.9
CUST_5659,Startups,1992.35,1,4,66.5
CUST_5348,SMB,9130.53,0,3,239.3
CUST_5463,Startups,1753.36,0,3,233.5
CUST_5325,SMB,9568.11,0,4,436.4
CUST_5186,SMB,7615.6,0,3,352.7
CUST_5123,SMB,7910.65,0,7,351.3
CUST_5853,Startups,3281.46,0,2,65.2
CUST_5608,Startups,2831.03,0,3,140.1
CUST_5143,SMB,9002.1,0,5,399.5
CUST_5958,Startups,2226.52,0,1,230.4
CUST_5197,SMB,11121.93,0,2,413.2
CUST_5609,Startups,2100.22,0,4,100.6
CUST_5279,SMB,10957.92,0,5,272.2
CUST_5293,SMB,5693.79,0,5,153.5
CUST_5400,SMB,7113.49,0,4,409.0
CUST_5122,SMB,5591.11,0,6,449.0
CUST_5183,SMB,7211.5,0,4,355.2
CUST_5202,SMB,8505.19,0,3,223.7
CUST_5438,SMB,10216.32,0,1,303.4
CUST_5246,SMB,9221.75,0,6,191.3
CUST_5415,SMB,6685.8,0,4,339.9
CUST_5932,Startups,2012.14,0,1,248.8
CUST_5765,Startups,1023.15,1,1,261.3
CUST_5906,Startups,2238.77,0,2,185.7
CUST_5835,Startups,2417.34,0,4,236.3
CUST_5887,Startups,1327.77,0,2,295.7
CUST_5129,SMB,9113.51,0,5,203.6
CUST_5637,Startups,2783.15,0,4,211.7
CUST_5402,SMB,10469.06,0,4,368.8
CUST_5784,Startups,3461.62,0,2,141.5
CUST_5770,Startups,1604.1,0,2,239.0
CUST_5735,Startups,2745.47,0,4,113.1
CUST_5913,Startups,3461.42,0,8,297.3
CUST_5219,SMB,7783.05,1,4,210.1
CUST_5641,Startups,3002.18,0,5,192.0
CUST_5915,Startups,3382.5,0,1,113.3
CUST_5752,Startups,1606.21,0,3,162.5
CUST_5806,Startups,2732.74,1,4,289.3
CUST_5919,Startups,2382.25,0,4,247.7
CUST_5624,Startups,3444.79,0,3,230.0
CUST_5874,Startups,2798.28,0,4,186.4
CUST_5760,Startups,2778.9,0,2,114.7
CUST_5386,SMB,10024.32,0,2,492.7
CUST_5972,Startups,1297.38,0,1,197.8
CUST_5509,Startups,1289.64,0,3,194.0
CUST_5267,SMB,6075.29,0,3,212.3
CUST_5819,Startups,1682.97,0,4,222.4
CUST_5441,SMB,6086.49,1,5,459.8
CUST_5496,Startups,2078.55,0,3,141.1
CUST_5112,SMB,7141.7,0,8,313.3
CUST_5691,Startups,3242.49,0,2,72.9
CUST_5232,SMB,11763.62,0,2,402.6
CUST_5869,Startups,1510.99,0,4,156.7
CUST_5607,Startups,1285.26,0,0,182.1
CUST_5671,Startups,2437.18,0,3,73.1
CUST_5373,SMB,7201.08,0,5,316.4
CUST_5981,Startups,3045.77,0,0,79.0
CUST_5842,Startups,2300.58,0,2,106.3
CUST_5233,SMB,9172.3,0,9,248.0
CUST_5785,Startups,1903.84,0,3,121.5
CUST_5676,Startups,3288.25,0,3,277.7
CUST_5317,SMB,9800.2,1,2,352.8
CUST_5648,Startups,2693.22,0,2,83.0
CUST_5410,SMB,9659.79,0,3,162.1
CUST_5898,Startups,1464.42,1,2,255.7
CUST_5709,Startups,2190.64,0,1,185.3
CUST_5358,SMB,8445.07,0,4,389.1
CUST_5258,SMB,5465.91,0,8,301.6
CUST_5744,Startups,2270.42,0,0,100.9
CUST_5627,Startups,1212.05,0,3,203.2
CUST_5632,Startups,1092.43,0,3,231.7
CUST_5282,SMB,6657.21,0,2,182.7
CUST_5376,SMB,11552.89,0,1,462.3
CUST_5384,SMB,7634.52,0,3,231.9
CUST_5224,SMB,7005.12,0,3,462.3
CUST_5953,Startups,1403.14,0,2,145.9
CUST_5814,Startups,1317.27,0,4,168.1
CUST_5472,Startups,1298.04,0,4,242.0
CUST_5347,SMB,6773.68,0,2,447.4
CUST_5505,Startups,2999.68,0,2,284.7
CUST_5639,Startups,3163.64,0,3,174.5
CUST_5987,Startups,1125.27,0,2,174.5
CUST_5928,Startups,2460.57,1,4,171.7
CUST_5905,Startups,2631.3,0,2,107.6
CUST_5619,Startups,1102.37,1,1,229.6
CUST_5855,Startups,2174.5,0,4,190.9
CUST_5803,Startups,2484.58,0,5,216.4
CUST_5645,Startups,3145.31,0,3,102.2
CUST_5846,Startups,1987.52,0,2,197.0
CUST_5556,Startups,1730.15,0,2,165.1
CUST_5957,Startups,2294.15,1,4,117.5
CUST_5577,Startups,2467.81,0,1,110.4
CUST_5795,Startups,1866.2,0,2,200.3
CUST_5085,SMB,5630.34,0,7,222.7
CUST_5242,SMB,6628.49,0,3,456.4
CUST_5698,Startups,2633.6,0,2,118.4
CUST_5159,SMB,10380.53,0,7,165.9
CUST_5524,Startups,1299.18,0,3,228.5
CUST_5035,Enterprise,131368.28,0,1,1063.1
CUST_5540,Startups,3472.83,0,0,116.0
CUST_5170,SMB,7036.42,0,8,239.1
CUST_5654,Startups,3131.95,0,2,245.7
CUST_5890,Startups,1848.69,0,3,190.5
CUST_5857,Startups,3195.91,0,5,215.9
CUST_5847,Startups,2706.45,0,2,251.5
CUST_5944,Startups,2124.65,0,3,272.2
CUST_5733,Startups,1961.26,0,8,130.0
CUST_5095,SMB,9411.98,0,3,415.5
CUST_5563,Startups,2593.97,0,2,86.1
CUST_5240,SMB,10806.0,0,3,448.9
CUST_5742,Startups,3156.91,1,2,200.2
CUST_5574,Startups,3130.04,0,1,209.4
CUST_5690,Startups,1711.35,0,3,254.8
CUST_5460,Startups,2431.03,0,4,154.8
CUST_5553,Startups,3267.76,0,3,195.2
CUST_5888,Startups,1407.18,0,3,205.6
CUST_5206,SMB,5922.76,0,5,165.6
CUST_5392,SMB,9117.81,1,6,362.1
CUST_5794,Startups,1074.59,0,3,289.9
CUST_5397,SMB,7067.51,0,4,370.6
CUST_5766,Startups,1470.8,0,3,250.8
CUST_5848,Startups,1373.44,0,5,283.6
CUST_5217,SMB,5866.28,0,2,167.7
CUST_5004,Enterprise,125650.64,0,1,791.2
CUST_5768,Startups,1276.57,0,2,211.8
CUST_5642,Startups,1122.41,0,3,147.5
CUST_5929,Startups,2837.82,0,2,296.9
CUST_5612,Startups,3424.54,0,5,134.2
CUST_5738,Startups,1985.31,0,6,90.0
CUST_5546,Startups,1981.43,0,3,80.5
CUST_5725,Startups,1102.7,1,1,107.4
CUST_5683,Startups,2133.2,0,3,238.1
CUST_5098,SMB,5826.04,0,4,337.0
CUST_5804,Startups,1315.07,0,5,155.8
CUST_5727,Startups,1163.83,0,2,115.7
CUST_5573,Startups,2921.57,0,5,210.8
CUST_5406,SMB,6987.36,0,2,296.4
CUST_5502,Startups,3302.64,0,5,89.6
CUST_5047,Enterprise,137299.69,0,2,751.0
CUST_5032,Enterprise,139549.52,0,1,895.5
CUST_5779,Startups,3138.73,0,2,123.2
CUST_5839,Startups,2286.46,0,3,238.6
CUST_5200,SMB,10441.83,0,4,406.1
CUST_5134,SMB,9136.41,0,2,253.4
CUST_5027,Enterprise,122628.23,0,2,878.5
CUST_5880,Startups,2022.85,0,1,91.4
CUST_5230,SMB,5982.38,0,4,162.4
CUST_5489,Startups,2414.43,0,6,245.5
CUST_5772,Startups,2475.49,0,2,103.5
CUST_5378,SMB,7683.24,0,2,309.7
CUST_5288,SMB,8666.27,0,4,406.3
CUST_5418,SMB,6387.43,0,3,184.4
CUST_5674,Startups,2488.03,0,1,90.7
CUST_5391,SMB,5853.45,0,5,336.1
CUST_5592,Startups,1768.84,0,0,297.0
CUST_5498,Startups,1901.64,0,2,180.4
CUST_5138,SMB,10479.15,1,7,383.6
CUST_5062,SMB,8956.65,0,5,252.0
CUST_5471,Startups,2185.42,0,3,232.6
CUST_5647,Startups,2286.57,0,2,155.0
CUST_5128,SMB,5723.82,0,6,229.0
CUST_5976,Startups,2162.54,0,2,258.9
CUST_5520,Startups,3141.37,0,3,73.4
CUST_5838,Startups,2048.18,0,1,254.1
CUST_5962,Startups,1329.39,0,5,206.9
CUST_5064,SMB,9443.03,0,3,397.0
CUST_5812,Startups,3482.71,0,6,264.3
CUST_5014,Enterprise,146604.85,0,1,872.6
CUST_5156,SMB,6968.64,1,7,497.1
CUST_5040,Enterprise,146229.12,0,1,829.6
CUST_5492,Startups,2631.08,0,6,161.8
CUST_5379,SMB,10107.8,0,7,247.8
CUST_5187,SMB,5661.27,0,3,457.1
CUST_5763,Startups,1345.51,0,5,289.4
CUST_5216,SMB,5917.4,0,2,396.6
CUST_5791,Startups,2035.07,0,0,196.4
CUST_5052,SMB,10508.47,0,2,343.7
CUST_5878,Startups,2521.85,0,6,251.0
CUST_5337,SMB,10080.01,0,2,333.8
CUST_5748,Startups,2951.45,0,5,150.4
CUST_5719,Startups,3388.37,0,1,210.2
CUST_5724,Startups,1257.51,0,6,218.4
CUST_5295,SMB,11318.57,0,3,239.8
CUST_5701,Startups,1806.23,0,3,66.5
CUST_5251,SMB,11072.43,1,6,325.6
CUST_5726,Startups,1615.17,0,2,80.5
CUST_5461,Startups,1362.83,0,1,191.5
CUST_5455,Startups,1458.83,0,3,199.9
CUST_5996,Startups,2597.53,0,3,156.6
CUST_5815,Startups,3243.26,0,5,219.7
CUST_5862,Startups,2957.4,0,3,281.4
CUST_5269,SMB,5148.04,0,3,240.1
CUST_5201,SMB,11802.78,0,6,377.9
CUST_5161,SMB,11412.08,0,3,298.3
CUST_5555,Startups,1582.13,0,6,196.1
CUST_5729,Startups,2290.22,0,2,291.0
CUST_5401,SMB,11429.09,1,1,444.2
CUST_5702,Startups,1388.6,0,3,66.5
CUST_5476,Startups,2069.76,0,1,231.4
CUST_5821,Startups,2486.42,0,4,115.9
CUST_5771,Startups,2423.03,0,3,125.2
CUST_5105,SMB,10018.23,0,0,334.7
CUST_5565,Startups,2675.51,0,1,216.5
CUST_5389,SMB,10953.74,1,3,323.0
CUST_5001,Enterprise,146332.71,0,2,979.1
CUST_5937,Startups,1301.64,0,1,206.6
CUST_5982,Startups,2854.04,0,2,277.9
CUST_5561,Startups,1609.17,0,3,138.8
CUST_5080,SMB,9650.19,0,5,427.6
CUST_5205,SMB,6607.59,1,6,307.0
CUST_5034,Enterprise,148173.35,0,1,1005.2
CUST_5775,Startups,3133.42,0,3,197.7
CUST_5508,Startups,2235.35,0,2,197.8
CUST_5427,SMB,10945.86,1,5,153.0
CUST_5454,Startups,1229.3,0,2,143.6
CUST_5366,SMB,10420.25,0,3,357.8
CUST_5091,SMB,9874.24,0,5,223.1
CUST_5339,SMB,11551.58,0,4,281.9
CUST_5897,Startups,1505.22,0,3,204.3
CUST_5564,Startups,2622.87,0,2,75.1
CUST_5345,SMB,10565.8,0,5,459.2
CUST_5776,Startups,2547.8,0,5,260.9
CUST_5241,SMB,10577.72,0,3,200.6
CUST_5013,Enterprise,169365.7,0,2,798.7
CUST_5315,SMB,7292.47,0,6,171.2
CUST_5600,Startups,2193.76,0,3,143.8
CUST_5387,SMB,11658.36,0,5,192.8
CUST_5273,SMB,9138.01,0,8,329.8
CUST_5166,SMB,10808.53,0,4,454.0
CUST_5840,Startups,1031.17,1,4,265.4
CUST_5992,Startups,2984.09,0,4,90.3
CUST_5646,Startups,1011.25,0,2,198.3
CUST_5818,Startups,2554.48,0,3,134.3
CUST_5484,Startups,1090.15,0,5,157.7
CUST_5980,Startups,3471.51,0,5,224.9
CUST_5504,Startups,2300.69,0,3,218.0
CUST_5831,Startups,2383.85,0,4,243.3
CUST_5243,SMB,8715.39,1,5,230.4
CUST_5566,Startups,2907.26,0,0,155.5
CUST_5875,Startups,3218.93,0,1,125.0
CUST_5562,Startups,3108.97,0,2,222.7
CUST_5686,Startups,2050.95,0,3,203.7
CUST_5189,SMB,6837.22,0,3,164.3
CUST_5782,Startups,2136.14,0,1,116.4
CUST_5699,Startups,1748.46,0,1,292.2
CUST_5475,Startups,1761.76,0,3,138.5
CUST_5681,Startups,1504.95,0,2,153.9
CUST_5510,Startups,1180.15,0,1,63.6
CUST_5058,SMB,5978.58,0,4,249.5
CUST_5474,Startups,1695.19,0,3,150.0
CUST_5560,Startups,1210.29,0,4,66.3
CUST_5856,Startups,2833.74,0,3,236.5
CUST_5747,Startups,2078.32,0,1,74.8
CUST_5252,SMB,8177.28,1,2,365.8
CUST_5021,Enterprise,141271.56,0,2,833.1
CUST_5313,SMB,7572.58,1,3,395.0
CUST_5459,Startups,2591.02,0,2,152.4
CUST_5160,SMB,5754.19,1,5,426.6
CUST_5276,SMB,7225.94,0,4,302.2
CUST_5955,Startups,3219.97,0,1,280.4
CUST_5191,SMB,6686.79,0,3,166.3
CUST_5385,SMB,11906.42,1,5,368.1
CUST_5805,Startups,1359.3,0,2,61.6
CUST_5413,SMB,11279.23,0,2,352.3
CUST_5491,Startups,2619.87,0,1,288.0
CUST_5343,SMB,9155.77,0,4,298.5
CUST_5769,Startups,2550.37,0,2,241.6
CUST_5308,SMB,6865.24,1,2,154.4
CUST_5661,Startups,3216.39,0,5,107.2
CUST_5130,SMB,6194.15,0,4,391.5
CUST_5663,Startups,1212.03,0,3,229.2
CUST_5871,Startups,1057.85,0,3,138.0
CUST_5099,SMB,11733.28,0,4,205.1
CUST_5372,SMB,7549.34,0,4,345.3
CUST_5087,SMB,8233.14,0,3,333.6
CUST_5458,Startups,2960.2,0,3,183.9
CUST_5330,SMB,10144.25,0,7,175.2
CUST_5214,SMB,10007.85,0,4,245.9
CUST_5466,Startups,2623.08,0,3,208.1
CUST_5121,SMB,9548.93,1,3,260.0
CUST_5614,Startups,1720.57,0,3,118.0
CUST_5020,Enterprise,165485.26,0,2,868.8
CUST_5700,Startups,1603.43,0,0,151.6
CUST_5071,SMB,7859.7,0,3,194.9
CUST_5106,SMB,8145.53,1,4,384.3
CUST_5270,SMB,5387.77,0,1,151.2
CUST_5860,Startups,2854.29,0,8,87.7
CUST_5435,SMB,6412.47,0,9,244.8
CUST_5102,SMB,6861.09,0,4,457.3
