customer_id,customer_type,product,revenue,churn,support_tickets
CUST_4521,Startups,Business Pro,2452.23,0,4
CUST_4737,Startups,Starter Kit,3541.5,0,2
CUST_4740,Startups,Starter Kit,2656.7,0,7
CUST_4660,Startups,Starter Kit,2390.24,0,3
CUST_4411,SMB,Business Pro,5800.25,1,6
CUST_4678,Startups,Starter Kit,3923.68,0,2
CUST_4626,Startups,Business Pro,2656.34,0,3
CUST_4513,Startups,Starter Kit,3665.16,1,2
CUST_4859,Startups,Business Pro,1664.27,0,4
CUST_4136,SMB,Business Pro,4075.16,0,5
CUST_4811,Startups,Starter Kit,3597.25,0,4
CUST_4076,SMB,Enterprise Suite,5085.08,0,6
CUST_4636,Startups,Starter Kit,2831.54,0,2
CUST_4973,Startups,Starter Kit,2037.35,0,6
CUST_4938,Startups,Business Pro,1794.38,0,2
CUST_4899,Startups,Business Pro,1713.77,0,3
CUST_4280,SMB,Starter Kit,5560.02,0,2
CUST_4883,Startups,Starter Kit,1760.27,0,5
CUST_4761,Startups,Business Pro,2279.31,0,3
CUST_4319,SMB,Starter Kit,3000.97,1,3
CUST_4549,Startups,Starter Kit,3430.8,0,4
CUST_4174,SMB,Business Pro,4580.69,0,5
CUST_4371,SMB,Business Pro,2072.89,0,1
CUST_4527,Startups,Starter Kit,2183.52,0,2
CUST_4210,SMB,Business Pro,4194.94,0,5
CUST_4235,SMB,Starter Kit,4889.81,0,1
CUST_4101,SMB,Business Pro,4545.64,0,4
CUST_4986,Startups,Starter Kit,3221.01,0,3
CUST_4902,Startups,Business Pro,1953.59,0,6
CUST_4947,Startups,Starter Kit,3750.05,0,5
CUST_4346,SMB,Business Pro,4540.37,0,1
CUST_4139,SMB,Business Pro,5887.13,0,3
CUST_4621,Startups,Starter Kit,2023.37,1,3
CUST_4499,Startups,Business Pro,3965.53,0,4
CUST_4370,SMB,Enterprise Suite,2403.11,0,10
CUST_4198,SMB,Business Pro,5548.35,0,6
CUST_4687,Startups,Starter Kit,2199.95,0,1
CUST_4584,Startups,Starter Kit,3083.5,0,5
CUST_4901,Startups,Starter Kit,1566.33,1,4
CUST_4059,SMB,Starter Kit,3301.32,0,1
CUST_4328,SMB,Business Pro,3678.4,0,3
CUST_4096,SMB,Starter Kit,4090.93,0,4
CUST_4312,SMB,Business Pro,2101.4,0,6
CUST_4974,Startups,Business Pro,1577.96,0,7
CUST_4299,SMB,Business Pro,2341.39,0,7
CUST_4277,SMB,Business Pro,4599.86,0,4
CUST_4924,Startups,Starter Kit,2563.03,0,6
CUST_4601,Startups,Business Pro,2196.48,0,1
CUST_4439,SMB,Starter Kit,2325.4,0,4
CUST_4837,Startups,Starter Kit,2405.98,0,3
CUST_4570,Startups,Starter Kit,2784.97,0,1
CUST_4879,Startups,Starter Kit,2054.93,0,4
CUST_4261,SMB,Business Pro,5960.22,0,0
CUST_4578,Startups,Starter Kit,2730.29,0,0
CUST_4023,Enterprise,Enterprise Suite,141981.71,0,2
CUST_4030,Enterprise,Enterprise Suite,156452.69,0,3
CUST_4617,Startups,Starter Kit,2192.19,0,4
CUST_4010,Enterprise,Enterprise Suite,121235.07,0,2
CUST_4221,SMB,Business Pro,4273.23,0,3
CUST_4820,Startups,Starter Kit,3507.13,0,1
CUST_4296,SMB,Business Pro,5079.97,0,3
CUST_4054,SMB,Business Pro,4391.6,0,4
CUST_4542,Startups,Business Pro,2071.61,0,8
CUST_4209,SMB,Starter Kit,2643.23,0,9
CUST_4604,Startups,Starter Kit,1801.59,1,3
CUST_4692,Startups,Starter Kit,2769.03,0,4
CUST_4662,Startups,Business Pro,3014.44,0,0
CUST_4866,Startups,Business Pro,1888.1,1,1
CUST_4070,SMB,Business Pro,5088.98,0,2
CUST_4543,Startups,Starter Kit,3179.25,0,1
CUST_4107,SMB,Business Pro,5022.2,0,1
CUST_4493,Startups,Starter Kit,1970.3,1,1
CUST_4590,Startups,Starter Kit,1847.07,0,2
CUST_4741,Startups,Starter Kit,2253.44,0,2
CUST_4292,SMB,Enterprise Suite,5290.4,0,5
CUST_4289,SMB,Business Pro,4363.33,1,1
CUST_4652,Startups,Starter Kit,2967.1,0,0
CUST_4039,Enterprise,Enterprise Suite,146409.15,0,2
CUST_4589,Startups,Starter Kit,1879.76,0,1
CUST_4307,SMB,Business Pro,3291.83,0,5
CUST_4679,Startups,Starter Kit,3663.77,0,3
CUST_4066,SMB,Starter Kit,2563.7,0,0
CUST_4275,SMB,Business Pro,4006.07,1,4
CUST_4067,SMB,Business Pro,5208.79,1,4
CUST_4318,SMB,Starter Kit,2625.75,1,2
CUST_4548,Startups,Starter Kit,2800.77,1,3
CUST_4998,Startups,Starter Kit,3875.59,1,2
CUST_4714,Startups,Starter Kit,2372.17,1,1
CUST_4753,Startups,Starter Kit,2337.26,0,5
CUST_4327,SMB,Enterprise Suite,4446.88,0,4
CUST_4382,SMB,Starter Kit,4515.77,0,5
CUST_4451,Startups,Starter Kit,2896.01,0,1
CUST_4522,Startups,Starter Kit,3924.79,0,4
CUST_4218,SMB,Business Pro,4598.53,0,2
CUST_4787,Startups,Business Pro,2502.13,0,2
CUST_4436,SMB,Business Pro,2291.05,0,4
CUST_4764,Startups,Starter Kit,1583.83,0,1
CUST_4088,SMB,Starter Kit,5548.85,0,3
CUST_4063,SMB,Starter Kit,3427.01,0,7
CUST_4826,Startups,Starter Kit,2365.86,1,1
CUST_4716,Startups,Starter Kit,3576.55,1,1
CUST_4351,SMB,Business Pro,5425.96,0,3
CUST_4936,Startups,Business Pro,1545.98,0,4
CUST_4256,SMB,Business Pro,5744.62,0,7
CUST_4635,Startups,Starter Kit,2618.53,0,2
CUST_4644,Startups,Starter Kit,1799.41,0,6
CUST_4554,Startups,Business Pro,3691.63,0,3
CUST_4959,Startups,Starter Kit,3345.08,0,1
CUST_4168,SMB,Business Pro,2163.1,1,7
CUST_4917,Startups,Business Pro,3871.13,0,3
CUST_4528,Startups,Starter Kit,1640.94,0,5
CUST_4823,Startups,Business Pro,2495.42,0,4
CUST_4985,Startups,Starter Kit,2738.73,0,3
CUST_4816,Startups,Starter Kit,2978.19,0,3
CUST_4086,SMB,Starter Kit,4918.42,0,5
CUST_4432,SMB,Starter Kit,4472.87,0,5
CUST_4184,SMB,Business Pro,3031.77,1,4
CUST_4978,Startups,Business Pro,2740.92,0,0
CUST_4534,Startups,Starter Kit,3422.47,0,6
CUST_4294,SMB,Starter Kit,2508.24,0,3
CUST_4892,Startups,Starter Kit,3575.55,0,3
CUST_4425,SMB,Starter Kit,4198.12,0,8
CUST_4713,Startups,Starter Kit,2529.6,0,3
CUST_4260,SMB,Business Pro,4460.03,0,3
CUST_4237,SMB,Enterprise Suite,2097.26,0,3
CUST_4559,Startups,Business Pro,3050.77,0,2
CUST_4583,Startups,Starter Kit,2321.88,0,4
CUST_4445,SMB,Business Pro,5788.99,0,4
CUST_4867,Startups,Starter Kit,1954.82,0,7
CUST_4800,Startups,Starter Kit,3268.1,0,1
CUST_4599,Startups,Starter Kit,1602.17,0,2
CUST_4849,Startups,Starter Kit,2988.46,0,5
CUST_4265,SMB,Starter Kit,4963.07,1,4
CUST_4995,Startups,Starter Kit,1728.96,0,1
CUST_4529,Startups,Starter Kit,3661.81,0,3
CUST_4055,SMB,Starter Kit,5687.5,0,6
CUST_4120,SMB,Business Pro,5229.76,0,5
CUST_4215,SMB,Business Pro,2949.0,0,6
CUST_4025,Enterprise,Enterprise Suite,167110.56,0,1
CUST_4072,SMB,Starter Kit,2022.09,1,2
CUST_4044,Enterprise,Enterprise Suite,135526.8,0,2
CUST_4247,SMB,Starter Kit,5866.62,1,7
CUST_4721,Startups,Starter Kit,1953.08,0,5
CUST_4281,SMB,Business Pro,3351.98,0,4
CUST_4893,Startups,Starter Kit,2492.96,0,5
CUST_4914,Startups,Business Pro,2880.12,0,6
CUST_4810,Startups,Starter Kit,3962.1,0,1
CUST_4244,SMB,Business Pro,2061.83,0,7
CUST_4822,Startups,Business Pro,2333.75,0,0
CUST_4321,SMB,Starter Kit,4858.38,0,7
CUST_4643,Startups,Business Pro,2318.74,0,6
CUST_4158,SMB,Enterprise Suite,2950.55,0,2
CUST_4977,Startups,Starter Kit,1628.56,0,2
CUST_4429,SMB,Business Pro,2468.27,0,4
CUST_4941,Startups,Business Pro,2885.45,0,1
CUST_4462,Startups,Starter Kit,3365.11,0,1
CUST_4309,SMB,Business Pro,3083.33,0,5
CUST_4697,Startups,Business Pro,2953.1,0,3
CUST_4060,SMB,Business Pro,3554.71,0,10
CUST_4884,Startups,Business Pro,3499.79,0,6
CUST_4595,Startups,Starter Kit,2684.9,0,3
CUST_4767,Startups,Business Pro,3691.91,0,2
CUST_4649,Startups,Starter Kit,2746.11,0,5
CUST_4650,Startups,Starter Kit,1717.3,1,4
CUST_4865,Startups,Business Pro,2899.1,0,3
CUST_4668,Startups,Starter Kit,1966.42,0,5
CUST_4298,SMB,Business Pro,4491.56,0,2
CUST_4689,Startups,Starter Kit,1967.61,0,3
CUST_4314,SMB,Business Pro,5343.92,0,5
CUST_4310,SMB,Business Pro,3755.89,1,2
CUST_4361,SMB,Business Pro,4573.15,0,2
CUST_4479,Startups,Starter Kit,2807.74,0,2
CUST_4110,SMB,Business Pro,3159.01,0,8
CUST_4989,Startups,Business Pro,3547.76,0,3
CUST_4486,Startups,Starter Kit,1613.62,0,2
CUST_4363,SMB,Starter Kit,4182.47,0,5
CUST_4254,SMB,Business Pro,2677.97,0,5
CUST_4259,SMB,Business Pro,2388.71,0,3
CUST_4802,Startups,Starter Kit,2940.72,0,3
CUST_4677,Startups,Starter Kit,2494.64,0,1
CUST_4494,Startups,Starter Kit,2659.25,0,3
CUST_4670,Startups,Business Pro,1933.43,0,1
CUST_4377,SMB,Business Pro,2093.09,0,2
CUST_4526,Startups,Starter Kit,2537.05,0,4
CUST_4845,Startups,Starter Kit,2536.56,0,2
CUST_4137,SMB,Enterprise Suite,4812.08,0,3
CUST_4355,SMB,Starter Kit,4569.68,0,3
CUST_4365,SMB,Business Pro,3544.41,0,7
CUST_4942,Startups,Starter Kit,3128.55,0,1
CUST_4749,Startups,Starter Kit,3060.59,0,3
CUST_4948,Startups,Business Pro,3684.73,0,4
CUST_4829,Startups,Starter Kit,2630.54,0,6
CUST_4656,Startups,Starter Kit,2209.44,0,1
CUST_4199,SMB,Enterprise Suite,5119.5,0,4
CUST_4213,SMB,Starter Kit,2897.08,0,1
CUST_4408,SMB,Enterprise Suite,5621.53,0,2
CUST_4332,SMB,Business Pro,2057.57,0,5
CUST_4208,SMB,Starter Kit,2020.25,0,5
CUST_4613,Startups,Starter Kit,1704.4,0,6
CUST_4078,SMB,Business Pro,3433.86,0,3
CUST_4029,Enterprise,Enterprise Suite,122787.02,0,3
CUST_4535,Startups,Business Pro,3861.91,0,3
CUST_4695,Startups,Starter Kit,3026.55,1,3
CUST_4557,Startups,Starter Kit,1571.96,0,4
CUST_4836,Startups,Starter Kit,3787.11,0,4
CUST_4596,Startups,Starter Kit,3168.89,0,4
CUST_4165,SMB,Starter Kit,5341.21,0,4
CUST_4918,Startups,Starter Kit,3409.01,0,2
CUST_4495,Startups,Business Pro,2383.38,0,1
CUST_4824,Startups,Starter Kit,2843.49,0,1
CUST_4065,SMB,Business Pro,4170.78,0,3
CUST_4141,SMB,Business Pro,3007.13,0,0
CUST_4925,Startups,Starter Kit,1556.17,0,6
CUST_4827,Startups,Starter Kit,2367.38,0,4
CUST_4655,Startups,Business Pro,1818.95,0,6
CUST_4331,SMB,Business Pro,5031.38,0,5
CUST_4664,Startups,Business Pro,1754.46,0,5
CUST_4249,SMB,Business Pro,5412.04,0,2
CUST_4907,Startups,Starter Kit,2354.54,0,1
CUST_4708,Startups,Starter Kit,2136.6,0,4
CUST_4305,SMB,Starter Kit,5903.41,0,6
CUST_4734,Startups,Starter Kit,2397.08,0,1
CUST_4975,Startups,Starter Kit,2155.66,0,4
CUST_4049,Enterprise,Enterprise Suite,131091.27,0,0
CUST_4896,Startups,Business Pro,2232.87,0,2
CUST_4002,Enterprise,Enterprise Suite,163919.64,0,3
CUST_4544,Startups,Starter Kit,3045.32,0,1
CUST_4350,SMB,Business Pro,4012.55,0,2
CUST_4904,Startups,Starter Kit,2553.56,0,4
CUST_4536,Startups,Starter Kit,3624.12,0,1
CUST_4344,SMB,Starter Kit,3594.02,0,5
CUST_4994,Startups,Starter Kit,2402.43,0,3
CUST_4481,Startups,Business Pro,3239.37,0,5
CUST_4575,Startups,Business Pro,3873.8,0,2
CUST_4033,Enterprise,Enterprise Suite,176933.13,0,0
CUST_4031,Enterprise,Enterprise Suite,130231.45,0,0
CUST_4231,SMB,Business Pro,4010.55,0,2
CUST_4963,Startups,Business Pro,2473.24,0,2
CUST_4192,SMB,Business Pro,5601.67,0,1
CUST_4333,SMB,Business Pro,2464.29,0,3
CUST_4003,Enterprise,Enterprise Suite,155919.51,0,1
CUST_4204,SMB,Business Pro,4425.72,0,7
CUST_4514,Startups,Business Pro,1613.05,0,0
CUST_4799,Startups,Starter Kit,3806.25,1,0
CUST_4306,SMB,Business Pro,4065.2,0,7
CUST_4109,SMB,Business Pro,2307.92,0,4
CUST_4430,SMB,Starter Kit,2571.97,0,6
CUST_4077,SMB,Business Pro,2296.18,0,3
CUST_4084,SMB,Starter Kit,3243.93,0,3
CUST_4286,SMB,Business Pro,3862.39,1,7
CUST_4082,SMB,Business Pro,3323.59,0,1
CUST_4991,Startups,Business Pro,3236.74,0,3
CUST_4789,Startups,Starter Kit,3868.21,0,2
CUST_4894,Startups,Starter Kit,3170.21,0,3
CUST_4398,SMB,Business Pro,5003.48,0,10
CUST_4323,SMB,Business Pro,3119.74,0,2
CUST_4519,Startups,Starter Kit,1876.04,0,1
CUST_4916,Startups,Starter Kit,2236.16,0,1
CUST_4922,Startups,Starter Kit,3736.38,0,3
CUST_4005,Enterprise,Enterprise Suite,129359.67,0,1
CUST_4731,Startups,Starter Kit,3536.44,0,4
CUST_4465,Startups,Business Pro,2437.18,1,3
CUST_4097,SMB,Enterprise Suite,3710.16,0,4
CUST_4266,SMB,Business Pro,4788.06,0,4
CUST_4357,SMB,Business Pro,4343.1,0,4
CUST_4868,Startups,Business Pro,3654.46,0,2
CUST_4798,Startups,Starter Kit,3241.63,1,1
CUST_4380,SMB,Business Pro,2472.66,0,3
CUST_4631,Startups,Starter Kit,3738.02,0,3
CUST_4381,SMB,Enterprise Suite,4786.95,0,5
CUST_4490,Startups,Starter Kit,2639.14,0,2
CUST_4118,SMB,Starter Kit,5570.24,0,6
CUST_4900,Startups,Starter Kit,2019.72,0,2
CUST_4250,SMB,Business Pro,3177.8,0,2
CUST_4523,Startups,Starter Kit,3605.3,0,3
CUST_4009,Enterprise,Business Pro,162484.35,0,1
CUST_4196,SMB,Starter Kit,4903.82,0,3
CUST_4603,Startups,Business Pro,1721.76,0,1
CUST_4081,SMB,Starter Kit,4493.19,1,0
CUST_4783,Startups,Starter Kit,2364.24,0,6
CUST_4587,Startups,Business Pro,1822.2,0,0
CUST_4797,Startups,Business Pro,2912.83,1,4
CUST_4239,SMB,Business Pro,2708.44,0,3
CUST_4290,SMB,Starter Kit,2122.0,0,7
CUST_4211,SMB,Enterprise Suite,4767.58,0,8
CUST_4717,Startups,Starter Kit,3912.57,0,3
CUST_4359,SMB,Starter Kit,4301.9,0,5
CUST_4449,SMB,Business Pro,2334.0,0,4
CUST_4227,SMB,Starter Kit,3572.39,0,5
CUST_4950,Startups,Business Pro,3001.29,0,1
CUST_4946,Startups,Business Pro,1842.21,0,1
CUST_4796,Startups,Starter Kit,3830.3,0,3
CUST_4501,Startups,Starter Kit,2840.24,0,1
CUST_4464,Startups,Starter Kit,3905.43,0,6
CUST_4362,SMB,Business Pro,3833.01,0,6
CUST_4468,Startups,Starter Kit,2058.99,0,4
CUST_4935,Startups,Business Pro,2180.77,0,1
CUST_4428,SMB,Business Pro,3403.66,0,4
CUST_4007,Enterprise,Enterprise Suite,171970.57,0,2
CUST_4155,SMB,Enterprise Suite,2968.22,0,3
CUST_4541,Startups,Starter Kit,3015.44,0,0
CUST_4440,SMB,Starter Kit,2339.35,0,9
CUST_4482,Startups,Starter Kit,2636.35,0,1
CUST_4422,SMB,Starter Kit,2364.82,1,4
CUST_4778,Startups,Starter Kit,3300.09,0,2
CUST_4949,Startups,Starter Kit,2993.53,0,4
CUST_4334,SMB,Business Pro,2184.01,0,5
CUST_4576,Startups,Business Pro,1867.68,1,4
CUST_4934,Startups,Starter Kit,1929.2,0,4
CUST_4567,Startups,Business Pro,2593.69,0,6
CUST_4594,Startups,Starter Kit,3741.97,0,1
CUST_4530,Startups,Business Pro,3532.25,0,3
CUST_4581,Startups,Starter Kit,3950.08,0,2
CUST_4707,Startups,Starter Kit,3524.69,0,6
CUST_4448,SMB,Business Pro,3505.04,0,5
CUST_4453,Startups,Starter Kit,3765.89,0,4
CUST_4228,SMB,Enterprise Suite,5568.19,0,3
CUST_4352,SMB,Starter Kit,4634.77,0,5
CUST_4728,Startups,Starter Kit,2004.07,0,1
CUST_4212,SMB,Starter Kit,4607.85,0,4
CUST_4079,SMB,Business Pro,2463.48,0,4
CUST_4148,SMB,Starter Kit,2205.92,0,7
CUST_4302,SMB,Business Pro,4162.54,1,0
CUST_4628,Startups,Starter Kit,1591.71,0,2
CUST_4777,Startups,Starter Kit,3305.63,0,5
CUST_4506,Startups,Starter Kit,3777.32,0,4
CUST_4342,SMB,Business Pro,2692.81,0,3
CUST_4485,Startups,Business Pro,3752.9,0,3
CUST_4711,Startups,Business Pro,2989.1,1,8
CUST_4133,SMB,Business Pro,3350.46,0,2
CUST_4703,Startups,Starter Kit,1836.04,0,0
CUST_4311,SMB,Business Pro,2313.83,0,9
CUST_4722,Startups,Business Pro,1666.24,0,5
CUST_4629,Startups,Starter Kit,2131.09,0,4
CUST_4000,Enterprise,Enterprise Suite,142472.41,0,1
CUST_4316,SMB,Business Pro,3635.81,0,5
CUST_4706,Startups,Starter Kit,2305.88,0,4
CUST_4547,Startups,Starter Kit,3178.93,0,2
CUST_4872,Startups,Starter Kit,3110.0,0,0
CUST_4532,Startups,Starter Kit,3991.59,0,1
CUST_4477,Startups,Starter Kit,2884.64,0,3
CUST_4404,SMB,Business Pro,3280.2,0,1
CUST_4172,SMB,Starter Kit,4048.37,0,3
CUST_4125,SMB,Starter Kit,3708.43,0,5
CUST_4394,SMB,Business Pro,3363.21,0,6
CUST_4420,SMB,Starter Kit,5166.32,0,1
CUST_4552,Startups,Starter Kit,2879.77,0,3
CUST_4903,Startups,Starter Kit,2957.6,1,4
CUST_4090,SMB,Business Pro,2478.38,0,3
CUST_4939,Startups,Starter Kit,2941.29,1,5
CUST_4181,SMB,Starter Kit,2453.89,0,5
CUST_4274,SMB,Business Pro,4045.37,0,8
CUST_4895,Startups,Starter Kit,2012.46,0,3
CUST_4069,SMB,Business Pro,5947.55,0,2
CUST_4291,SMB,Business Pro,2149.39,0,4
CUST_4131,SMB,Business Pro,2888.43,0,3
CUST_4300,SMB,Starter Kit,2206.73,1,2
CUST_4424,SMB,Business Pro,2230.24,0,2
CUST_4326,SMB,Business Pro,4217.42,0,4
CUST_4144,SMB,Business Pro,3139.36,0,3
CUST_4423,SMB,Business Pro,3977.68,0,5
CUST_4580,Startups,Starter Kit,2647.84,0,5
CUST_4135,SMB,Business Pro,3292.81,1,5
CUST_4450,Startups,Starter Kit,3442.87,0,1
CUST_4164,SMB,Enterprise Suite,2361.16,0,5
CUST_4028,Enterprise,Enterprise Suite,155544.87,0,0
CUST_4773,Startups,Starter Kit,2493.22,0,2
CUST_4193,SMB,Business Pro,4532.41,0,5
CUST_4388,SMB,Business Pro,5002.46,0,3
CUST_4852,Startups,Starter Kit,2024.76,0,4
CUST_4169,SMB,Business Pro,4363.57,0,3
CUST_4705,Startups,Starter Kit,3974.9,0,3
CUST_4140,SMB,Starter Kit,5849.79,0,2
CUST_4173,SMB,Business Pro,2905.98,0,0
CUST_4006,Enterprise,Enterprise Suite,123485.02,0,1
CUST_4745,Startups,Starter Kit,3748.94,0,2
CUST_4478,Startups,Business Pro,3923.26,0,1
CUST_4073,SMB,Business Pro,5261.85,1,8
CUST_4910,Startups,Business Pro,2975.74,0,3
CUST_4813,Startups,Starter Kit,3802.1,1,2
CUST_4238,SMB,Business Pro,4581.89,0,4
CUST_4145,SMB,Business Pro,2147.55,0,6
CUST_4792,Startups,Starter Kit,2764.72,0,5
CUST_4234,SMB,Starter Kit,2780.97,0,7
CUST_4220,SMB,Business Pro,4630.45,0,5
CUST_4923,Startups,Starter Kit,3499.64,0,3
CUST_4500,Startups,Starter Kit,3245.4,0,1
CUST_4132,SMB,Business Pro,2479.46,1,3
CUST_4990,Startups,Business Pro,3498.54,0,4
CUST_4774,Startups,Starter Kit,3493.24,0,3
CUST_4185,SMB,Starter Kit,4639.94,0,4
CUST_4041,Enterprise,Enterprise Suite,149710.61,0,1
CUST_4696,Startups,Starter Kit,2221.58,1,7
CUST_4108,SMB,Starter Kit,2915.19,0,1
CUST_4588,Startups,Starter Kit,1820.11,0,4
CUST_4056,SMB,Business Pro,2353.97,0,3
CUST_4405,SMB,Business Pro,5582.09,0,3
CUST_4442,SMB,Starter Kit,3497.08,0,4
CUST_4757,Startups,Starter Kit,2833.65,0,2
CUST_4997,Startups,Starter Kit,1842.05,1,2
CUST_4024,Enterprise,Enterprise Suite,147364.2,0,0
CUST_4467,Startups,Starter Kit,3671.5,0,1
CUST_4539,Startups,Starter Kit,1822.9,0,2
CUST_4531,Startups,Business Pro,3999.29,0,3
CUST_4618,Startups,Business Pro,3515.5,0,1
CUST_4694,Startups,Starter Kit,1787.09,0,3
CUST_4926,Startups,Starter Kit,2171.69,0,3
CUST_4338,SMB,Business Pro,3896.7,1,3
CUST_4051,SMB,Business Pro,5100.53,0,6
CUST_4507,Startups,Starter Kit,3556.34,0,1
CUST_4516,Startups,Starter Kit,2441.16,0,0
CUST_4920,Startups,Business Pro,3671.17,0,3
CUST_4781,Startups,Business Pro,2856.81,0,0
CUST_4264,SMB,Starter Kit,5509.49,1,3
CUST_4817,Startups,Starter Kit,2497.51,0,4
CUST_4710,Startups,Starter Kit,3400.57,0,2
CUST_4682,Startups,Starter Kit,1927.22,0,1
CUST_4832,Startups,Business Pro,1852.14,0,3
CUST_4518,Startups,Starter Kit,3968.19,0,5
CUST_4447,SMB,Business Pro,5013.51,0,3
CUST_4018,Enterprise,Enterprise Suite,145916.7,0,2
CUST_4715,Startups,Starter Kit,3823.82,0,2
CUST_4483,Startups,Starter Kit,3068.9,1,3
CUST_4568,Startups,Business Pro,3760.4,0,4
CUST_4433,SMB,Enterprise Suite,2404.49,0,3
CUST_4367,SMB,Starter Kit,5621.4,0,3
CUST_4083,SMB,Business Pro,2254.23,0,4
CUST_4061,SMB,Business Pro,3085.4,0,6
CUST_4638,Startups,Starter Kit,2173.11,0,5
CUST_4272,SMB,Business Pro,5468.29,0,3
CUST_4285,SMB,Business Pro,2143.77,0,5
CUST_4360,SMB,Starter Kit,3552.68,0,3
CUST_4354,SMB,Business Pro,2282.27,0,2
CUST_4456,Startups,Business Pro,1528.38,0,1
CUST_4278,SMB,Starter Kit,4807.87,0,3
CUST_4012,Enterprise,Business Pro,169946.56,0,3
CUST_4182,SMB,Business Pro,5698.77,0,3
CUST_4368,SMB,Starter Kit,2783.16,0,5
CUST_4881,Startups,Business Pro,3179.73,0,4
CUST_4615,Startups,Starter Kit,3802.18,0,2
CUST_4223,SMB,Business Pro,3470.86,0,6
CUST_4572,Startups,Starter Kit,2491.36,0,4
CUST_4970,Startups,Business Pro,3159.18,1,2
CUST_4653,Startups,Starter Kit,3363.6,0,0
CUST_4545,Startups,Starter Kit,2395.41,0,3
CUST_4582,Startups,Starter Kit,2731.55,0,5
CUST_4633,Startups,Business Pro,2830.28,0,3
CUST_4176,SMB,Starter Kit,4763.75,0,4
CUST_4665,Startups,Starter Kit,1882.15,0,2
CUST_4673,Startups,Starter Kit,2811.28,0,1
CUST_4585,Startups,Business Pro,2100.36,0,2
CUST_4873,Startups,Starter Kit,2521.84,0,2
CUST_4393,SMB,Starter Kit,5105.65,0,6
CUST_4163,SMB,Business Pro,4143.1,0,4
CUST_4248,SMB,Starter Kit,5854.48,0,4
CUST_4634,Startups,Business Pro,1767.93,0,1
CUST_4885,Startups,Starter Kit,1946.36,0,3
CUST_4669,Startups,Starter Kit,2212.74,0,3
CUST_4375,SMB,Enterprise Suite,3275.9,0,3
CUST_4412,SMB,Starter Kit,5802.43,0,3
CUST_4074,SMB,Starter Kit,4827.43,0,8
CUST_4113,SMB,Business Pro,5232.48,0,1
CUST_4598,Startups,Starter Kit,1980.72,0,3
CUST_4961,Startups,Business Pro,3007.88,0,3
CUST_4390,SMB,Starter Kit,5962.02,0,2
CUST_4104,SMB,Starter Kit,5630.27,0,4
CUST_4114,SMB,Business Pro,4533.62,0,5
CUST_4417,SMB,Business Pro,3314.66,0,3
CUST_4525,Startups,Business Pro,2671.73,0,2
CUST_4457,Startups,Starter Kit,2671.65,0,4
CUST_4409,SMB,Business Pro,2365.15,0,1
CUST_4092,SMB,Business Pro,5043.14,0,3
CUST_4930,Startups,Starter Kit,1848.39,0,3
CUST_4089,SMB,Business Pro,3888.86,0,2
CUST_4336,SMB,Starter Kit,5421.84,0,2
CUST_4988,Startups,Starter Kit,2116.01,0,4
CUST_4921,Startups,Starter Kit,2718.58,1,3
CUST_4933,Startups,Starter Kit,2814.23,0,1
CUST_4605,Startups,Starter Kit,2651.95,0,4
CUST_4593,Startups,Starter Kit,2364.17,0,2
CUST_4611,Startups,Starter Kit,3498.53,0,3
CUST_4094,SMB,Business Pro,5083.87,0,7
CUST_4011,Enterprise,Enterprise Suite,178194.59,0,1
CUST_4396,SMB,Business Pro,5433.65,0,1
CUST_4533,Startups,Business Pro,2888.58,0,3
CUST_4043,Enterprise,Enterprise Suite,174559.22,0,0
CUST_4042,Enterprise,Enterprise Suite,122063.31,0,0
CUST_4329,SMB,Starter Kit,2990.92,0,3
CUST_4167,SMB,Starter Kit,2746.07,0,4
CUST_4497,Startups,Business Pro,1694.34,0,6
CUST_4876,Startups,Business Pro,3289.93,0,0
CUST_4597,Startups,Business Pro,1930.8,1,6
CUST_4756,Startups,Starter Kit,3050.18,0,5
CUST_4100,SMB,Starter Kit,2125.72,1,5
CUST_4426,SMB,Business Pro,3766.12,1,5
CUST_4178,SMB,Enterprise Suite,5746.92,0,11
CUST_4444,SMB,Starter Kit,5251.2,0,4
CUST_4416,SMB,Business Pro,3172.84,1,2
CUST_4870,Startups,Starter Kit,2433.27,0,6
CUST_4882,Startups,Starter Kit,1549.28,0,3
CUST_4680,Startups,Business Pro,3542.68,0,2
CUST_4177,SMB,Business Pro,3546.94,1,3
CUST_4395,SMB,Business Pro,5723.03,0,5
CUST_4911,Startups,Business Pro,2170.16,0,4
CUST_4793,Startups,Business Pro,3028.64,0,2
CUST_4960,Startups,Starter Kit,1707.0,0,1
CUST_4684,Startups,Starter Kit,3823.44,0,0
CUST_4383,SMB,Starter Kit,5509.89,0,3
CUST_4956,Startups,Business Pro,2797.29,0,1
CUST_4751,Startups,Business Pro,3849.58,0,5
CUST_4257,SMB,Starter Kit,4784.12,0,5
CUST_4538,Startups,Starter Kit,2626.36,0,3
CUST_4335,SMB,Business Pro,2162.92,0,4
CUST_4015,Enterprise,Enterprise Suite,131004.27,0,1
CUST_4324,SMB,Business Pro,5819.46,0,3
CUST_4758,Startups,Business Pro,3734.73,0,0
CUST_4222,SMB,Business Pro,2374.7,0,2
CUST_4179,SMB,Starter Kit,2550.08,0,3
CUST_4983,Startups,Starter Kit,1687.84,0,4
CUST_4022,Enterprise,Enterprise Suite,137528.68,0,2
CUST_4356,SMB,Business Pro,2106.05,0,9
CUST_4666,Startups,Business Pro,2114.89,0,3
CUST_4861,Startups,Starter Kit,2633.22,0,3
CUST_4340,SMB,Business Pro,3966.46,0,3
CUST_4431,SMB,Business Pro,5046.04,0,6
CUST_4551,Startups,Business Pro,3630.45,0,7
CUST_4833,Startups,Starter Kit,1940.97,0,3
CUST_4203,SMB,Business Pro,5594.22,0,0
CUST_4630,Startups,Starter Kit,3283.37,0,3
CUST_4093,SMB,Business Pro,4245.11,0,6
CUST_4558,Startups,Business Pro,3387.84,0,4
CUST_4068,SMB,Business Pro,2298.2,0,5
CUST_4622,Startups,Starter Kit,2426.18,0,3
CUST_4284,SMB,Business Pro,4313.12,0,6
CUST_4844,Startups,Starter Kit,1871.66,0,2
CUST_4434,SMB,Business Pro,2336.43,0,6
CUST_4153,SMB,Starter Kit,3957.81,0,5
CUST_4075,SMB,Business Pro,4916.03,0,3
CUST_4730,Startups,Starter Kit,1910.66,0,3
CUST_4446,SMB,Business Pro,5944.0,0,4
CUST_4188,SMB,Enterprise Suite,4118.6,0,4
CUST_4271,SMB,Business Pro,5240.45,0,2
CUST_4236,SMB,Starter Kit,3123.09,0,5
CUST_4487,Startups,Starter Kit,2202.41,0,5
CUST_4117,SMB,Business Pro,2746.28,0,8
CUST_4943,Startups,Starter Kit,3574.35,0,5
CUST_4512,Startups,Starter Kit,3831.82,0,4
CUST_4825,Startups,Starter Kit,3799.64,0,5
CUST_4591,Startups,Starter Kit,3102.19,0,3
CUST_4126,SMB,Business Pro,5272.06,1,4
CUST_4116,SMB,Starter Kit,5214.69,1,7
CUST_4473,Startups,Starter Kit,3727.86,0,2
CUST_4693,Startups,Starter Kit,2106.02,0,0
CUST_4057,SMB,Starter Kit,2783.93,0,4
CUST_4863,Startups,Starter Kit,2601.91,0,2
CUST_4912,Startups,Starter Kit,3060.37,0,4
CUST_4369,SMB,Business Pro,2277.45,0,2
CUST_4268,SMB,Business Pro,3437.96,0,5
CUST_4046,Enterprise,Enterprise Suite,138702.66,0,4
CUST_4349,SMB,Starter Kit,4503.44,1,2
CUST_4195,SMB,Starter Kit,3396.84,0,5
CUST_4999,Startups,Business Pro,2615.01,0,4
CUST_4834,Startups,Business Pro,2745.92,0,4
CUST_4736,Startups,Starter Kit,2481.11,0,2
CUST_4263,SMB,Business Pro,4073.32,0,1
CUST_4443,SMB,Business Pro,3482.57,0,1
CUST_4675,Startups,Starter Kit,3955.95,0,3
CUST_4304,SMB,Enterprise Suite,4904.37,0,10
CUST_4341,SMB,Business Pro,3893.89,0,6
CUST_4966,Startups,Starter Kit,3297.61,0,3
CUST_4149,SMB,Business Pro,3114.59,0,3
CUST_4124,SMB,Business Pro,2911.74,0,5
CUST_4786,Startups,Starter Kit,2958.48,0,5
CUST_4050,SMB,Business Pro,5878.34,0,5
CUST_4353,SMB,Business Pro,2651.74,0,6
CUST_4927,Startups,Business Pro,2854.09,0,3
CUST_4142,SMB,Business Pro,3988.99,0,2
CUST_4470,Startups,Business Pro,1530.39,0,3
CUST_4399,SMB,Starter Kit,5018.17,0,3
CUST_4625,Startups,Starter Kit,2422.28,0,3
CUST_4320,SMB,Business Pro,4196.91,0,2
CUST_4019,Enterprise,Enterprise Suite,137473.75,0,1
CUST_4809,Startups,Starter Kit,1783.1,0,4
CUST_4790,Startups,Starter Kit,1883.38,0,4
CUST_4808,Startups,Business Pro,2627.1,0,4
CUST_4407,SMB,Enterprise Suite,2043.35,0,1
CUST_4537,Startups,Starter Kit,2118.37,0,3
CUST_4620,Startups,Starter Kit,1961.3,0,4
CUST_4038,Enterprise,Enterprise Suite,161053.98,0,2
CUST_4175,SMB,Business Pro,2697.47,0,3
CUST_4245,SMB,Business Pro,5713.27,0,7
CUST_4828,Startups,Business Pro,3343.75,0,1
CUST_4667,Startups,Business Pro,1901.7,0,7
CUST_4754,Startups,Business Pro,1848.18,0,6
CUST_4858,Startups,Starter Kit,2912.1,0,1
CUST_4154,SMB,Business Pro,5942.6,0,6
CUST_4287,SMB,Business Pro,4170.58,0,3
CUST_4602,Startups,Starter Kit,1942.53,0,2
CUST_4569,Startups,Business Pro,2370.64,0,2
CUST_4743,Startups,Business Pro,2756.8,1,2
CUST_4017,Enterprise,Enterprise Suite,151485.39,0,2
CUST_4127,SMB,Starter Kit,5442.92,0,9
CUST_4322,SMB,Business Pro,4640.79,0,2
CUST_4255,SMB,Business Pro,4227.21,0,4
CUST_4657,Startups,Starter Kit,2407.71,0,2
CUST_4964,Startups,Starter Kit,2221.73,0,2
CUST_4190,SMB,Business Pro,2372.41,1,4
CUST_4115,SMB,Business Pro,5485.84,0,4
CUST_4616,Startups,Starter Kit,1652.69,0,2
CUST_4606,Startups,Starter Kit,2015.83,1,2
CUST_4180,SMB,Enterprise Suite,3364.27,0,10
CUST_4301,SMB,Starter Kit,4125.42,0,5
CUST_4759,Startups,Business Pro,3471.49,0,6
CUST_4712,Startups,Starter Kit,2678.94,0,4
CUST_4723,Startups,Business Pro,3352.8,0,3
CUST_4685,Startups,Business Pro,2891.91,0,3
CUST_4979,Startups,Business Pro,2992.11,0,5
CUST_4517,Startups,Business Pro,3526.38,0,2
CUST_4984,Startups,Business Pro,3320.47,0,5
CUST_4045,Enterprise,Enterprise Suite,159751.34,0,2
CUST_4909,Startups,Starter Kit,2449.23,0,4
CUST_4157,SMB,Enterprise Suite,5046.48,0,0
CUST_4851,Startups,Starter Kit,3374.9,0,5
CUST_4171,SMB,Starter Kit,2066.35,0,5
CUST_4016,Enterprise,Enterprise Suite,138254.53,0,3
CUST_4511,Startups,Business Pro,2545.61,0,2
CUST_4048,Enterprise,Business Pro,152802.62,0,2
CUST_4971,Startups,Starter Kit,3842.07,0,3
CUST_4940,Startups,Starter Kit,2185.14,1,4
CUST_4515,Startups,Starter Kit,1565.92,1,4
CUST_4952,Startups,Starter Kit,1938.43,0,4
CUST_4480,Startups,Business Pro,3073.5,0,1
CUST_4283,SMB,Business Pro,2375.93,1,5
CUST_4718,Startups,Business Pro,1810.74,0,4
CUST_4877,Startups,Starter Kit,3147.31,0,0
CUST_4225,SMB,Enterprise Suite,2975.96,0,3
CUST_4026,Enterprise,Business Pro,131980.43,0,1
CUST_4954,Startups,Business Pro,2546.93,0,4
CUST_4437,SMB,Business Pro,5287.44,0,5
CUST_4951,Startups,Starter Kit,3162.59,0,0
CUST_4364,SMB,Enterprise Suite,5765.86,0,0
CUST_4229,SMB,Starter Kit,4524.55,0,4
CUST_4037,Enterprise,Enterprise Suite,125860.33,0,4
CUST_4965,Startups,Starter Kit,2389.18,0,4
CUST_4374,SMB,Starter Kit,2284.75,0,2
CUST_4469,Startups,Business Pro,3908.06,0,4
CUST_4967,Startups,Starter Kit,2242.8,0,1
CUST_4850,Startups,Business Pro,1667.69,0,7
CUST_4704,Startups,Starter Kit,1658.44,0,0
CUST_4841,Startups,Starter Kit,3158.84,0,3
CUST_4194,SMB,Business Pro,3356.12,1,8
CUST_4854,Startups,Starter Kit,2012.85,0,4
CUST_4864,Startups,Starter Kit,2501.91,0,4
CUST_4503,Startups,Business Pro,3534.49,0,3
CUST_4969,Startups,Starter Kit,2690.13,1,3
CUST_4830,Startups,Starter Kit,2061.51,0,4
CUST_4579,Startups,Business Pro,2145.61,0,4
CUST_4968,Startups,Business Pro,2916.01,0,1
CUST_4162,SMB,Starter Kit,4534.12,0,1
CUST_4908,Startups,Starter Kit,2148.56,0,1
CUST_4152,SMB,Business Pro,2579.58,0,6
CUST_4801,Startups,Business Pro,1881.35,0,4
CUST_4993,Startups,Starter Kit,2975.58,0,4
CUST_4755,Startups,Business Pro,3485.06,0,3
CUST_4111,SMB,Business Pro,2644.89,0,3
CUST_4226,SMB,Enterprise Suite,5892.04,0,3
CUST_4688,Startups,Starter Kit,3423.73,0,7
CUST_4103,SMB,Business Pro,4034.28,0,2
CUST_4421,SMB,Business Pro,5158.47,0,6
CUST_4419,SMB,Starter Kit,5009.5,0,4
CUST_4750,Startups,Starter Kit,1792.25,0,2
CUST_4586,Startups,Starter Kit,1689.66,0,2
CUST_4780,Startups,Business Pro,3234.87,1,1
CUST_4672,Startups,Starter Kit,1700.58,0,4
CUST_4119,SMB,Enterprise Suite,4157.37,0,6
CUST_4053,SMB,Starter Kit,5579.31,0,3
CUST_4151,SMB,Enterprise Suite,2958.25,0,2
CUST_4403,SMB,Business Pro,5305.83,0,4
CUST_4945,Startups,Business Pro,1527.49,0,1
CUST_4207,SMB,Enterprise Suite,4654.01,0,6
CUST_4658,Startups,Starter Kit,3114.79,0,5
CUST_4843,Startups,Starter Kit,3902.68,0,1
CUST_4762,Startups,Starter Kit,2121.22,0,6
CUST_4008,Enterprise,Business Pro,156066.9,0,4
CUST_4807,Startups,Starter Kit,3813.92,0,4
CUST_4036,Enterprise,Enterprise Suite,138276.83,0,1
CUST_4452,Startups,Business Pro,2560.56,0,7
CUST_4651,Startups,Starter Kit,2842.77,0,2
CUST_4253,SMB,Business Pro,3267.69,0,1
CUST_4303,SMB,Starter Kit,4549.72,0,3
CUST_4746,Startups,Starter Kit,2459.73,1,2
CUST_4571,Startups,Starter Kit,3459.13,0,3
CUST_4623,Startups,Starter Kit,2711.31,0,3
CUST_4732,Startups,Starter Kit,3162.99,0,2
CUST_4891,Startups,Starter Kit,3639.24,0,4
CUST_4262,SMB,Starter Kit,2560.34,0,4
CUST_4610,Startups,Starter Kit,1598.28,0,2
CUST_4297,SMB,Starter Kit,2863.28,1,9
CUST_4414,SMB,Business Pro,4527.35,0,4
CUST_4150,SMB,Business Pro,5633.06,0,5
CUST_4788,Startups,Starter Kit,2655.01,1,2
CUST_4640,Startups,Starter Kit,1550.18,0,6
CUST_4889,Startups,Starter Kit,2107.93,0,3
CUST_4550,Startups,Starter Kit,2800.41,0,3
CUST_4886,Startups,Business Pro,3131.87,1,4
CUST_4488,Startups,Starter Kit,3876.03,0,4
CUST_4147,SMB,Business Pro,4010.72,0,3
CUST_4146,SMB,Business Pro,4438.26,0,5
CUST_4720,Startups,Business Pro,3845.85,0,2
CUST_4931,Startups,Business Pro,3587.33,0,3
CUST_4739,Startups,Business Pro,2442.36,0,5
CUST_4659,Startups,Starter Kit,2926.95,0,4
CUST_4348,SMB,Business Pro,3498.45,0,2
CUST_4463,Startups,Starter Kit,2958.42,0,3
CUST_4325,SMB,Starter Kit,4951.59,0,2
CUST_4186,SMB,Starter Kit,5268.89,0,1
CUST_4123,SMB,Starter Kit,2440.21,0,3
CUST_4853,Startups,Starter Kit,3745.14,0,3
CUST_4608,Startups,Starter Kit,2758.54,0,3
CUST_4143,SMB,Starter Kit,3203.51,0,3
CUST_4958,Startups,Business Pro,1915.71,0,2
CUST_4197,SMB,Business Pro,5588.44,0,3
CUST_4609,Startups,Starter Kit,3225.99,0,2
CUST_4279,SMB,Business Pro,5183.17,0,5
CUST_4293,SMB,Business Pro,3440.76,0,3
CUST_4400,SMB,Business Pro,2412.5,0,3
CUST_4122,SMB,Starter Kit,3272.01,0,6
CUST_4183,SMB,Starter Kit,5509.36,0,0
CUST_4202,SMB,Business Pro,2646.51,1,4
CUST_4438,SMB,Starter Kit,4824.97,0,2
CUST_4246,SMB,Business Pro,3712.74,0,5
CUST_4415,SMB,Business Pro,3793.78,0,3
CUST_4932,Startups,Starter Kit,3961.01,0,3
CUST_4765,Startups,Starter Kit,2924.72,0,0
CUST_4906,Startups,Business Pro,3543.61,0,1
CUST_4835,Startups,Starter Kit,2547.31,0,2
CUST_4887,Startups,Starter Kit,2095.46,0,1
CUST_4129,SMB,Starter Kit,4042.99,0,2
CUST_4637,Startups,Starter Kit,2106.18,0,3
CUST_4402,SMB,Starter Kit,4021.01,1,2
CUST_4784,Startups,Business Pro,1953.99,0,4
CUST_4770,Startups,Starter Kit,1776.58,0,1
CUST_4735,Startups,Starter Kit,3693.0,0,0
CUST_4913,Startups,Starter Kit,2523.53,0,2
CUST_4219,SMB,Business Pro,5396.89,0,3
CUST_4641,Startups,Starter Kit,2305.2,0,2
CUST_4915,Startups,Business Pro,2590.32,0,3
CUST_4752,Startups,Business Pro,3069.27,1,3
CUST_4806,Startups,Starter Kit,3835.92,0,3
CUST_4919,Startups,Business Pro,1850.28,0,2
CUST_4624,Startups,Business Pro,3045.64,0,6
CUST_4874,Startups,Starter Kit,1563.47,0,3
CUST_4760,Startups,Business Pro,1879.19,0,5
CUST_4386,SMB,Starter Kit,3128.14,0,4
CUST_4972,Startups,Starter Kit,3331.43,0,2
CUST_4509,Startups,Starter Kit,3314.3,0,3
CUST_4267,SMB,Enterprise Suite,4809.94,0,6
CUST_4819,Startups,Business Pro,2337.99,0,3
CUST_4441,SMB,Starter Kit,5946.56,1,0
CUST_4496,Startups,Business Pro,2959.14,0,7
CUST_4112,SMB,Enterprise Suite,5718.79,0,6
CUST_4691,Startups,Starter Kit,2563.59,0,4
CUST_4232,SMB,Business Pro,4307.62,0,6
CUST_4869,Startups,Starter Kit,3865.29,0,5
CUST_4607,Startups,Business Pro,2410.67,0,2
CUST_4671,Startups,Business Pro,3741.91,0,3
CUST_4373,SMB,Business Pro,4732.03,0,2
CUST_4981,Startups,Starter Kit,3427.28,0,4
CUST_4842,Startups,Starter Kit,1945.09,0,1
CUST_4233,SMB,Business Pro,3970.07,1,4
CUST_4785,Startups,Starter Kit,3771.13,0,3
CUST_4676,Startups,Starter Kit,1780.1,0,4
CUST_4317,SMB,Starter Kit,2693.18,0,5
CUST_4648,Startups,Starter Kit,3472.93,0,2
CUST_4410,SMB,Starter Kit,3277.25,0,2
CUST_4898,Startups,Business Pro,1532.5,0,4
CUST_4709,Startups,Business Pro,3203.76,0,2
CUST_4358,SMB,Business Pro,5760.92,0,6
CUST_4258,SMB,Business Pro,4280.24,1,7
CUST_4744,Startups,Business Pro,2080.53,0,1
CUST_4627,Startups,Starter Kit,3368.68,0,1
CUST_4632,Startups,Starter Kit,2779.19,0,2
CUST_4282,SMB,Business Pro,3502.33,0,3
CUST_4376,SMB,Starter Kit,5379.5,0,7
CUST_4384,SMB,Business Pro,4940.28,0,5
CUST_4224,SMB,Business Pro,3060.81,0,3
CUST_4953,Startups,Starter Kit,3786.03,0,2
CUST_4814,Startups,Starter Kit,3674.74,0,5
CUST_4472,Startups,Starter Kit,1607.9,0,4
CUST_4347,SMB,Starter Kit,2181.22,0,6
CUST_4505,Startups,Starter Kit,1906.54,0,1
CUST_4639,Startups,Starter Kit,2443.21,0,3
CUST_4987,Startups,Starter Kit,2587.07,0,5
CUST_4928,Startups,Starter Kit,3083.7,0,3
CUST_4905,Startups,Starter Kit,3731.68,0,2
CUST_4619,Startups,Business Pro,3370.65,0,2
CUST_4855,Startups,Business Pro,1976.72,0,1
CUST_4803,Startups,Starter Kit,3016.79,0,4
CUST_4645,Startups,Business Pro,3726.32,0,3
CUST_4846,Startups,Starter Kit,1713.37,0,1
CUST_4556,Startups,Business Pro,1835.04,0,5
CUST_4957,Startups,Starter Kit,1617.41,0,4
CUST_4577,Startups,Starter Kit,3816.47,0,4
CUST_4795,Startups,Business Pro,3680.31,0,3
CUST_4085,SMB,Starter Kit,3300.73,0,3
CUST_4242,SMB,Business Pro,5659.46,0,2
CUST_4698,Startups,Starter Kit,1885.91,0,2
CUST_4159,SMB,Starter Kit,4912.87,1,3
CUST_4524,Startups,Starter Kit,3595.82,0,6
CUST_4035,Enterprise,Enterprise Suite,168503.84,0,2
CUST_4540,Startups,Business Pro,3885.13,0,3
CUST_4170,SMB,Starter Kit,4710.26,0,6
CUST_4654,Startups,Business Pro,2579.15,0,5
CUST_4890,Startups,Starter Kit,3305.67,0,2
CUST_4857,Startups,Business Pro,2680.17,0,4
CUST_4847,Startups,Business Pro,3992.19,0,6
CUST_4944,Startups,Starter Kit,2016.05,0,3
CUST_4733,Startups,Starter Kit,2807.66,0,2
CUST_4095,SMB,Enterprise Suite,3975.18,0,2
CUST_4563,Startups,Starter Kit,1536.36,0,6
CUST_4240,SMB,Business Pro,5761.83,0,5
CUST_4742,Startups,Starter Kit,3369.02,0,2
CUST_4574,Startups,Starter Kit,3655.91,0,6
CUST_4690,Startups,Business Pro,2309.2,0,2
CUST_4460,Startups,Starter Kit,1793.82,0,1
CUST_4553,Startups,Starter Kit,2902.34,0,3
CUST_4888,Startups,Starter Kit,1748.6,0,3
CUST_4206,SMB,Business Pro,2405.89,0,7
CUST_4392,SMB,Business Pro,3488.07,0,9
CUST_4794,Startups,Starter Kit,1545.28,1,2
CUST_4397,SMB,Starter Kit,3715.98,0,0
CUST_4766,Startups,Starter Kit,3406.15,0,2
CUST_4848,Startups,Starter Kit,2755.49,0,2
CUST_4217,SMB,Business Pro,4985.97,0,6
CUST_4004,Enterprise,Enterprise Suite,129361.12,0,0
CUST_4768,Startups,Starter Kit,2355.2,0,4
CUST_4642,Startups,Business Pro,2028.62,0,5
CUST_4929,Startups,Starter Kit,2144.72,1,2
CUST_4612,Startups,Starter Kit,3069.75,0,1
CUST_4738,Startups,Starter Kit,2597.84,0,1
CUST_4546,Startups,Starter Kit,1783.89,0,2
CUST_4725,Startups,Starter Kit,3604.57,1,3
CUST_4683,Startups,Business Pro,3171.61,0,3
CUST_4098,SMB,Business Pro,2101.68,0,5
CUST_4804,Startups,Starter Kit,2560.33,0,1
CUST_4727,Startups,Business Pro,3488.17,0,5
CUST_4573,Startups,Starter Kit,3055.22,0,5
CUST_4406,SMB,Business Pro,3556.81,0,6
CUST_4502,Startups,Starter Kit,2273.82,1,2
CUST_4047,Enterprise,Enterprise Suite,151204.08,0,3
CUST_4032,Enterprise,Business Pro,123903.1,0,3
CUST_4779,Startups,Starter Kit,3102.87,0,5
CUST_4839,Startups,Starter Kit,3080.66,0,2
CUST_4200,SMB,Business Pro,4568.13,0,2
CUST_4134,SMB,Business Pro,5771.64,0,6
CUST_4027,Enterprise,Business Pro,150854.07,0,2
CUST_4880,Startups,Starter Kit,2077.69,0,3
CUST_4230,SMB,Starter Kit,5179.25,0,4
CUST_4489,Startups,Business Pro,3725.66,0,5
CUST_4772,Startups,Starter Kit,1818.72,0,3
CUST_4378,SMB,Business Pro,5257.87,0,4
CUST_4288,SMB,Business Pro,3146.17,1,4
CUST_4418,SMB,Starter Kit,4690.07,0,4
CUST_4674,Startups,Starter Kit,2525.99,0,3
CUST_4391,SMB,Enterprise Suite,3650.47,1,4
CUST_4592,Startups,Starter Kit,1954.7,0,2
CUST_4498,Startups,Starter Kit,3935.99,0,3
CUST_4138,SMB,Business Pro,3454.52,0,7
CUST_4062,SMB,Business Pro,5314.95,0,2
CUST_4471,Startups,Starter Kit,3924.7,0,1
CUST_4647,Startups,Business Pro,3197.76,0,3
CUST_4128,SMB,Starter Kit,2027.81,0,2
CUST_4976,Startups,Starter Kit,2987.69,0,2
CUST_4520,Startups,Starter Kit,2985.33,1,5
CUST_4838,Startups,Business Pro,2951.47,0,3
CUST_4962,Startups,Starter Kit,2113.37,0,4
CUST_4064,SMB,Enterprise Suite,3123.74,0,6
CUST_4812,Startups,Starter Kit,1811.66,0,3
CUST_4014,Enterprise,Enterprise Suite,130909.5,0,0
CUST_4156,SMB,Business Pro,4688.54,0,3
CUST_4040,Enterprise,Enterprise Suite,127322.29,0,2
CUST_4492,Startups,Business Pro,2193.45,0,2
CUST_4379,SMB,Enterprise Suite,3127.42,0,6
CUST_4187,SMB,Enterprise Suite,4220.8,1,3
CUST_4763,Startups,Starter Kit,3359.87,0,3
CUST_4216,SMB,Business Pro,3301.6,1,3
CUST_4791,Startups,Starter Kit,2965.57,0,3
CUST_4052,SMB,Business Pro,5758.0,0,6
CUST_4878,Startups,Starter Kit,1567.74,0,3
CUST_4337,SMB,Business Pro,4814.63,0,6
CUST_4748,Startups,Starter Kit,3766.18,0,0
CUST_4719,Startups,Starter Kit,3327.17,0,0
CUST_4724,Startups,Starter Kit,2936.18,0,1
CUST_4295,SMB,Starter Kit,4088.97,0,1
CUST_4701,Startups,Business Pro,1629.56,0,2
CUST_4251,SMB,Business Pro,3540.39,0,5
CUST_4726,Startups,Starter Kit,1849.43,0,2
CUST_4461,Startups,Starter Kit,3123.03,0,3
CUST_4455,Startups,Business Pro,2731.56,0,7
CUST_4996,Startups,Starter Kit,3793.28,0,3
CUST_4815,Startups,Starter Kit,2797.1,0,4
CUST_4862,Startups,Starter Kit,2810.98,0,1
CUST_4269,SMB,Starter Kit,3174.37,0,3
CUST_4201,SMB,Business Pro,2336.56,1,2
CUST_4161,SMB,Starter Kit,4529.22,0,8
CUST_4555,Startups,Business Pro,2508.71,0,5
CUST_4729,Startups,Business Pro,1909.14,0,3
CUST_4401,SMB,Enterprise Suite,5610.21,0,4
CUST_4702,Startups,Business Pro,2341.51,0,3
CUST_4476,Startups,Starter Kit,1684.49,0,5
CUST_4821,Startups,Starter Kit,1511.58,0,2
CUST_4771,Startups,Business Pro,3616.13,0,4
CUST_4105,SMB,Starter Kit,2997.17,0,5
CUST_4565,Startups,Starter Kit,2974.79,0,3
CUST_4389,SMB,Business Pro,5227.34,0,3
CUST_4001,Enterprise,Business Pro,177042.86,0,2
CUST_4937,Startups,Starter Kit,3785.75,0,2
CUST_4982,Startups,Business Pro,1766.5,0,4
CUST_4561,Startups,Starter Kit,2032.41,0,3
CUST_4080,SMB,Starter Kit,5452.41,0,1
CUST_4205,SMB,Business Pro,2036.79,0,4
CUST_4034,Enterprise,Enterprise Suite,177937.92,0,2
CUST_4775,Startups,Business Pro,1874.79,0,2
CUST_4508,Startups,Business Pro,3874.5,0,3
CUST_4427,SMB,Business Pro,5550.82,0,7
CUST_4454,Startups,Business Pro,1777.99,1,2
CUST_4366,SMB,Starter Kit,5844.76,0,3
CUST_4091,SMB,Business Pro,4852.98,0,3
CUST_4339,SMB,Enterprise Suite,2391.34,1,5
CUST_4897,Startups,Starter Kit,3740.84,0,0
CUST_4564,Startups,Starter Kit,2376.47,0,4
CUST_4345,SMB,Business Pro,4463.4,0,6
CUST_4776,Startups,Starter Kit,2073.13,0,3
CUST_4241,SMB,Enterprise Suite,5815.71,0,3
CUST_4013,Enterprise,Enterprise Suite,132740.35,0,1
CUST_4315,SMB,Business Pro,4783.9,0,7
CUST_4600,Startups,Business Pro,1922.34,0,3
CUST_4387,SMB,Business Pro,2709.76,0,6
CUST_4273,SMB,Starter Kit,5652.96,1,3
CUST_4166,SMB,Starter Kit,3283.12,0,6
CUST_4840,Startups,Starter Kit,1532.74,0,4
CUST_4992,Startups,Starter Kit,2180.36,0,3
CUST_4646,Startups,Business Pro,2983.98,0,4
CUST_4818,Startups,Starter Kit,1636.9,0,4
CUST_4484,Startups,Starter Kit,2960.79,0,2
CUST_4980,Startups,Business Pro,2335.61,0,2
CUST_4504,Startups,Business Pro,3211.83,0,3
CUST_4831,Startups,Starter Kit,2631.1,0,1
CUST_4243,SMB,Starter Kit,3480.63,0,2
CUST_4566,Startups,Business Pro,2480.61,0,3
CUST_4875,Startups,Business Pro,1890.38,0,5
CUST_4562,Startups,Starter Kit,1840.93,0,2
CUST_4686,Startups,Starter Kit,2929.03,0,1
CUST_4189,SMB,Business Pro,2967.41,0,7
CUST_4782,Startups,Starter Kit,2129.5,0,4
CUST_4699,Startups,Starter Kit,2702.85,0,4
CUST_4475,Startups,Starter Kit,3982.41,0,1
CUST_4681,Startups,Starter Kit,2144.76,0,1
CUST_4510,Startups,Starter Kit,3033.54,0,1
CUST_4058,SMB,Enterprise Suite,2180.91,0,4
CUST_4474,Startups,Starter Kit,2819.25,0,4
CUST_4560,Startups,Business Pro,3260.2,0,6
CUST_4856,Startups,Starter Kit,1591.37,0,2
CUST_4747,Startups,Business Pro,2858.88,0,5
CUST_4252,SMB,Starter Kit,5404.55,1,2
CUST_4021,Enterprise,Enterprise Suite,128369.63,0,4
CUST_4313,SMB,Business Pro,5850.59,0,1
CUST_4459,Startups,Starter Kit,1797.04,0,3
CUST_4160,SMB,Starter Kit,3471.13,0,2
CUST_4276,SMB,Business Pro,5193.18,0,4
CUST_4955,Startups,Starter Kit,2457.85,0,1
CUST_4191,SMB,Starter Kit,5588.86,0,3
CUST_4385,SMB,Business Pro,5213.92,0,3
CUST_4805,Startups,Business Pro,3341.11,0,5
CUST_4413,SMB,Business Pro,4293.75,1,4
CUST_4491,Startups,Starter Kit,3050.33,0,3
CUST_4343,SMB,Enterprise Suite,3735.41,0,2
CUST_4769,Startups,Starter Kit,3553.14,0,5
CUST_4308,SMB,Business Pro,5180.74,0,5
CUST_4661,Startups,Business Pro,3966.29,0,2
CUST_4130,SMB,Business Pro,3669.64,0,4
CUST_4663,Startups,Business Pro,2093.07,0,4
CUST_4871,Startups,Starter Kit,2176.86,0,1
CUST_4099,SMB,Business Pro,2431.57,0,8
CUST_4372,SMB,Business Pro,2377.77,0,5
CUST_4087,SMB,Business Pro,4550.23,0,6
CUST_4458,Startups,Starter Kit,1640.76,0,2
CUST_4330,SMB,Business Pro,3423.89,0,10
CUST_4214,SMB,Business Pro,4848.72,0,8
CUST_4466,Startups,Business Pro,2214.28,0,2
CUST_4121,SMB,Enterprise Suite,5584.37,0,8
CUST_4614,Startups,Starter Kit,3683.95,0,2
CUST_4020,Enterprise,Enterprise Suite,156711.17,0,0
CUST_4700,Startups,Starter Kit,2831.47,0,2
CUST_4071,SMB,Starter Kit,2794.86,0,5
CUST_4106,SMB,Business Pro,3641.53,0,3
CUST_4270,SMB,Business Pro,5237.44,0,4
CUST_4860,Startups,Business Pro,3438.82,0,6
CUST_4435,SMB,Business Pro,4803.88,1,2
CUST_4102,SMB,Enterprise Suite,3257.42,0,2
