customer_id,total_transactions,days_as_customer,total_spent,days_since_last_purchase,purchase_count
CUST_2000,13,132,2018.17,30,13
CUST_2001,21,465,1280.51,68,21
CUST_2002,13,300,2117.22,18,13
CUST_2003,15,136,1959.77,62,15
CUST_2004,17,101,764.95,37,17
CUST_2005,13,50,1268.0,25,13
CUST_2006,16,644,2817.85,48,16
CUST_2007,12,151,2238.22,65,12
CUST_2008,19,496,2023.45,53,19
CUST_2009,14,244,1528.05,79,14
CUST_2010,16,360,2971.67,73,16
CUST_2011,13,488,1660.58,15,13
CUST_2012,22,117,676.46,49,22
CUST_2013,14,402,2586.24,88,14
CUST_2014,13,129,889.72,68,13
CUST_2015,17,693,2143.46,12,17
CUST_2016,16,160,863.44,59,16
CUST_2017,21,691,649.51,37,21
CUST_2018,25,338,1987.7,61,25
CUST_2019,17,373,2746.97,43,17
CUST_2020,31,521,2280.91,70,31
CUST_2021,14,443,889.24,39,14
CUST_2022,13,415,808.85,56,13
CUST_2023,14,221,1612.18,63,14
CUST_2024,9,306,1761.48,46,9
CUST_2025,18,190,1895.82,88,18
CUST_2026,13,489,1592.87,11,13
CUST_2027,14,343,2458.55,62,14
CUST_2028,11,51,1305.01,77,11
CUST_2029,17,282,973.78,25,17
CUST_2030,15,590,1161.44,71,15
CUST_2031,17,504,1347.06,52,17
CUST_2032,12,88,1134.37,4,12
CUST_2033,15,540,1495.32,59,15
CUST_2034,21,711,3464.2,72,21
CUST_2035,17,505,1464.43,20,17
CUST_2036,18,729,1924.93,63,18
CUST_2037,13,219,1746.82,54,13
CUST_2038,14,716,1275.43,74,14
CUST_2039,14,592,2399.58,57,14
CUST_2040,15,596,1917.07,41,15
CUST_2041,12,273,917.49,3,12
CUST_2042,18,534,2699.29,6,18
CUST_2043,19,160,2229.43,5,19
CUST_2044,15,514,1777.95,5,15
CUST_2045,19,676,2074.62,54,19
CUST_2046,12,50,1343.73,47,12
CUST_2047,15,196,2384.06,87,15
CUST_2048,15,303,645.33,49,15
CUST_2049,10,417,835.13,9,10
CUST_2050,23,630,878.9,20,23
CUST_2051,16,345,2509.09,61,16
CUST_2052,15,43,1089.79,35,15
CUST_2053,11,271,2002.55,50,11
CUST_2054,14,375,1640.12,82,14
CUST_2055,10,594,1651.31,62,10
CUST_2056,20,369,3926.26,17,20
CUST_2057,16,121,2751.41,88,16
CUST_2058,21,396,3711.2,3,21
CUST_2059,16,484,1542.36,32,16
CUST_2060,18,457,2187.93,13,18
CUST_2061,21,538,1458.04,89,21
CUST_2062,20,64,1186.4,73,20
CUST_2063,17,235,1928.89,68,17
CUST_2064,17,110,2195.27,14,17
CUST_2065,18,591,1518.7,11,18
CUST_2066,13,417,1620.48,56,13
CUST_2067,14,31,2524.28,67,14
CUST_2068,17,419,2081.25,29,17
CUST_2069,18,595,2720.56,9,18
CUST_2070,18,135,2986.74,67,18
CUST_2071,13,506,2574.36,25,13
CUST_2072,18,431,2350.07,76,18
CUST_2073,23,585,3822.57,42,23
CUST_2074,16,191,3095.42,9,16
CUST_2075,17,231,3234.62,79,17
CUST_2076,19,299,944.1,40,19
CUST_2077,13,300,1249.54,25,13
CUST_2078,21,485,1715.66,5,21
CUST_2079,13,491,522.75,11,13
CUST_2080,19,281,2580.53,59,19
CUST_2081,14,325,2152.97,88,14
CUST_2082,16,367,2774.76,79,16
CUST_2083,13,82,604.32,38,13
CUST_2084,21,246,3745.93,72,21
CUST_2085,25,217,3437.8,5,25
CUST_2086,16,409,2371.05,48,16
CUST_2087,9,522,1659.23,18,9
CUST_2088,17,70,2283.66,70,17
CUST_2089,19,186,1591.75,37,19
CUST_2090,19,44,3218.48,60,19
CUST_2091,18,94,1593.64,48,18
CUST_2092,15,550,464.85,77,15
CUST_2093,15,373,2555.47,28,15
CUST_2094,11,158,939.49,69,11
CUST_2095,13,677,2085.47,77,13
CUST_2096,13,501,1150.27,81,13
CUST_2097,17,92,2986.68,40,17
CUST_2098,18,168,1141.46,45,18
CUST_2099,14,528,2737.64,62,14
CUST_2100,13,622,2098.95,58,13
CUST_2101,15,421,674.87,67,15
CUST_2102,15,704,1860.16,56,15
CUST_2103,20,448,3948.79,40,20
CUST_2104,18,318,1933.86,40,18
CUST_2105,15,408,853.03,77,15
CUST_2106,9,519,988.53,33,9
CUST_2107,15,260,1720.2,6,15
CUST_2108,14,70,2167.13,88,14
CUST_2109,13,57,1914.87,19,13
CUST_2110,9,164,859.02,80,9
CUST_2111,12,230,757.85,40,12
CUST_2112,15,62,2068.27,59,15
CUST_2113,8,77,790.39,59,8
CUST_2114,10,532,481.48,48,10
CUST_2115,12,436,2191.2,41,12
CUST_2116,15,603,2189.46,13,15
CUST_2117,13,128,1879.24,45,13
CUST_2118,13,713,2196.38,89,13
CUST_2119,15,576,1765.36,53,15
CUST_2120,13,642,2179.25,42,13
CUST_2121,15,491,1682.49,63,15
CUST_2122,23,672,845.38,27,23
CUST_2123,21,34,2014.29,38,21
CUST_2124,11,247,1232.62,60,11
CUST_2125,19,532,2869.67,7,19
CUST_2126,19,427,829.37,5,19
CUST_2127,20,422,990.06,45,20
CUST_2128,8,236,569.16,58,8
CUST_2129,11,44,788.01,31,11
CUST_2130,9,583,1378.19,23,9
CUST_2131,16,490,1102.05,42,16
CUST_2132,22,720,2987.43,10,22
CUST_2133,14,604,1560.97,32,14
CUST_2134,12,270,1503.92,53,12
CUST_2135,13,593,2231.69,30,13
CUST_2136,21,125,2011.1,39,21
CUST_2137,7,514,1119.37,31,7
CUST_2138,16,436,1581.7,82,16
CUST_2139,14,260,1216.98,2,14
CUST_2140,27,684,5204.51,78,27
CUST_2141,20,200,1145.3,77,20
CUST_2142,16,570,652.94,12,16
CUST_2143,20,65,3198.45,39,20
CUST_2144,17,554,628.04,66,17
CUST_2145,17,189,2915.31,13,17
CUST_2146,19,728,1928.67,46,19
CUST_2147,15,272,2778.22,27,15
CUST_2148,13,115,1966.49,17,13
CUST_2149,18,607,2372.77,60,18
CUST_2150,15,711,2866.93,64,15
CUST_2151,19,586,1793.86,88,19
CUST_2152,14,603,2687.51,35,14
CUST_2153,17,675,826.63,70,17
CUST_2154,16,57,1754.51,83,16
CUST_2155,17,649,1227.99,30,17
CUST_2156,18,585,2150.5,71,18
CUST_2157,18,369,960.34,74,18
CUST_2158,21,360,3617.62,63,21
CUST_2159,14,669,2423.7,28,14
CUST_2160,16,535,3074.66,60,16
CUST_2161,22,377,1145.49,79,22
CUST_2162,14,502,1877.16,37,14
CUST_2163,10,260,1079.92,22,10
CUST_2164,18,219,1534.81,68,18
CUST_2165,11,254,951.71,20,11
CUST_2166,9,414,875.15,68,9
CUST_2167,23,406,3412.33,64,23
CUST_2168,19,312,2464.3,17,19
CUST_2169,19,662,2003.44,12,19
CUST_2170,11,657,421.17,22,11
CUST_2171,18,288,694.96,17,18
CUST_2172,19,388,482.78,10,19
CUST_2173,21,485,4081.3,65,21
CUST_2174,15,440,388.79,22,15
CUST_2175,19,678,817.79,82,19
CUST_2176,17,347,1360.92,50,17
CUST_2177,10,706,1663.0,14,10
CUST_2178,13,254,2513.77,64,13
CUST_2179,16,263,2612.04,47,16
CUST_2180,18,713,2625.26,29,18
CUST_2181,17,693,1975.87,76,17
CUST_2182,17,403,682.95,36,17
CUST_2183,17,701,3275.56,52,17
CUST_2184,14,637,2208.06,76,14
CUST_2185,17,501,2325.87,7,17
CUST_2186,16,262,2525.3,29,16
CUST_2187,23,721,3489.52,11,23
CUST_2188,12,142,1638.19,33,12
CUST_2189,16,526,3145.62,6,16
CUST_2190,10,471,1830.89,79,10
CUST_2191,8,593,1105.33,32,8
CUST_2192,22,297,3218.72,51,22
CUST_2193,23,539,782.67,75,23
CUST_2194,19,415,2702.48,58,19
CUST_2195,16,416,523.66,87,16
CUST_2196,18,142,2303.03,26,18
CUST_2197,19,642,3797.85,46,19
CUST_2198,18,654,2200.79,29,18
CUST_2199,10,110,1078.12,4,10
CUST_2200,23,728,1834.24,81,23
CUST_2201,17,142,783.55,13,17
CUST_2202,15,31,2293.94,39,15
CUST_2203,16,671,939.28,15,16
CUST_2204,18,249,813.14,29,18
CUST_2205,11,595,1086.89,29,11
CUST_2206,10,254,1641.85,75,10
CUST_2207,17,414,2641.57,32,17
CUST_2208,19,432,657.48,2,19
CUST_2209,12,667,1255.8,47,12
CUST_2210,23,159,2677.8,78,23
CUST_2211,20,82,2755.91,84,20
CUST_2212,12,713,1665.35,22,12
CUST_2213,14,701,1243.51,75,14
CUST_2214,18,445,2216.13,27,18
CUST_2215,17,276,1856.16,67,17
CUST_2216,15,468,2698.12,81,15
CUST_2217,14,232,1649.15,56,14
CUST_2218,16,213,1634.89,21,16
CUST_2219,13,152,1245.2,47,13
CUST_2220,15,430,1877.62,80,15
CUST_2221,19,323,3148.22,59,19
CUST_2222,12,309,1430.64,84,12
CUST_2223,16,639,2252.63,6,16
CUST_2224,19,227,2928.37,19,19
CUST_2225,19,540,2204.56,57,19
CUST_2226,12,173,1196.32,69,12
CUST_2227,16,638,2854.66,3,16
CUST_2228,10,230,980.64,1,10
CUST_2229,14,153,1481.76,58,14
CUST_2230,17,216,3371.27,38,17
CUST_2231,16,355,400.67,15,16
CUST_2232,15,493,861.87,34,15
CUST_2233,17,378,1567.29,61,17
CUST_2234,17,689,3199.45,35,17
CUST_2235,26,432,968.64,64,26
CUST_2236,13,375,346.58,25,13
CUST_2237,13,540,444.86,24,13
CUST_2238,22,176,890.89,12,22
CUST_2239,10,177,315.79,18,10
CUST_2240,19,518,2070.27,15,19
CUST_2241,20,669,2532.65,80,20
CUST_2242,18,580,1305.81,27,18
CUST_2243,14,367,1325.8,72,14
CUST_2244,9,670,369.43,60,9
CUST_2245,11,502,922.51,46,11
CUST_2246,12,180,1397.29,89,12
CUST_2247,20,444,3062.95,17,20
CUST_2248,14,327,358.2,53,14
CUST_2249,17,640,1815.25,8,17
