customer_id,customer_type,region,product_tier,lifetime_value,churn,support_tickets,retention_days,feature_adoption_score,nps_score
CUST_5521,Startup,EMEA,Free,2142.67,0,3,130,47.2,-6.0
CUST_5737,Startup,AMER,Free,3449.8,0,1,219,24.8,0.5
CUST_5740,Startup,AMER,Free,2388.04,0,2,95,25.4,18.3
CUST_5660,Startup,EMEA,Free,2068.29,0,0,168,18.8,36.3
CUST_5411,SMB,APAC,Gold,11650.43,1,5,377,75.5,37.1
CUST_5678,Startup,AMER,Free,3908.41,0,8,105,31.3,-0.5
CUST_5626,Startup,AMER,Free,2387.6,0,4,197,16.3,39.5
CUST_5513,Startup,EMEA,Free,3598.19,1,2,77,50.0,-3.1
CUST_5859,Startup,APAC,Silver,1197.13,0,3,102,29.5,24.8
CUST_5136,SMB,APAC,Silver,8631.53,0,2,490,68.7,33.5
CUST_5811,Startup,AMER,Free,3516.69,0,2,155,46.8,13.6
CUST_5076,SMB,EMEA,Gold,10398.89,0,4,213,54.0,44.9
CUST_5636,Startup,APAC,Free,2597.85,0,3,282,41.5,16.5
CUST_5973,Startup,EMEA,Silver,1644.82,0,0,37,29.0,-7.6
CUST_5938,Startup,EMEA,Silver,1353.25,0,3,107,37.9,13.4
CUST_5899,Startup,AMER,Free,1256.53,0,3,190,54.6,3.9
CUST_5280,SMB,AMER,Gold,11230.04,0,2,587,78.9,40.4
CUST_5883,Startup,EMEA,Silver,1312.33,0,1,185,51.4,1.1
CUST_5761,Startup,EMEA,Silver,1935.17,0,2,78,32.9,7.3
CUST_5319,SMB,APAC,Silver,6751.7,1,6,392,75.0,50.8
CUST_5549,Startup,AMER,Free,3316.96,0,5,168,33.8,30.8
CUST_5174,SMB,AMER,Gold,9516.21,0,5,327,72.5,38.9
CUST_5371,SMB,AMER,Silver,5127.55,0,3,440,74.0,40.1
CUST_5527,Startup,AMER,Free,1820.22,0,6,286,51.9,35.9
CUST_5210,SMB,EMEA,Silver,8841.14,0,3,458,47.3,12.3
CUST_5235,SMB,AMER,Gold,10057.16,0,8,452,79.3,19.9
CUST_5101,SMB,AMER,Gold,9454.87,0,5,364,56.1,37.2
CUST_5986,Startup,AMER,Silver,3065.21,0,3,279,33.7,35.6
CUST_5902,Startup,APAC,Silver,1544.31,0,1,91,16.2,37.7
CUST_5947,Startup,AMER,Free,3700.06,0,2,240,54.5,-12.1
CUST_5346,SMB,AMER,Gold,9445.66,0,8,556,51.0,25.7
CUST_5139,SMB,APAC,Silver,11802.47,0,6,182,50.8,52.2
CUST_5621,Startup,AMER,Free,1628.05,1,5,114,20.3,-19.5
CUST_5499,Startup,APAC,Silver,3958.63,0,1,220,31.3,21.0
CUST_5370,SMB,APAC,Silver,5705.45,0,3,533,41.9,46.8
CUST_5198,SMB,APAC,Gold,11209.6,0,6,478,64.7,28.9
CUST_5687,Startup,EMEA,Silver,1839.94,0,2,106,18.5,-11.1
CUST_5584,Startup,APAC,Silver,2900.2,0,4,168,54.6,-3.1
CUST_5901,Startup,AMER,Free,1079.6,1,4,86,54.4,32.8
CUST_5059,SMB,EMEA,Silver,7277.31,0,4,104,42.0,21.3
CUST_5328,SMB,APAC,Gold,7937.2,0,4,194,44.2,58.5
CUST_5096,SMB,AMER,Gold,8659.13,0,8,452,44.8,18.6
CUST_5312,SMB,APAC,Gold,5177.46,0,4,292,58.2,38.8
CUST_5974,Startup,AMER,Free,1093.55,0,6,67,45.3,29.7
CUST_5299,SMB,EMEA,Silver,5597.43,0,2,578,68.8,34.5
CUST_5277,SMB,EMEA,Silver,9549.75,0,4,356,78.1,11.1
CUST_5924,Startup,AMER,Silver,2275.64,0,4,107,19.6,5.2
CUST_5601,Startup,EMEA,Silver,1835.77,0,1,133,43.6,38.1
CUST_5439,SMB,EMEA,Silver,5569.44,0,3,445,69.0,58.7
CUST_5837,Startup,AMER,Silver,2087.18,0,6,244,28.1,-2.3
CUST_5570,Startup,EMEA,Silver,2541.97,0,1,223,53.2,10.6
CUST_5879,Startup,AMER,Silver,1665.92,0,4,134,47.3,11.4
CUST_5261,SMB,APAC,Gold,11930.38,0,9,140,43.2,31.0
CUST_5578,Startup,APAC,Free,2476.35,0,3,82,25.8,25.9
CUST_5023,Enterprise,EMEA,Platinum,141981.71,0,2,793,95.6,87.4
CUST_5030,Enterprise,AMER,Gold,156452.69,0,3,1028,95.8,88.6
CUST_5617,Startup,APAC,Free,1830.63,0,4,102,33.8,27.0
CUST_5010,Enterprise,AMER,Platinum,121235.07,0,2,748,94.1,81.1
CUST_5221,SMB,APAC,Gold,8978.16,0,2,490,70.1,37.1
CUST_5820,Startup,APAC,Silver,3408.56,0,3,176,52.7,5.8
CUST_5296,SMB,APAC,Silver,10389.95,0,2,376,69.9,23.2
CUST_5054,SMB,AMER,Silver,9185.3,0,7,279,66.4,18.2
CUST_5542,Startup,AMER,Silver,1685.93,0,2,270,49.7,-5.1
CUST_5209,SMB,AMER,Silver,6125.66,0,1,408,48.6,45.6
CUST_5604,Startup,AMER,Free,1361.91,1,3,228,52.2,5.0
CUST_5692,Startup,EMEA,Silver,2522.83,0,3,234,42.2,-18.8
CUST_5662,Startup,APAC,Silver,2817.32,0,3,204,37.6,12.8
CUST_5866,Startup,APAC,Silver,1465.72,1,3,258,49.0,28.1
CUST_5070,SMB,EMEA,Silver,10405.71,0,1,512,61.9,49.2
CUST_5543,Startup,APAC,Silver,3015.1,0,4,57,54.3,15.4
CUST_5107,SMB,AMER,Silver,10288.86,0,6,254,43.9,55.2
CUST_5493,Startup,EMEA,Silver,1564.36,1,4,244,17.2,30.8
CUST_5590,Startup,APAC,Silver,1416.48,0,3,188,39.6,-14.8
CUST_5741,Startup,AMER,Free,1904.13,0,3,179,54.3,19.3
CUST_5292,SMB,AMER,Silver,10758.2,0,7,273,70.8,12.4
CUST_5289,SMB,AMER,Silver,9135.83,1,4,235,49.0,54.2
CUST_5652,Startup,APAC,Free,2760.52,0,3,252,39.4,35.0
CUST_5039,Enterprise,AMER,Platinum,146409.15,0,2,722,83.1,79.9
CUST_5589,Startup,AMER,Silver,1455.71,0,3,144,31.6,16.3
CUST_5307,SMB,EMEA,Silver,7260.7,0,4,504,57.1,41.1
CUST_5679,Startup,EMEA,Free,3596.52,0,4,106,28.0,-10.5
CUST_5066,SMB,EMEA,Silver,5986.47,0,5,118,78.0,43.6
CUST_5275,SMB,APAC,Silver,8510.61,1,4,293,60.1,31.3
CUST_5067,SMB,AMER,Silver,10615.38,1,6,283,62.2,54.9
CUST_5318,SMB,APAC,Silver,6095.06,1,4,511,51.7,43.1
CUST_5548,Startup,EMEA,Free,2560.92,1,2,174,28.5,34.5
CUST_5998,Startup,APAC,Silver,3850.71,1,2,108,52.1,18.1
CUST_5714,Startup,AMER,Silver,2046.6,1,5,113,19.5,27.8
CUST_5753,Startup,AMER,Silver,2004.72,0,5,222,51.6,-9.9
CUST_5327,SMB,AMER,Gold,9282.05,0,3,461,64.1,15.8
CUST_5382,SMB,EMEA,Gold,9402.6,0,4,511,76.6,54.0
CUST_5451,Startup,AMER,Silver,2675.21,0,2,230,54.0,12.8
CUST_5522,Startup,AMER,Silver,3909.74,0,5,58,54.6,24.0
CUST_5218,SMB,EMEA,Silver,9547.43,0,3,261,76.5,13.6
CUST_5787,Startup,APAC,Free,2202.55,0,1,222,42.0,-12.9
CUST_5436,SMB,AMER,Gold,5509.34,0,5,429,68.9,29.7
CUST_5764,Startup,APAC,Free,1100.6,0,4,86,27.9,22.1
CUST_5088,SMB,APAC,Gold,11210.49,0,3,543,46.1,40.8
CUST_5063,SMB,AMER,Silver,7497.27,0,6,448,73.0,49.8
CUST_5826,Startup,APAC,Free,2039.04,1,4,286,33.9,5.9
CUST_5716,Startup,APAC,Free,3491.86,1,3,88,54.9,21.2
CUST_5351,SMB,APAC,Gold,10995.43,0,5,560,68.3,19.9
CUST_5936,Startup,EMEA,Silver,1055.17,0,3,216,20.0,-0.9
CUST_5256,SMB,APAC,Gold,11553.08,0,3,242,61.8,49.1
CUST_5635,Startup,EMEA,Free,2342.24,0,5,192,31.3,5.2
CUST_5644,Startup,AMER,Silver,1359.29,0,1,215,22.3,30.0
CUST_5554,Startup,EMEA,Free,3629.96,0,0,37,45.0,0.3
CUST_5959,Startup,EMEA,Silver,3214.1,0,3,287,26.8,-8.5
CUST_5168,SMB,APAC,Gold,5285.43,1,3,145,68.9,57.8
CUST_5917,Startup,APAC,Silver,3845.36,0,1,291,31.2,1.6
CUST_5528,Startup,AMER,Silver,1169.13,0,3,94,20.1,22.5
CUST_5823,Startup,EMEA,Free,2194.51,0,2,123,44.8,19.8
CUST_5985,Startup,AMER,Silver,2486.47,0,5,209,52.9,22.0
CUST_5816,Startup,AMER,Free,2773.83,0,5,43,47.5,22.1
CUST_5086,SMB,AMER,Gold,10107.24,0,2,292,59.2,47.9
CUST_5432,SMB,AMER,Gold,9327.53,0,3,199,72.5,15.6
CUST_5184,SMB,APAC,Silver,6805.59,1,1,364,60.5,52.5
CUST_5978,Startup,AMER,Free,2489.1,0,5,131,42.3,4.8
CUST_5534,Startup,APAC,Silver,3306.96,0,6,62,41.8,-7.2
CUST_5294,SMB,APAC,Gold,5889.42,0,5,290,53.5,30.7
CUST_5892,Startup,AMER,Free,3490.66,0,6,268,34.3,-17.5
CUST_5425,SMB,AMER,Gold,8846.7,0,3,320,44.8,56.4
CUST_5713,Startup,APAC,Free,2235.52,0,2,297,32.8,-11.1
CUST_5260,SMB,APAC,Gold,9305.05,0,2,545,69.0,15.5
CUST_5237,SMB,AMER,Gold,5170.21,0,3,543,52.8,20.2
CUST_5559,Startup,AMER,Silver,2860.93,0,2,49,40.3,28.7
CUST_5583,Startup,EMEA,Free,1986.25,0,2,195,30.2,25.2
CUST_5445,SMB,EMEA,Gold,11630.74,0,4,194,69.1,18.6
CUST_5867,Startup,APAC,Free,1545.78,0,2,283,24.2,-17.5
CUST_5800,Startup,AMER,Free,3121.72,0,3,39,28.5,-13.2
CUST_5599,Startup,AMER,Silver,1122.61,0,2,270,53.1,17.6
CUST_5849,Startup,AMER,Silver,2786.16,0,3,298,20.2,-4.0
CUST_5265,SMB,APAC,Silver,10185.38,1,3,342,72.5,48.2
CUST_5995,Startup,EMEA,Silver,1274.75,0,1,273,42.5,7.1
CUST_5529,Startup,AMER,Free,3594.17,0,2,217,32.8,24.9
CUST_5055,SMB,AMER,Gold,11453.12,0,6,486,57.3,11.7
CUST_5120,SMB,AMER,Silver,10652.08,0,5,99,73.2,16.2
CUST_5215,SMB,AMER,Gold,6660.74,0,4,551,74.4,26.7
CUST_5025,Enterprise,APAC,Platinum,167110.56,0,1,924,87.0,86.7
CUST_5072,SMB,EMEA,Gold,5038.65,1,8,382,65.7,36.0
CUST_5044,Enterprise,AMER,Gold,135526.8,0,2,1043,77.0,83.9
CUST_5247,SMB,AMER,Gold,11766.58,1,4,326,67.9,58.2
CUST_5721,Startup,AMER,Free,1543.7,0,6,44,23.4,-1.1
CUST_5281,SMB,AMER,Gold,7365.97,0,1,128,51.0,56.3
CUST_5893,Startup,APAC,Silver,2191.55,0,3,260,28.2,17.4
CUST_5914,Startup,AMER,Free,2656.14,0,5,209,27.4,27.8
CUST_5810,Startup,AMER,Silver,3954.52,0,1,230,30.1,-5.3
CUST_5244,SMB,AMER,Silver,5108.2,0,7,244,74.7,15.1
CUST_5822,Startup,AMER,Free,2000.5,0,1,147,19.1,5.0
CUST_5321,SMB,AMER,Gold,10002.17,0,3,139,56.7,53.0
CUST_5643,Startup,AMER,Free,1982.49,0,4,199,30.0,23.4
CUST_5158,SMB,APAC,Gold,6663.46,0,4,207,67.4,27.0
CUST_5977,Startup,APAC,Silver,1154.28,0,5,167,37.7,10.3
CUST_5429,SMB,EMEA,Gold,5819.47,0,8,482,40.8,48.4
CUST_5941,Startup,EMEA,Silver,2662.53,0,7,42,43.9,0.0
CUST_5462,Startup,APAC,Free,3238.13,0,1,221,44.6,3.7
CUST_5309,SMB,AMER,Silver,6895.83,0,2,412,55.4,14.7
CUST_5697,Startup,AMER,Free,2743.71,0,3,113,40.7,24.1
CUST_5060,SMB,AMER,Gold,7720.74,0,4,402,44.2,11.3
CUST_5884,Startup,APAC,Free,3399.75,0,3,187,53.5,35.8
CUST_5595,Startup,APAC,Silver,2421.88,0,2,119,40.0,25.6
CUST_5767,Startup,APAC,Silver,3630.3,0,1,100,41.4,10.8
CUST_5649,Startup,APAC,Free,2495.33,0,1,229,46.1,23.0
CUST_5650,Startup,AMER,Free,1260.76,1,3,249,45.0,-6.5
CUST_5865,Startup,AMER,Free,2678.92,0,4,167,31.6,31.2
CUST_5668,Startup,APAC,Silver,1559.7,0,2,201,37.8,-8.9
CUST_5298,SMB,APAC,Silver,9360.23,0,6,342,53.0,18.1
CUST_5689,Startup,APAC,Free,1561.13,0,5,274,41.8,-8.3
CUST_5314,SMB,AMER,Gold,10851.86,0,3,198,41.5,18.8
CUST_5310,SMB,APAC,Silver,8072.8,1,3,145,73.4,29.5
CUST_5361,SMB,APAC,Gold,9503.02,0,5,375,67.0,15.3
CUST_5479,Startup,APAC,Silver,2569.29,0,4,223,19.0,1.0
CUST_5110,SMB,AMER,Gold,7028.26,0,4,375,47.5,31.4
CUST_5989,Startup,AMER,Silver,3457.31,0,1,77,54.2,13.3
CUST_5486,Startup,AMER,Free,1136.34,0,1,154,34.2,20.4
CUST_5363,SMB,EMEA,Gold,8819.32,0,2,442,59.6,50.2
CUST_5254,SMB,AMER,Silver,6186.45,0,5,450,74.2,43.9
CUST_5259,SMB,AMER,Silver,5680.24,0,4,435,42.2,34.5
CUST_5802,Startup,APAC,Free,2728.87,0,2,169,33.2,-13.9
CUST_5677,Startup,AMER,Free,2193.57,0,2,33,31.6,11.6
CUST_5494,Startup,APAC,Silver,2391.1,0,2,100,20.8,-16.2
CUST_5670,Startup,AMER,Free,1520.12,0,0,123,26.0,-9.5
CUST_5377,SMB,APAC,Gold,5162.9,0,4,241,69.4,30.1
CUST_5526,Startup,AMER,Silver,2244.46,0,2,196,15.5,8.8
CUST_5845,Startup,AMER,Silver,2243.87,0,3,244,24.5,-3.4
CUST_5137,SMB,AMER,Gold,9921.13,0,3,528,68.2,36.4
CUST_5355,SMB,APAC,Silver,9496.93,0,5,472,77.3,26.4
CUST_5365,SMB,EMEA,Gold,7702.72,0,5,359,48.9,48.8
CUST_5942,Startup,EMEA,Free,2954.26,0,4,105,52.5,-6.9
CUST_5749,Startup,EMEA,Silver,2872.71,0,4,37,18.4,20.7
CUST_5948,Startup,EMEA,Free,3621.67,0,4,55,39.8,-4.0
CUST_5829,Startup,AMER,Free,2356.65,0,1,201,19.5,-1.5
CUST_5656,Startup,AMER,Free,1851.33,0,3,171,24.0,34.9
CUST_5199,SMB,APAC,Gold,10459.13,0,5,307,57.8,33.7
CUST_5213,SMB,APAC,Silver,6569.89,0,3,137,73.7,31.0
CUST_5408,SMB,AMER,Silver,11337.67,0,4,131,63.1,33.4
CUST_5332,SMB,AMER,Silver,5100.75,0,2,173,61.2,18.4
CUST_5208,SMB,APAC,Gold,5035.43,0,7,204,68.1,11.5
CUST_5613,Startup,APAC,Free,1245.28,0,4,42,41.5,20.0
CUST_5078,SMB,APAC,Silver,7509.26,0,1,544,72.1,11.0
CUST_5029,Enterprise,EMEA,Platinum,122787.02,0,3,710,86.0,92.1
CUST_5535,Startup,APAC,Silver,3834.3,0,4,260,53.5,3.1
CUST_5695,Startup,AMER,Silver,2831.86,1,1,254,32.9,38.5
CUST_5557,Startup,EMEA,Free,1086.35,0,2,227,32.5,26.3
CUST_5836,Startup,AMER,Silver,3744.54,0,5,103,40.7,22.7
CUST_5596,Startup,EMEA,Free,3002.67,0,4,140,41.1,-1.2
CUST_5165,SMB,AMER,Gold,10847.12,0,3,557,75.8,45.2
CUST_5918,Startup,APAC,Free,3290.82,0,0,112,50.0,36.3
CUST_5495,Startup,AMER,Free,2060.06,0,5,85,42.8,-18.1
CUST_5824,Startup,APAC,Silver,2612.19,0,4,173,47.2,9.4
CUST_5065,SMB,AMER,Gold,8798.87,0,1,420,77.1,55.2
CUST_5141,SMB,AMER,Silver,6762.48,0,3,574,55.6,10.5
CUST_5925,Startup,AMER,Silver,1067.41,0,2,176,27.2,10.5
CUST_5827,Startup,AMER,Silver,2040.86,0,6,215,43.4,39.5
CUST_5655,Startup,EMEA,Free,1382.74,0,7,257,32.4,27.6
CUST_5331,SMB,EMEA,Gold,10304.92,0,5,449,74.2,13.3
CUST_5664,Startup,APAC,Free,1305.35,0,3,232,44.3,-19.6
CUST_5249,SMB,AMER,Silver,10971.07,0,4,223,53.4,11.1
CUST_5907,Startup,AMER,Free,2025.45,0,4,115,16.3,36.3
CUST_5708,Startup,APAC,Silver,1763.92,0,2,72,18.8,-13.5
CUST_5305,SMB,AMER,Gold,11830.96,0,3,348,51.0,36.5
CUST_5734,Startup,APAC,Free,2076.49,0,2,104,51.6,-18.4
CUST_5975,Startup,AMER,Free,1786.79,0,3,143,38.3,12.3
CUST_5049,Enterprise,AMER,Platinum,131091.27,0,0,1154,78.2,92.6
CUST_5896,Startup,AMER,Free,1879.44,0,2,197,48.1,18.6
CUST_5002,Enterprise,AMER,Gold,163919.64,0,3,1068,99.2,73.7
CUST_5544,Startup,AMER,Free,2854.38,0,4,252,36.1,-15.8
CUST_5350,SMB,APAC,Gold,8521.95,0,4,150,64.9,18.7
CUST_5904,Startup,APAC,Free,2264.27,0,2,119,19.3,23.2
CUST_5536,Startup,APAC,Free,3548.94,0,2,295,39.1,24.4
CUST_5344,SMB,APAC,Gold,7789.53,0,3,465,53.7,14.0
CUST_5994,Startup,AMER,Silver,2082.92,0,1,232,19.2,-0.9
CUST_5481,Startup,AMER,Silver,3087.25,0,0,62,37.4,27.1
CUST_5575,Startup,AMER,Silver,3848.56,0,3,274,49.2,10.0
CUST_5033,Enterprise,AMER,Platinum,176933.13,0,0,1146,84.9,99.8
CUST_5031,Enterprise,AMER,Platinum,130231.45,0,0,711,98.2,68.2
CUST_5231,SMB,EMEA,Silver,8518.46,0,3,210,67.1,46.5
CUST_5963,Startup,APAC,Silver,2167.89,0,3,128,54.6,7.6
CUST_5192,SMB,EMEA,Gold,11302.93,0,2,239,52.2,48.1
CUST_5333,SMB,APAC,Gold,5812.51,0,4,571,50.2,59.6
CUST_5003,Enterprise,EMEA,Platinum,155919.51,0,1,1095,81.4,66.7
CUST_5204,SMB,AMER,Gold,9245.0,0,1,423,61.1,23.4
CUST_5514,Startup,AMER,Free,1135.66,0,2,114,37.6,8.8
CUST_5799,Startup,AMER,Silver,3767.5,1,3,134,25.0,27.7
CUST_5306,SMB,APAC,Silver,8614.1,0,5,388,73.8,29.6
CUST_5109,SMB,EMEA,Silver,5538.86,0,5,181,62.1,18.9
CUST_5430,SMB,AMER,Gold,6000.94,0,4,111,75.6,58.0
CUST_5077,SMB,APAC,Gold,5518.31,0,3,108,78.6,20.4
CUST_5084,SMB,AMER,Gold,7176.88,0,5,386,50.3,48.2
CUST_5286,SMB,APAC,Silver,8259.19,1,2,376,75.3,28.0
CUST_5082,SMB,APAC,Gold,7316.29,0,3,318,66.8,16.2
CUST_5991,Startup,AMER,Silver,3084.09,0,6,35,50.9,-19.8
CUST_5789,Startup,AMER,Silver,3841.85,0,0,80,41.9,35.7
CUST_5894,Startup,AMER,Free,3004.26,0,3,121,44.6,13.8
CUST_5398,SMB,EMEA,Gold,10256.1,0,4,374,47.6,15.1
CUST_5323,SMB,APAC,Gold,6959.54,0,5,160,78.5,26.8
CUST_5519,Startup,EMEA,Free,1451.25,0,3,133,42.0,-10.4
CUST_5916,Startup,AMER,Free,1883.4,0,4,125,42.6,27.6
CUST_5922,Startup,APAC,Silver,3683.66,0,1,221,37.0,-9.8
CUST_5005,Enterprise,AMER,Platinum,129359.67,0,1,837,88.7,99.0
CUST_5731,Startup,APAC,Silver,3443.72,0,1,259,42.7,25.7
CUST_5465,Startup,EMEA,Silver,2124.61,1,3,91,21.8,18.9
CUST_5097,SMB,EMEA,Silver,7992.79,0,5,246,52.8,13.0
CUST_5266,SMB,EMEA,Silver,9879.11,0,5,543,78.3,10.9
CUST_5357,SMB,APAC,Gold,9100.43,0,3,367,65.2,24.7
CUST_5868,Startup,AMER,Free,3585.36,0,4,239,24.6,2.7
CUST_5798,Startup,AMER,Free,3089.95,1,1,157,23.2,21.0
CUST_5380,SMB,AMER,Silver,5827.15,0,3,283,71.5,47.6
CUST_5631,Startup,AMER,Silver,3685.62,0,5,167,48.5,-11.3
CUST_5381,SMB,APAC,Gold,9877.16,0,4,425,52.5,51.2
CUST_5490,Startup,AMER,Free,2366.97,0,3,140,32.5,23.0
CUST_5118,SMB,EMEA,Gold,11247.91,0,3,351,45.7,38.8
CUST_5900,Startup,AMER,Silver,1623.66,0,1,45,42.2,5.7
CUST_5250,SMB,APAC,Silver,7061.14,0,1,410,52.3,12.8
CUST_5523,Startup,AMER,Free,3526.36,0,5,156,30.1,-18.2
CUST_5009,Enterprise,APAC,Platinum,162484.35,0,1,828,76.8,72.5
CUST_5196,SMB,APAC,Gold,10081.69,0,6,230,47.7,18.3
CUST_5603,Startup,AMER,Free,1266.11,0,2,157,49.2,-11.8
CUST_5081,SMB,EMEA,Gold,9363.09,1,4,166,54.9,22.0
CUST_5783,Startup,AMER,Free,2037.09,0,3,81,31.2,13.6
CUST_5587,Startup,APAC,Free,1386.64,0,4,183,48.8,-10.7
CUST_5797,Startup,AMER,Silver,2695.4,1,4,272,43.9,-2.4
CUST_5239,SMB,AMER,Gold,6239.77,0,5,305,73.8,44.3
CUST_5290,SMB,APAC,Gold,5213.5,0,9,514,59.8,32.6
CUST_5211,SMB,AMER,Silver,9843.27,0,5,183,57.3,23.3
CUST_5717,Startup,AMER,Free,3895.08,0,2,206,50.6,2.0
CUST_5359,SMB,EMEA,Gold,9028.32,0,7,171,54.8,17.9
CUST_5449,SMB,EMEA,Gold,5584.51,0,7,451,47.0,21.1
CUST_5227,SMB,APAC,Gold,7751.68,0,5,429,73.3,22.1
CUST_5950,Startup,APAC,Silver,2801.55,0,4,185,23.0,-18.2
CUST_5946,Startup,EMEA,Silver,1410.66,0,5,151,19.3,0.9
CUST_5796,Startup,EMEA,Free,3796.35,0,6,181,25.9,15.9
CUST_5501,Startup,AMER,Free,2608.29,0,6,89,19.4,23.6
CUST_5464,Startup,EMEA,Silver,3886.52,0,6,243,25.9,5.0
CUST_5362,SMB,APAC,Silver,8207.77,0,7,471,68.2,10.9
CUST_5468,Startup,APAC,Free,1670.79,0,1,268,37.8,11.4
CUST_5935,Startup,APAC,Free,1816.92,0,1,213,49.8,-7.4
CUST_5428,SMB,EMEA,Gold,7456.41,0,2,180,71.2,42.6
CUST_5007,Enterprise,EMEA,Platinum,171970.57,0,2,1065,83.6,76.9
CUST_5155,SMB,AMER,Gold,6694.39,0,2,589,54.5,23.9
CUST_5541,Startup,AMER,Free,2818.52,0,6,109,52.4,-4.8
CUST_5440,SMB,AMER,Silver,5593.86,0,3,469,73.7,10.4
CUST_5482,Startup,AMER,Silver,2363.62,0,4,87,42.8,18.9
CUST_5422,SMB,EMEA,Gold,5638.44,1,5,426,48.5,37.7
CUST_5778,Startup,AMER,Free,3160.11,0,4,159,44.4,-17.2
CUST_5949,Startup,APAC,Free,2792.24,0,4,202,41.0,6.3
CUST_5334,SMB,AMER,Gold,5322.02,0,2,132,67.0,38.2
CUST_5576,Startup,APAC,Silver,1441.22,1,2,101,42.2,9.0
CUST_5934,Startup,APAC,Silver,1515.04,0,1,152,35.0,19.4
CUST_5567,Startup,APAC,Free,2312.42,0,3,103,42.2,-13.2
CUST_5594,Startup,AMER,Free,3690.37,0,1,225,38.5,-14.8
CUST_5530,Startup,APAC,Silver,3438.7,0,6,167,47.6,-8.2
CUST_5581,Startup,EMEA,Free,3940.1,0,2,143,41.8,-11.2
CUST_5707,Startup,AMER,Silver,3429.62,0,7,253,18.8,1.4
CUST_5448,SMB,EMEA,Gold,7633.82,0,2,293,70.6,13.2
CUST_5453,Startup,EMEA,Free,3719.06,0,2,240,35.5,-9.8
CUST_5228,SMB,AMER,Gold,11244.33,0,2,537,47.8,23.9
CUST_5352,SMB,AMER,Gold,9610.86,0,2,238,51.9,24.0
CUST_5728,Startup,EMEA,Silver,1604.88,0,3,263,28.8,-3.3
CUST_5212,SMB,AMER,Silver,9563.73,0,3,572,72.7,34.9
CUST_5079,SMB,AMER,Silver,5811.08,0,0,191,65.2,34.0
CUST_5148,SMB,EMEA,Gold,5360.35,0,5,91,67.8,13.1
CUST_5302,SMB,APAC,Gold,8784.45,1,6,475,77.2,15.4
CUST_5628,Startup,APAC,Free,1110.05,0,2,134,19.7,-16.3
CUST_5777,Startup,APAC,Free,3166.76,0,1,196,43.2,13.8
CUST_5506,Startup,EMEA,Free,3732.78,0,2,91,43.3,-7.2
CUST_5342,SMB,AMER,Gold,6212.41,0,6,154,51.7,49.6
CUST_5485,Startup,AMER,Silver,3703.47,0,5,64,15.3,31.8
CUST_5711,Startup,AMER,Free,2786.92,1,1,32,54.1,-13.6
CUST_5133,SMB,AMER,Gold,7363.31,0,4,295,43.0,51.7
CUST_5703,Startup,APAC,Free,1403.24,0,2,280,27.6,23.3
CUST_5311,SMB,APAC,Gold,5549.19,0,3,408,45.9,30.3
CUST_5722,Startup,APAC,Free,1199.49,0,3,284,20.8,28.6
CUST_5629,Startup,AMER,Free,1757.31,0,0,222,40.8,11.5
CUST_5000,Enterprise,EMEA,Platinum,142472.41,0,1,994,86.0,66.5
CUST_5316,SMB,AMER,Silver,7862.67,0,7,181,73.1,57.8
CUST_5706,Startup,AMER,Free,1967.06,0,5,238,40.1,30.8
CUST_5547,Startup,APAC,Silver,3014.72,0,5,136,40.9,12.3
CUST_5872,Startup,AMER,Silver,2932.0,0,2,133,20.4,32.4
CUST_5532,Startup,EMEA,Silver,3989.91,0,3,63,35.8,29.9
CUST_5477,Startup,EMEA,Silver,2661.56,0,1,118,25.6,4.9
CUST_5404,SMB,AMER,Gold,7240.35,0,9,579,54.9,50.0
CUST_5172,SMB,AMER,Silver,8584.65,0,3,135,62.4,18.8
CUST_5125,SMB,AMER,Gold,7989.75,0,4,422,64.8,46.6
CUST_5394,SMB,AMER,Gold,7385.62,0,4,143,65.5,59.1
CUST_5420,SMB,AMER,Gold,10541.05,0,0,195,41.9,30.9
CUST_5552,Startup,AMER,Free,2655.72,0,2,110,51.9,12.1
CUST_5903,Startup,AMER,Free,2749.12,1,4,271,28.5,33.6
CUST_5090,SMB,AMER,Silver,5837.16,0,6,115,70.8,42.0
CUST_5939,Startup,AMER,Free,2729.55,1,2,215,34.2,-13.5
CUST_5181,SMB,APAC,Gold,5794.31,0,9,433,58.8,52.3
CUST_5274,SMB,EMEA,Gold,8579.4,0,3,531,64.1,26.7
CUST_5895,Startup,AMER,Free,1614.95,0,3,138,27.5,4.1
CUST_5069,SMB,AMER,Silver,11908.21,0,6,105,78.5,31.8
CUST_5291,SMB,EMEA,Silver,5261.44,0,6,403,78.5,52.9
CUST_5131,SMB,AMER,Silver,6554.75,0,5,555,46.5,34.5
CUST_5300,SMB,AMER,Silver,5361.77,1,7,355,66.3,49.7
CUST_5424,SMB,EMEA,Silver,5402.91,0,4,465,65.6,25.3
CUST_5326,SMB,EMEA,Gold,8880.48,0,6,171,77.7,52.3
CUST_5144,SMB,AMER,Gold,6993.88,0,5,234,46.2,42.5
CUST_5423,SMB,APAC,Gold,8460.94,0,4,247,70.2,34.8
CUST_5580,Startup,AMER,Free,2377.41,0,6,75,33.2,0.3
CUST_5135,SMB,EMEA,Silver,7262.42,1,0,564,47.0,54.6
CUST_5450,Startup,AMER,Free,3331.44,0,4,196,27.9,10.7
CUST_5164,SMB,AMER,Silver,5632.03,0,5,256,51.3,43.5
CUST_5028,Enterprise,AMER,Gold,155544.87,0,0,979,83.1,91.6
CUST_5773,Startup,AMER,Free,2191.86,0,3,49,53.4,-14.2
CUST_5193,SMB,AMER,Gold,9431.71,0,4,135,67.5,57.8
CUST_5388,SMB,AMER,Silver,10254.3,0,2,252,64.1,28.5
CUST_5852,Startup,APAC,Free,1629.72,0,3,266,28.2,19.6
CUST_5169,SMB,EMEA,Gold,9136.25,0,4,317,43.2,48.3
CUST_5705,Startup,AMER,Free,3969.88,0,1,173,19.2,15.5
CUST_5140,SMB,EMEA,Gold,11737.13,0,5,509,66.2,28.1
CUST_5173,SMB,APAC,Silver,6585.47,0,10,233,69.6,13.2
CUST_5006,Enterprise,EMEA,Platinum,123485.02,0,1,1026,89.2,90.5
CUST_5745,Startup,EMEA,Free,3698.72,0,2,102,42.5,11.9
CUST_5478,Startup,APAC,Silver,3907.91,0,2,282,43.5,7.6
CUST_5073,SMB,AMER,Silver,10708.23,1,3,170,63.5,51.8
CUST_5910,Startup,APAC,Free,2770.88,0,5,294,37.4,21.4
CUST_5813,Startup,AMER,Silver,3762.53,1,1,118,49.0,11.2
CUST_5238,SMB,APAC,Gold,9518.31,0,2,445,79.9,47.1
CUST_5145,SMB,AMER,Gold,5258.21,0,3,175,74.2,58.4
CUST_5792,Startup,APAC,Free,2517.67,0,5,138,35.9,34.9
CUST_5234,SMB,AMER,Gold,6366.7,0,5,419,51.6,46.9
CUST_5220,SMB,AMER,Silver,9603.29,0,4,516,58.0,12.7
CUST_5923,Startup,APAC,Free,3399.57,0,1,108,43.3,18.0
CUST_5500,Startup,EMEA,Silver,3094.49,0,3,38,22.1,22.0
CUST_5132,SMB,APAC,Gold,5839.06,1,7,578,79.4,48.1
CUST_5990,Startup,AMER,Silver,3398.25,0,4,138,52.1,27.8
CUST_5774,Startup,APAC,Free,3391.89,0,4,160,40.1,37.1
CUST_5185,SMB,APAC,Silver,9619.89,0,5,442,59.8,31.2
CUST_5041,Enterprise,EMEA,Platinum,149710.61,0,1,1189,85.2,96.1
CUST_5696,Startup,APAC,Silver,1865.89,1,3,171,33.9,16.2
CUST_5108,SMB,EMEA,Gold,6601.59,0,3,150,63.0,15.5
CUST_5588,Startup,APAC,Free,1384.14,0,3,230,24.6,20.0
CUST_5056,SMB,APAC,Silver,5619.45,0,4,120,70.5,17.1
CUST_5405,SMB,EMEA,Silver,11268.66,0,6,487,45.8,27.3
CUST_5442,SMB,AMER,Silver,7619.9,0,4,134,52.7,56.6
CUST_5757,Startup,AMER,Free,2600.38,0,4,299,25.8,2.4
CUST_5997,Startup,AMER,Free,1410.46,1,2,278,44.1,27.4
CUST_5024,Enterprise,EMEA,Platinum,147364.2,0,0,1026,76.4,74.4
CUST_5467,Startup,APAC,Silver,3605.8,0,1,95,43.8,16.4
CUST_5539,Startup,APAC,Free,1387.48,0,4,30,18.2,-13.2
CUST_5531,Startup,AMER,Free,3999.15,0,4,134,50.6,26.6
CUST_5618,Startup,AMER,Silver,3418.6,0,2,185,31.4,1.1
CUST_5694,Startup,APAC,Free,1344.51,0,5,230,45.8,-11.4
CUST_5926,Startup,AMER,Silver,1806.03,0,1,136,46.3,-16.2
CUST_5338,SMB,AMER,Gold,8319.22,1,2,183,72.9,43.2
CUST_5051,SMB,APAC,Silver,10425.93,0,6,248,45.9,16.7
CUST_5507,Startup,APAC,Free,3467.61,0,3,43,33.5,19.4
CUST_5516,Startup,AMER,Silver,2129.39,0,4,225,44.1,-12.8
CUST_5920,Startup,AMER,Silver,3605.4,0,2,252,31.1,15.8
CUST_5781,Startup,AMER,Free,2628.17,0,5,38,54.6,21.4
CUST_5264,SMB,APAC,Gold,11141.61,1,5,447,75.1,16.8
CUST_5817,Startup,AMER,Silver,2197.01,0,7,286,36.3,18.0
CUST_5710,Startup,AMER,Silver,3280.68,0,2,273,28.0,23.6
CUST_5682,Startup,AMER,Free,1512.66,0,2,135,34.1,1.8
CUST_5832,Startup,EMEA,Silver,1422.57,0,3,181,41.1,39.8
CUST_5518,Startup,AMER,Silver,3961.83,0,7,233,21.5,-2.7
CUST_5447,SMB,EMEA,Gold,10273.65,0,3,235,56.6,11.3
CUST_5018,Enterprise,EMEA,Platinum,145916.7,0,2,1090,99.2,60.2
CUST_5715,Startup,AMER,Free,3788.59,0,0,45,29.1,-16.2
CUST_5483,Startup,EMEA,Silver,2882.67,1,0,230,46.8,24.9
CUST_5568,Startup,APAC,Free,3712.48,0,1,271,30.7,0.5
CUST_5433,SMB,AMER,Silver,5707.86,0,5,138,72.3,32.0
CUST_5367,SMB,AMER,Silver,11337.45,0,6,542,64.3,36.9
CUST_5083,SMB,APAC,Silver,5444.91,0,4,539,42.9,39.3
CUST_5061,SMB,AMER,Silver,6899.44,0,3,164,75.2,46.1
CUST_5638,Startup,EMEA,Free,1807.73,0,3,49,31.4,7.3
CUST_5272,SMB,AMER,Silver,11069.51,0,6,391,50.9,53.4
CUST_5285,SMB,APAC,Silver,5251.6,0,7,141,50.1,15.8
CUST_5360,SMB,EMEA,Silver,7717.19,0,1,218,68.8,25.6
CUST_5354,SMB,AMER,Gold,5493.98,0,0,413,49.0,23.4
CUST_5456,Startup,EMEA,Free,1034.06,0,5,268,26.7,-11.1
CUST_5278,SMB,AMER,Silver,9913.77,0,6,357,56.2,53.5
CUST_5012,Enterprise,APAC,Platinum,169946.56,0,3,976,97.2,64.4
CUST_5182,SMB,EMEA,Silver,11472.86,0,4,476,60.2,27.8
CUST_5368,SMB,AMER,Gold,6370.54,0,5,292,57.8,25.5
CUST_5881,Startup,EMEA,Silver,3015.68,0,6,39,30.4,-12.5
CUST_5615,Startup,AMER,Free,3762.62,0,2,223,51.2,-2.5
CUST_5223,SMB,APAC,Gold,7574.01,0,4,266,70.9,39.4
CUST_5572,Startup,EMEA,Free,2189.63,0,4,135,52.4,1.4
CUST_5970,Startup,EMEA,Silver,2991.01,1,3,269,42.8,13.3
CUST_5653,Startup,APAC,Free,3236.32,0,1,32,49.9,13.6
CUST_5545,Startup,APAC,Silver,2074.49,0,0,52,46.5,-18.4
CUST_5582,Startup,APAC,Free,2477.85,0,2,176,27.7,13.1
CUST_5633,Startup,AMER,Silver,2596.34,0,3,67,20.4,6.4
CUST_5176,SMB,APAC,Gold,9836.56,0,0,209,40.7,23.8
CUST_5665,Startup,APAC,Free,1458.58,0,2,165,30.4,-16.3
CUST_5673,Startup,AMER,Free,2573.53,0,4,242,34.3,15.9
CUST_5585,Startup,APAC,Silver,1720.44,0,1,146,24.9,-6.9
CUST_5873,Startup,AMER,Free,2226.2,0,1,233,27.8,-12.8
CUST_5393,SMB,AMER,Silver,10434.89,0,6,275,41.6,29.7
CUST_5163,SMB,APAC,Gold,8750.42,0,6,528,64.8,38.1
CUST_5248,SMB,EMEA,Gold,11745.34,0,1,382,51.7,14.8
CUST_5634,Startup,AMER,Silver,1321.52,0,7,74,37.8,39.7
CUST_5885,Startup,EMEA,Free,1535.63,0,2,66,32.1,28.0
CUST_5669,Startup,APAC,Silver,1855.29,0,3,76,48.0,3.7
CUST_5375,SMB,APAC,Gold,7232.83,0,6,369,55.0,13.3
CUST_5412,SMB,AMER,Silver,11654.25,0,3,515,73.5,58.9
CUST_5074,SMB,AMER,Silver,9948.0,0,6,494,75.8,51.5
CUST_5113,SMB,EMEA,Gold,10656.84,0,6,242,79.7,29.9
CUST_5598,Startup,AMER,Free,1576.87,0,3,208,40.2,-5.8
CUST_5961,Startup,APAC,Free,2809.46,0,3,227,24.0,-9.1
CUST_5390,SMB,EMEA,Gold,11933.54,0,2,118,75.5,31.2
CUST_5104,SMB,AMER,Gold,11352.97,0,2,415,69.7,43.6
CUST_5114,SMB,AMER,Silver,9433.83,0,7,314,71.3,24.2
CUST_5417,SMB,AMER,Silver,7300.65,0,2,145,62.3,54.4
CUST_5525,Startup,AMER,Free,2406.08,0,4,135,16.9,25.6
CUST_5457,Startup,EMEA,Free,2405.98,0,2,36,25.7,3.9
CUST_5409,SMB,AMER,Silver,5639.01,0,6,439,41.6,22.0
CUST_5092,SMB,AMER,Gold,10325.5,0,2,594,40.2,57.3
CUST_5930,Startup,EMEA,Free,1418.07,0,2,239,22.9,18.1
CUST_5089,SMB,EMEA,Gold,8305.5,0,3,150,57.7,59.3
CUST_5336,SMB,EMEA,Gold,10988.22,0,5,416,49.3,24.4
CUST_5988,Startup,EMEA,Free,1739.21,0,0,52,47.4,-5.5
CUST_5921,Startup,AMER,Silver,2462.29,1,4,147,16.4,-18.1
CUST_5933,Startup,EMEA,Free,2577.07,0,3,102,43.3,-1.4
CUST_5605,Startup,EMEA,Silver,2382.34,0,5,183,22.4,3.1
CUST_5593,Startup,AMER,Free,2037.0,0,3,97,29.5,-2.3
CUST_5611,Startup,AMER,Free,3398.23,0,6,52,16.4,-19.5
CUST_5094,SMB,EMEA,Gold,10396.77,0,5,556,78.9,29.1
CUST_5011,Enterprise,EMEA,Platinum,178194.59,0,1,863,82.1,73.0
CUST_5396,SMB,APAC,Silver,11008.89,0,5,131,77.1,35.6
CUST_5533,Startup,AMER,Free,2666.3,0,3,139,37.6,1.7
CUST_5043,Enterprise,AMER,Platinum,174559.22,0,0,1122,93.6,72.8
CUST_5042,Enterprise,APAC,Gold,122063.31,0,0,928,83.2,61.4
CUST_5329,SMB,AMER,Gold,6734.12,0,5,177,62.9,58.0
CUST_5167,SMB,EMEA,Silver,6305.63,0,5,359,53.9,33.5
CUST_5497,Startup,AMER,Silver,1233.2,0,3,134,40.6,34.0
CUST_5876,Startup,APAC,Silver,3147.92,0,4,60,44.9,28.9
CUST_5597,Startup,APAC,Free,1516.96,1,3,174,17.8,7.6
CUST_5756,Startup,APAC,Silver,2860.22,0,2,131,15.7,21.2
CUST_5100,SMB,EMEA,Gold,5220.0,1,5,283,64.3,27.1
CUST_5426,SMB,AMER,Gold,8090.71,1,5,544,59.3,39.4
CUST_5178,SMB,EMEA,Gold,11557.11,0,4,502,52.1,28.3
CUST_5444,SMB,APAC,Silver,10689.6,0,4,482,41.3,10.7
CUST_5416,SMB,AMER,Silver,7052.48,1,5,474,45.1,35.2
CUST_5870,Startup,APAC,Free,2119.93,0,4,270,24.2,-13.9
CUST_5882,Startup,APAC,Free,1059.13,0,3,282,53.2,-8.7
CUST_5680,Startup,EMEA,Free,3451.22,0,3,285,46.3,0.3
CUST_5177,SMB,EMEA,Silver,7707.15,1,4,429,67.6,50.4
CUST_5395,SMB,APAC,Gold,11515.3,0,2,384,42.0,48.0
CUST_5911,Startup,EMEA,Free,1804.19,0,3,298,34.0,20.8
CUST_5793,Startup,AMER,Free,2834.36,0,1,236,31.1,-14.6
CUST_5960,Startup,EMEA,Free,1248.4,0,4,118,15.1,-10.0
CUST_5684,Startup,AMER,Silver,3788.13,0,3,117,27.4,32.3
CUST_5383,SMB,EMEA,Silver,11142.3,0,4,327,73.6,34.4
CUST_5956,Startup,EMEA,Silver,2556.75,0,3,152,20.4,36.1
CUST_5751,Startup,AMER,Silver,3819.5,0,4,205,15.8,3.6
CUST_5257,SMB,EMEA,Silver,9872.21,0,4,214,40.3,17.8
CUST_5538,Startup,AMER,Silver,2351.63,0,3,94,15.6,24.2
CUST_5335,SMB,APAC,Silver,5285.1,0,4,243,61.7,27.8
CUST_5015,Enterprise,AMER,Platinum,131004.27,0,1,723,92.4,96.4
CUST_5324,SMB,EMEA,Silver,11684.06,0,3,488,58.4,50.8
CUST_5758,Startup,APAC,Silver,3681.68,0,3,239,47.2,-4.3
CUST_5222,SMB,AMER,Gold,5655.72,0,6,385,78.2,23.0
CUST_5179,SMB,APAC,Silver,5962.65,0,2,309,65.0,25.9
CUST_5983,Startup,AMER,Silver,1225.41,0,1,228,45.8,4.3
CUST_5022,Enterprise,APAC,Platinum,137528.68,0,2,792,92.4,78.1
CUST_5356,SMB,APAC,Silver,5185.58,0,3,485,59.5,43.0
CUST_5666,Startup,APAC,Silver,1737.87,0,4,33,52.8,5.7
CUST_5861,Startup,AMER,Free,2359.87,0,3,157,44.6,24.9
CUST_5340,SMB,EMEA,Gold,8441.31,0,10,222,65.2,58.3
CUST_5431,SMB,EMEA,Silver,10330.57,0,7,379,62.8,35.0
CUST_5551,Startup,APAC,Silver,3556.54,0,5,152,26.9,-17.8
CUST_5833,Startup,APAC,Free,1529.16,0,1,140,46.0,-2.4
CUST_5203,SMB,APAC,Gold,11289.88,0,3,473,62.2,49.2
CUST_5630,Startup,EMEA,Free,3140.05,0,4,161,25.0,9.8
CUST_5093,SMB,AMER,Silver,8928.94,0,4,192,66.7,56.5
CUST_5558,Startup,APAC,Free,3265.41,0,3,59,52.3,1.1
CUST_5068,SMB,AMER,Gold,5521.85,0,2,598,53.6,32.4
CUST_5622,Startup,AMER,Free,2111.42,0,6,211,42.2,-15.0
CUST_5284,SMB,APAC,Silver,9047.96,0,2,381,67.3,49.3
CUST_5844,Startup,APAC,Silver,1445.99,0,0,132,15.4,29.5
CUST_5434,SMB,EMEA,Gold,5588.75,0,5,218,47.6,33.9
CUST_5153,SMB,EMEA,Silver,8426.17,0,2,253,50.5,33.4
CUST_5075,SMB,APAC,Gold,10103.05,0,3,517,66.1,57.8
CUST_5730,Startup,EMEA,Free,1492.8,0,3,93,18.2,-9.8
CUST_5446,SMB,EMEA,Gold,11902.01,0,8,239,73.4,42.7
CUST_5188,SMB,APAC,Silver,8707.55,0,3,175,43.6,36.2
CUST_5271,SMB,APAC,Silver,10670.79,0,7,405,46.8,57.1
CUST_5236,SMB,EMEA,Silver,6965.41,0,7,469,78.4,52.2
CUST_5487,Startup,EMEA,Silver,1842.89,0,5,71,15.6,-7.1
CUST_5117,SMB,AMER,Gold,6305.99,0,5,204,78.4,40.4
CUST_5943,Startup,APAC,Silver,3489.23,0,2,80,18.7,9.8
CUST_5512,Startup,AMER,Free,3798.19,0,3,65,28.7,38.6
CUST_5825,Startup,APAC,Free,3759.57,0,1,43,25.9,11.0
CUST_5591,Startup,APAC,Silver,2922.62,0,6,71,34.2,-17.8
CUST_5126,SMB,EMEA,Gold,10726.1,1,4,446,67.0,53.6
CUST_5116,SMB,EMEA,Silver,10625.7,1,4,282,47.8,26.8
CUST_5473,Startup,APAC,Free,3673.43,0,4,161,20.1,-19.6
CUST_5693,Startup,APAC,Free,1727.23,0,2,87,39.4,29.8
CUST_5057,SMB,AMER,Silver,6371.88,0,5,475,79.7,40.4
CUST_5863,Startup,EMEA,Free,2322.29,0,2,94,32.9,24.0
CUST_5912,Startup,APAC,Free,2872.45,0,1,215,46.6,-4.9
CUST_5369,SMB,EMEA,Silver,5485.53,0,7,113,77.8,17.3
CUST_5268,SMB,AMER,Gold,7516.44,0,2,316,77.3,14.3
CUST_5046,Enterprise,AMER,Platinum,138702.66,0,4,1052,86.2,79.2
CUST_5349,SMB,AMER,Gold,9381.02,1,3,237,78.1,32.2
CUST_5195,SMB,AMER,Gold,7444.47,0,7,180,52.0,25.9
CUST_5999,Startup,APAC,Free,2338.02,0,3,139,47.2,12.0
CUST_5834,Startup,APAC,Free,2495.1,0,7,212,29.3,1.5
CUST_5736,Startup,AMER,Free,2177.34,0,5,252,55.0,-7.1
CUST_5263,SMB,APAC,Silver,8628.31,0,3,265,50.0,11.8
CUST_5443,SMB,APAC,Gold,7594.5,0,5,541,66.8,58.1
CUST_5675,Startup,EMEA,Free,3947.14,0,4,234,54.3,-16.9
CUST_5304,SMB,EMEA,Silver,10082.64,0,2,360,68.9,44.9
CUST_5341,SMB,APAC,Silver,8314.3,0,3,484,54.0,44.2
CUST_5966,Startup,APAC,Free,3157.14,0,4,175,28.4,-1.4
CUST_5149,SMB,AMER,Silver,6950.53,0,3,592,60.8,33.8
CUST_5124,SMB,AMER,Silver,6595.55,0,2,538,44.9,12.3
CUST_5786,Startup,APAC,Free,2750.18,0,3,129,18.7,-10.3
CUST_5050,SMB,AMER,Silver,11787.09,0,5,420,44.9,34.7
CUST_5353,SMB,EMEA,Gold,6140.54,0,10,177,56.5,60.0
CUST_5927,Startup,AMER,Free,2624.9,0,1,273,29.6,30.0
CUST_5142,SMB,APAC,Gold,8480.74,0,8,499,47.8,41.3
CUST_5470,Startup,AMER,Silver,1036.46,0,3,217,20.7,27.4
CUST_5399,SMB,APAC,Gold,10281.8,0,2,516,67.1,52.2
CUST_5625,Startup,APAC,Free,2106.74,0,5,125,49.7,10.7
CUST_5320,SMB,APAC,Gold,8844.59,0,3,146,70.9,16.4
CUST_5019,Enterprise,APAC,Platinum,137473.75,0,1,826,94.5,73.1
CUST_5809,Startup,EMEA,Silver,1339.71,0,1,40,39.4,-3.1
CUST_5790,Startup,EMEA,Free,1460.05,0,4,170,48.7,7.5
CUST_5808,Startup,APAC,Free,2352.52,0,3,297,17.4,-17.5
CUST_5407,SMB,AMER,Gold,5075.86,0,4,520,44.5,31.5
CUST_5537,Startup,AMER,Silver,1742.04,0,1,211,37.4,5.1
CUST_5620,Startup,EMEA,Free,1553.56,0,0,198,44.2,13.6
CUST_5038,Enterprise,EMEA,Platinum,161053.98,0,2,840,94.6,68.4
CUST_5175,SMB,EMEA,Gold,6220.57,0,3,361,45.1,27.9
CUST_5245,SMB,AMER,Gold,11498.23,0,5,275,73.4,25.4
CUST_5828,Startup,AMER,Free,3212.5,0,3,236,32.6,35.7
CUST_5667,Startup,EMEA,Free,1482.04,0,2,184,34.3,4.0
CUST_5754,Startup,EMEA,Free,1417.82,0,2,179,29.1,21.6
CUST_5858,Startup,AMER,Silver,2694.52,0,4,295,53.1,22.3
CUST_5154,SMB,EMEA,Silver,11899.55,0,9,95,46.5,24.7
CUST_5287,SMB,EMEA,Gold,8798.51,0,5,378,62.5,58.4
CUST_5602,Startup,AMER,Free,1531.03,0,2,104,37.3,22.2
CUST_5569,Startup,AMER,Free,2044.77,0,2,159,25.5,37.9
CUST_5743,Startup,APAC,Silver,2508.16,1,3,62,20.1,26.5
CUST_5017,Enterprise,APAC,Platinum,151485.39,0,2,724,93.8,62.0
CUST_5127,SMB,EMEA,Gold,11025.11,0,3,429,71.1,14.9
CUST_5322,SMB,APAC,Gold,9621.38,0,5,587,69.9,39.7
CUST_5255,SMB,EMEA,Gold,8897.61,0,5,177,45.6,36.1
CUST_5657,Startup,AMER,Free,2089.25,0,2,38,30.5,-9.8
CUST_5964,Startup,APAC,Silver,1866.08,0,2,56,35.9,39.5
CUST_5190,SMB,APAC,Silver,5651.72,1,7,291,54.2,59.9
CUST_5115,SMB,APAC,Silver,11100.22,0,9,216,76.9,18.5
CUST_5616,Startup,APAC,Silver,1183.23,0,5,173,48.5,27.9
CUST_5606,Startup,APAC,Silver,1619.0,1,3,85,32.5,12.1
CUST_5180,SMB,AMER,Silver,7387.46,0,5,97,46.0,52.5
CUST_5301,SMB,AMER,Gold,8719.48,0,4,277,78.4,43.1
CUST_5759,Startup,EMEA,Free,3365.79,0,5,96,39.6,25.6
CUST_5712,Startup,AMER,Free,2414.73,0,2,154,16.5,-7.6
CUST_5723,Startup,APAC,Free,3223.36,0,5,121,51.2,-4.0
CUST_5685,Startup,AMER,Free,2670.29,0,4,240,26.7,21.2
CUST_5979,Startup,EMEA,Free,2790.53,0,2,206,15.1,32.6
CUST_5517,Startup,APAC,Free,3431.66,0,3,237,38.2,5.6
CUST_5984,Startup,AMER,Free,3184.57,0,3,240,32.4,-10.3
CUST_5045,Enterprise,AMER,Gold,159751.34,0,2,779,76.2,84.2
CUST_5909,Startup,APAC,Free,2139.08,0,1,264,37.7,12.1
CUST_5157,SMB,APAC,Silver,10331.34,0,5,294,67.3,18.0
CUST_5851,Startup,APAC,Free,3249.88,0,6,181,17.8,-13.6
CUST_5171,SMB,APAC,Gold,5116.11,0,11,238,63.6,47.3
CUST_5016,Enterprise,EMEA,Platinum,138254.53,0,3,1010,79.1,64.1
CUST_5511,Startup,APAC,Silver,2254.73,0,1,183,30.4,10.6
CUST_5048,Enterprise,EMEA,Platinum,152802.62,0,2,989,97.4,62.5
CUST_5971,Startup,AMER,Silver,3810.49,0,2,225,19.8,30.6
CUST_5940,Startup,AMER,Free,1822.17,1,6,282,34.7,36.0
CUST_5515,Startup,EMEA,Free,1079.1,1,3,57,35.7,6.9
CUST_5952,Startup,EMEA,Free,1526.11,0,3,111,41.4,17.3
CUST_5480,Startup,EMEA,Silver,2888.2,0,2,205,16.3,17.7
CUST_5283,SMB,AMER,Silver,5657.87,1,9,228,49.0,44.5
CUST_5718,Startup,AMER,Silver,1372.89,0,5,92,16.9,25.3
CUST_5877,Startup,APAC,Silver,2976.77,0,3,164,19.5,11.2
CUST_5225,SMB,EMEA,Silver,6707.93,0,6,146,70.4,59.2
CUST_5026,Enterprise,EMEA,Platinum,131980.43,0,1,1154,88.4,61.6
CUST_5954,Startup,EMEA,Silver,2256.31,0,5,73,54.3,12.8
CUST_5437,SMB,AMER,Silver,10753.02,0,7,142,46.3,57.7
CUST_5951,Startup,EMEA,Silver,2995.11,0,5,267,24.6,26.2
CUST_5364,SMB,APAC,Gold,11590.25,0,6,369,55.3,16.9
CUST_5229,SMB,AMER,Silver,9417.97,0,5,292,75.7,54.8
CUST_5037,Enterprise,EMEA,Platinum,125860.33,0,4,1140,98.1,73.1
CUST_5965,Startup,APAC,Free,2067.02,0,2,118,23.2,-6.4
CUST_5374,SMB,AMER,Gold,5498.32,0,9,297,72.4,56.4
CUST_5469,Startup,APAC,Silver,3889.67,0,2,49,44.5,-18.5
CUST_5967,Startup,EMEA,Free,1891.37,0,4,211,28.2,39.1
CUST_5850,Startup,APAC,Free,1201.23,0,5,223,43.6,10.9
CUST_5704,Startup,EMEA,Silver,1190.12,0,2,141,40.3,-19.6
CUST_5841,Startup,AMER,Free,2990.61,0,3,92,30.9,24.5
CUST_5194,SMB,AMER,Silver,7373.21,1,3,202,74.6,54.4
CUST_5854,Startup,EMEA,Silver,1615.42,0,1,40,37.2,23.1
CUST_5864,Startup,APAC,Free,2202.29,0,0,46,36.2,17.5
CUST_5503,Startup,APAC,Free,3441.39,0,1,217,52.1,29.9
CUST_5969,Startup,APAC,Free,2428.15,1,7,218,20.4,8.2
CUST_5830,Startup,AMER,Free,1673.81,0,2,299,43.2,-13.3
CUST_5579,Startup,AMER,Free,1774.73,0,1,37,47.0,9.6
CUST_5968,Startup,APAC,Free,2699.21,0,1,286,15.8,29.9
CUST_5162,SMB,AMER,Gold,9434.71,0,3,243,63.2,51.5
CUST_5908,Startup,EMEA,Free,1778.27,0,1,263,35.8,-5.0
CUST_5152,SMB,AMER,Gold,6014.26,0,3,349,51.9,36.9
CUST_5801,Startup,EMEA,Silver,1457.62,0,4,177,38.6,12.0
CUST_5993,Startup,AMER,Silver,2770.69,0,4,198,29.7,15.8
CUST_5755,Startup,APAC,Free,3382.08,0,2,160,31.4,18.7
CUST_5111,SMB,EMEA,Gold,6128.55,0,7,544,42.2,16.3
CUST_5226,SMB,APAC,Silver,11811.07,0,3,432,46.7,25.5
CUST_5688,Startup,APAC,Silver,3308.48,0,5,57,47.2,5.7
CUST_5103,SMB,APAC,Silver,8559.99,0,2,275,72.5,20.5
CUST_5421,SMB,APAC,Gold,10527.33,0,5,219,54.2,37.3
CUST_5419,SMB,APAC,Gold,10266.62,0,9,211,79.0,28.9
CUST_5750,Startup,AMER,Free,1350.69,0,6,275,25.4,16.5
CUST_5586,Startup,EMEA,Silver,1227.59,0,2,207,35.3,11.3
CUST_5780,Startup,APAC,Free,3081.85,1,2,280,28.8,-5.0
CUST_5672,Startup,AMER,Free,1240.7,0,3,269,43.3,-2.1
CUST_5119,SMB,AMER,Silver,8775.4,0,5,107,60.4,18.2
CUST_5053,SMB,AMER,Gold,11263.79,0,4,217,42.9,42.5
CUST_5151,SMB,APAC,Gold,6676.93,0,2,478,56.9,40.4
CUST_5403,SMB,EMEA,Gold,10785.2,0,3,276,67.2,51.7
CUST_5945,Startup,EMEA,Silver,1032.99,0,0,248,47.2,12.1
CUST_5207,SMB,APAC,Gold,9644.51,0,3,328,75.5,53.6
CUST_5658,Startup,EMEA,Silver,2937.75,0,4,219,31.6,29.0
CUST_5843,Startup,EMEA,Free,3883.21,0,0,254,21.1,-9.3
CUST_5762,Startup,AMER,Free,1745.47,0,3,140,27.4,16.7
CUST_5008,Enterprise,APAC,Platinum,156066.9,0,4,1010,89.0,60.2
CUST_5807,Startup,APAC,Free,3776.71,0,4,54,47.9,-12.5
CUST_5036,Enterprise,AMER,Platinum,138276.83,0,1,919,99.6,65.2
CUST_5452,Startup,EMEA,Silver,2272.67,0,3,163,54.5,-17.9
CUST_5651,Startup,EMEA,Free,2611.32,0,0,165,28.2,-14.1
CUST_5253,SMB,EMEA,Gold,7218.45,0,5,111,68.0,46.1
CUST_5303,SMB,EMEA,Silver,9462.01,0,5,319,71.6,34.4
CUST_5746,Startup,APAC,Silver,2151.67,1,5,162,39.2,-8.8
CUST_5571,Startup,APAC,Free,3350.96,0,3,61,39.1,17.7
CUST_5623,Startup,AMER,Silver,2453.57,0,1,141,48.7,-12.4
CUST_5732,Startup,AMER,Silver,2995.59,0,0,278,46.4,26.4
CUST_5891,Startup,APAC,Free,3567.09,0,6,85,15.7,-5.7
CUST_5262,SMB,AMER,Gold,5980.59,0,4,305,68.7,25.8
CUST_5610,Startup,AMER,Silver,1117.94,0,6,198,47.5,19.3
CUST_5297,SMB,APAC,Gold,6510.75,1,7,400,71.4,27.8
CUST_5414,SMB,AMER,Silver,9422.86,0,2,115,76.9,37.8
CUST_5150,SMB,AMER,Silver,11357.86,0,4,431,51.9,44.5
CUST_5788,Startup,AMER,Silver,2386.02,1,2,220,17.3,25.6
CUST_5640,Startup,EMEA,Silver,1060.21,0,1,299,15.6,30.1
CUST_5889,Startup,EMEA,Free,1729.52,0,3,242,20.0,22.3
CUST_5550,Startup,APAC,Free,2560.49,0,4,128,49.3,9.4
CUST_5886,Startup,AMER,Silver,2958.24,1,2,148,22.9,6.0
CUST_5488,Startup,APAC,Free,3851.23,0,4,114,18.7,18.3
CUST_5147,SMB,AMER,Silver,8518.75,0,4,242,44.2,32.4
CUST_5146,SMB,APAC,Gold,9266.95,0,6,598,60.6,53.1
CUST_5720,Startup,APAC,Silver,3815.02,0,5,275,40.9,-13.1
CUST_5931,Startup,EMEA,Free,3504.79,0,2,121,50.8,29.1
CUST_5739,Startup,AMER,Silver,2130.83,0,3,117,38.5,-8.5
CUST_5659,Startup,AMER,Free,2712.33,0,4,194,44.9,36.0
CUST_5348,SMB,EMEA,Gold,7622.29,0,7,302,43.8,57.6
CUST_5463,Startup,AMER,Silver,2750.11,0,7,247,35.0,21.2
CUST_5325,SMB,EMEA,Silver,10165.28,0,3,491,49.5,50.1
CUST_5186,SMB,APAC,Gold,10720.56,0,8,155,53.3,13.3
CUST_5123,SMB,APAC,Silver,5770.36,0,2,570,45.1,54.0
CUST_5853,Startup,APAC,Free,3694.16,0,4,117,26.3,30.2
CUST_5608,Startup,APAC,Free,2510.25,0,2,188,31.2,15.0
CUST_5143,SMB,APAC,Gold,7106.15,0,3,398,69.3,45.2
CUST_5958,Startup,EMEA,Silver,1498.85,0,3,140,49.7,-17.1
CUST_5197,SMB,AMER,Silver,11279.77,0,5,378,44.6,47.3
CUST_5609,Startup,APAC,Silver,3071.18,0,5,55,20.0,-16.3
CUST_5279,SMB,APAC,Gold,10570.55,0,3,259,60.3,37.7
CUST_5293,SMB,APAC,Gold,7521.33,0,6,241,59.5,17.4
CUST_5400,SMB,EMEA,Gold,5721.87,0,5,476,43.7,39.1
CUST_5122,SMB,EMEA,Silver,7226.02,0,9,228,57.0,10.6
CUST_5183,SMB,APAC,Gold,11141.38,0,3,562,63.4,51.6
CUST_5202,SMB,AMER,Gold,6131.4,1,9,466,45.9,31.0
CUST_5438,SMB,APAC,Silver,9943.7,0,5,556,74.0,34.3
CUST_5246,SMB,APAC,Gold,7997.29,0,8,338,73.3,40.6
CUST_5415,SMB,AMER,Silver,8139.12,0,4,460,44.2,57.4
CUST_5932,Startup,EMEA,Silver,3953.21,0,4,154,19.2,18.5
CUST_5765,Startup,EMEA,Silver,2709.67,0,1,142,48.6,30.1
CUST_5906,Startup,APAC,Free,3452.33,0,5,59,48.6,21.4
CUST_5835,Startup,APAC,Free,2256.78,0,2,101,22.3,36.5
CUST_5887,Startup,AMER,Free,1714.55,0,3,96,40.1,9.6
CUST_5129,SMB,EMEA,Gold,8575.23,0,6,141,65.8,58.1
CUST_5637,Startup,APAC,Free,1727.41,0,1,198,50.3,-13.7
CUST_5402,SMB,EMEA,Gold,8536.77,1,5,227,53.9,41.8
CUST_5784,Startup,APAC,Silver,1544.79,0,4,238,17.5,11.9
CUST_5770,Startup,AMER,Free,1331.9,0,4,140,51.5,20.8
CUST_5735,Startup,AMER,Silver,3631.6,0,4,186,50.2,13.7
CUST_5913,Startup,EMEA,Silver,2228.23,0,1,160,20.3,15.2
CUST_5219,SMB,EMEA,Silver,10944.56,0,4,566,71.0,47.4
CUST_5641,Startup,AMER,Free,1966.24,0,3,60,38.0,27.0
CUST_5915,Startup,AMER,Silver,2308.38,0,4,192,39.6,8.5
CUST_5752,Startup,AMER,Free,2883.12,1,3,145,16.4,-4.1
CUST_5806,Startup,EMEA,Silver,3803.1,0,2,92,46.1,2.1
CUST_5919,Startup,APAC,Silver,1420.34,0,4,254,31.6,12.0
CUST_5624,Startup,AMER,Silver,2854.76,0,2,259,24.1,-8.9
CUST_5874,Startup,EMEA,Free,1076.16,0,1,82,51.5,7.1
CUST_5760,Startup,AMER,Free,1455.02,0,2,39,45.2,26.4
CUST_5386,SMB,APAC,Gold,6974.24,0,6,164,75.2,34.4
CUST_5972,Startup,APAC,Free,3197.72,0,6,194,24.2,8.9
CUST_5509,Startup,APAC,Silver,3177.16,0,8,274,22.2,-10.8
CUST_5267,SMB,EMEA,Gold,9917.39,0,3,335,75.4,56.7
CUST_5819,Startup,AMER,Free,2005.59,0,4,134,33.3,-11.7
CUST_5441,SMB,EMEA,Gold,11906.48,1,7,257,52.0,54.9
CUST_5496,Startup,APAC,Free,2750.97,0,3,265,20.7,-4.5
CUST_5112,SMB,APAC,Gold,11507.88,0,8,546,43.2,38.3
CUST_5691,Startup,AMER,Silver,2276.31,0,1,295,32.3,28.3
CUST_5232,SMB,EMEA,Gold,9038.33,0,4,315,59.9,55.9
CUST_5869,Startup,APAC,Free,3838.35,0,6,260,29.9,-17.9
CUST_5607,Startup,APAC,Silver,2092.81,0,6,48,30.7,30.5
CUST_5671,Startup,AMER,Free,3690.3,0,0,77,18.0,30.9
CUST_5373,SMB,APAC,Gold,9781.05,0,4,550,75.5,10.4
CUST_5981,Startup,AMER,Free,3312.74,0,3,290,19.4,32.5
CUST_5842,Startup,AMER,Silver,1534.11,0,5,253,52.5,24.2
CUST_5233,SMB,APAC,Gold,8447.62,1,7,291,43.8,55.6
CUST_5785,Startup,AMER,Free,3725.35,0,4,67,47.8,4.1
CUST_5676,Startup,APAC,Silver,1336.12,0,2,102,31.0,36.5
CUST_5317,SMB,APAC,Silver,6213.06,0,6,227,73.2,46.7
CUST_5648,Startup,AMER,Free,3367.51,0,1,48,39.0,18.2
CUST_5410,SMB,AMER,Gold,7235.2,0,6,505,61.1,54.7
CUST_5898,Startup,APAC,Silver,1039.01,0,3,251,46.8,-5.0
CUST_5709,Startup,EMEA,Silver,3044.51,0,2,293,44.1,5.3
CUST_5358,SMB,AMER,Gold,11581.61,0,2,493,69.4,20.8
CUST_5258,SMB,AMER,Silver,8990.43,1,2,168,43.8,29.6
CUST_5744,Startup,AMER,Silver,1696.64,0,5,75,16.0,28.2
CUST_5627,Startup,APAC,Free,3242.41,0,3,185,51.5,19.2
CUST_5632,Startup,AMER,Free,2535.03,0,2,299,35.5,35.2
CUST_5282,SMB,EMEA,Gold,7629.08,0,3,544,71.7,43.3
CUST_5376,SMB,APAC,Silver,10914.13,0,8,294,49.3,28.3
CUST_5384,SMB,AMER,Gold,10145.5,0,2,410,73.9,41.5
CUST_5224,SMB,AMER,Gold,6856.42,0,8,430,73.7,23.1
CUST_5953,Startup,AMER,Free,3743.24,0,3,97,51.4,16.1
CUST_5814,Startup,APAC,Silver,3609.69,0,6,145,46.1,3.5
CUST_5472,Startup,AMER,Free,1129.48,0,1,231,38.3,-2.4
CUST_5347,SMB,EMEA,Gold,5317.13,0,2,475,69.3,20.1
CUST_5505,Startup,EMEA,Free,1487.85,0,3,198,31.9,19.9
CUST_5639,Startup,APAC,Free,2131.85,0,4,268,26.6,-5.7
CUST_5987,Startup,EMEA,Free,2304.48,0,2,260,50.0,2.5
CUST_5928,Startup,EMEA,Free,2900.43,0,3,102,24.7,27.1
CUST_5905,Startup,AMER,Free,3678.02,0,2,101,25.5,15.1
CUST_5619,Startup,AMER,Free,3244.78,0,0,106,24.5,-2.1
CUST_5855,Startup,AMER,Free,1572.06,0,3,216,44.2,11.4
CUST_5803,Startup,APAC,Silver,2820.15,0,4,219,44.8,32.4
CUST_5645,Startup,APAC,Silver,3671.58,0,2,157,32.2,-8.0
CUST_5846,Startup,AMER,Silver,1256.05,0,4,221,47.8,35.8
CUST_5556,Startup,APAC,Silver,1402.05,0,1,226,45.0,-3.3
CUST_5957,Startup,EMEA,Silver,1140.9,0,4,225,17.3,-19.5
CUST_5577,Startup,APAC,Free,3779.76,0,2,44,22.5,-10.5
CUST_5795,Startup,EMEA,Silver,3616.37,0,1,225,47.1,17.0
CUST_5085,SMB,EMEA,Gold,7276.28,0,9,599,68.6,59.7
CUST_5242,SMB,EMEA,Gold,11404.05,0,5,464,76.1,41.9
CUST_5698,Startup,APAC,Free,1463.09,0,4,172,19.3,-13.4
CUST_5159,SMB,APAC,Silver,10097.51,1,6,574,60.1,26.2
CUST_5524,Startup,APAC,Silver,3514.99,0,4,39,32.8,17.0
CUST_5035,Enterprise,EMEA,Gold,168503.84,0,2,927,99.6,67.2
CUST_5540,Startup,AMER,Free,3862.15,0,5,162,38.1,28.4
CUST_5170,SMB,AMER,Silver,9742.95,0,3,426,47.3,58.5
CUST_5654,Startup,EMEA,Silver,2294.98,0,1,265,15.6,-10.8
CUST_5890,Startup,APAC,Free,3166.8,0,3,130,46.5,28.2
CUST_5857,Startup,APAC,Silver,2416.2,0,2,44,52.2,36.0
CUST_5847,Startup,AMER,Silver,3990.62,0,3,189,23.4,1.9
CUST_5944,Startup,AMER,Free,1619.26,0,2,178,15.8,-3.4
CUST_5733,Startup,EMEA,Free,2569.2,0,2,275,48.1,32.5
CUST_5095,SMB,AMER,Silver,8456.57,0,6,415,64.3,13.9
CUST_5563,Startup,APAC,Free,1043.63,0,4,83,26.7,7.1
CUST_5240,SMB,EMEA,Gold,11583.21,0,2,549,64.4,47.9
CUST_5742,Startup,APAC,Free,3242.83,0,2,49,50.9,37.2
CUST_5574,Startup,AMER,Free,3587.09,0,2,30,20.9,-18.6
CUST_5690,Startup,APAC,Free,1971.04,0,3,95,44.3,-18.3
CUST_5460,Startup,APAC,Silver,1352.58,0,1,194,38.2,39.2
CUST_5553,Startup,EMEA,Silver,2682.81,0,2,39,24.2,22.3
CUST_5888,Startup,EMEA,Free,1298.32,0,3,271,42.4,-4.1
CUST_5206,SMB,EMEA,Silver,5710.3,0,6,412,42.2,10.1
CUST_5392,SMB,AMER,Silver,7604.13,0,3,426,58.9,55.1
CUST_5794,Startup,EMEA,Free,1054.33,1,4,139,27.0,26.2
CUST_5397,SMB,AMER,Silver,8002.96,0,4,501,78.5,42.2
CUST_5766,Startup,AMER,Free,3287.38,0,0,162,26.9,21.3
CUST_5848,Startup,AMER,Free,2506.59,0,4,236,24.6,31.5
CUST_5217,SMB,APAC,Gold,10225.44,0,6,245,41.4,43.5
CUST_5004,Enterprise,AMER,Platinum,129361.12,0,0,936,96.5,83.3
CUST_5768,Startup,APAC,Free,2026.25,0,4,112,20.5,7.5
CUST_5642,Startup,AMER,Free,1634.34,0,3,133,31.1,29.5
CUST_5929,Startup,APAC,Silver,1773.66,1,4,55,41.9,-8.9
CUST_5612,Startup,AMER,Free,2883.7,0,3,76,36.1,26.8
CUST_5738,Startup,AMER,Free,2317.4,0,4,81,45.5,27.1
CUST_5546,Startup,AMER,Free,1340.67,0,4,138,48.6,-4.3
CUST_5725,Startup,APAC,Silver,3525.49,1,0,123,54.7,29.5
CUST_5683,Startup,APAC,Silver,3005.93,0,1,68,16.8,11.9
CUST_5098,SMB,APAC,Gold,5177.93,0,3,452,74.7,15.3
CUST_5804,Startup,AMER,Free,2272.39,0,3,123,23.5,10.5
CUST_5727,Startup,EMEA,Free,3385.8,0,5,228,41.5,13.4
CUST_5573,Startup,AMER,Silver,2866.26,0,2,233,23.1,-0.6
CUST_5406,SMB,APAC,Gold,7724.41,0,3,293,56.2,23.0
CUST_5502,Startup,APAC,Silver,1928.58,1,3,254,37.7,36.6
CUST_5047,Enterprise,EMEA,Platinum,151204.08,0,3,1095,86.1,92.6
CUST_5032,Enterprise,EMEA,Gold,123903.1,0,3,734,90.7,69.9
CUST_5779,Startup,AMER,Free,2923.44,0,3,52,27.1,-17.5
CUST_5839,Startup,AMER,Silver,2896.79,0,0,97,19.9,36.7
CUST_5200,SMB,AMER,Gold,9494.22,0,9,166,47.5,41.5
CUST_5134,SMB,EMEA,Silver,11600.37,0,3,376,67.2,27.4
CUST_5027,Enterprise,AMER,Platinum,150854.07,0,2,1077,79.2,75.6
CUST_5880,Startup,EMEA,Silver,1693.22,0,2,295,45.5,-10.5
CUST_5230,SMB,APAC,Gold,10563.68,0,3,274,58.3,41.8
CUST_5489,Startup,APAC,Silver,3670.79,0,4,217,28.1,10.4
CUST_5772,Startup,AMER,Free,1382.47,0,5,187,37.4,17.5
CUST_5378,SMB,AMER,Silver,10701.28,0,1,527,52.2,10.1
CUST_5288,SMB,APAC,Gold,7005.79,1,1,230,47.4,56.1
CUST_5418,SMB,AMER,Gold,9707.63,0,4,342,75.8,27.9
CUST_5674,Startup,AMER,Silver,2231.19,0,6,168,50.9,10.2
CUST_5391,SMB,EMEA,Silver,7888.32,1,6,254,73.6,38.6
CUST_5592,Startup,APAC,Silver,1545.64,0,3,276,33.4,17.2
CUST_5498,Startup,AMER,Free,3923.18,0,3,191,17.2,29.4
CUST_5138,SMB,APAC,Silver,7545.41,0,3,455,49.4,60.0
CUST_5062,SMB,AMER,Silver,10801.16,0,5,123,61.1,50.5
CUST_5471,Startup,APAC,Silver,3909.64,0,3,111,50.3,-19.3
CUST_5647,Startup,APAC,Free,3037.31,0,2,282,26.9,21.5
CUST_5128,SMB,EMEA,Gold,5048.66,0,3,538,62.3,31.8
CUST_5976,Startup,AMER,Free,2785.23,0,3,85,42.6,-10.8
CUST_5520,Startup,EMEA,Silver,2782.39,1,3,259,20.3,-3.1
CUST_5838,Startup,EMEA,Silver,2741.77,0,1,52,49.4,14.9
CUST_5962,Startup,AMER,Silver,1736.05,0,1,229,28.6,20.3
CUST_5064,SMB,AMER,Silver,6966.54,0,3,285,74.3,16.4
CUST_5812,Startup,AMER,Silver,1373.99,0,2,219,50.0,-18.7
CUST_5014,Enterprise,APAC,Platinum,130909.5,0,0,815,78.6,70.1
CUST_5156,SMB,AMER,Gold,9704.95,0,2,238,50.0,35.0
CUST_5040,Enterprise,EMEA,Platinum,127322.29,0,2,782,95.4,79.0
CUST_5492,Startup,APAC,Free,1832.14,0,2,70,38.3,24.6
CUST_5379,SMB,EMEA,Gold,6972.98,0,10,115,47.0,34.9
CUST_5187,SMB,EMEA,Gold,8886.41,1,5,168,42.8,10.1
CUST_5763,Startup,AMER,Free,3231.84,0,3,248,34.3,2.4
CUST_5216,SMB,APAC,Gold,7277.8,1,3,101,40.2,46.4
CUST_5791,Startup,EMEA,Silver,2758.69,0,1,197,31.0,19.6
CUST_5052,SMB,APAC,Gold,11576.49,0,6,566,41.2,54.3
CUST_5878,Startup,EMEA,Free,1081.29,0,4,87,24.9,26.3
CUST_5337,SMB,AMER,Silver,9925.61,0,5,511,62.9,22.8
CUST_5748,Startup,APAC,Silver,3719.42,0,0,90,24.4,13.0
CUST_5719,Startup,APAC,Silver,3192.6,0,3,78,37.5,37.9
CUST_5724,Startup,EMEA,Free,2723.42,0,2,235,53.8,-7.1
CUST_5295,SMB,AMER,Silver,8655.7,0,5,217,62.0,34.2
CUST_5701,Startup,EMEA,Silver,1155.47,0,1,187,16.5,19.2
CUST_5251,SMB,APAC,Silver,7695.68,0,3,479,40.8,12.6
CUST_5726,Startup,AMER,Free,1419.32,0,6,254,46.6,39.2
CUST_5461,Startup,AMER,Silver,2947.63,0,3,154,37.2,32.9
CUST_5455,Startup,EMEA,Free,2477.88,0,4,155,35.9,15.6
CUST_5996,Startup,APAC,Free,3751.94,0,9,76,54.1,-5.2
CUST_5815,Startup,APAC,Free,2556.51,0,2,206,25.8,14.6
CUST_5862,Startup,AMER,Silver,2573.17,0,3,57,50.7,6.5
CUST_5269,SMB,APAC,Gold,7055.14,0,3,195,74.3,50.0
CUST_5201,SMB,EMEA,Silver,5588.98,1,5,500,66.1,55.4
CUST_5161,SMB,AMER,Gold,9426.14,0,7,178,73.7,13.3
CUST_5555,Startup,APAC,Free,2210.45,0,4,234,40.2,-13.3
CUST_5729,Startup,AMER,Silver,1490.97,0,6,75,21.9,3.9
CUST_5401,SMB,AMER,Silver,11317.87,0,5,589,69.2,59.3
CUST_5702,Startup,AMER,Free,2009.81,0,0,170,27.6,10.1
CUST_5476,Startup,APAC,Free,1221.39,0,3,106,50.9,34.8
CUST_5821,Startup,APAC,Silver,1013.9,0,4,38,50.5,5.5
CUST_5771,Startup,EMEA,Silver,3539.36,0,1,105,39.3,13.5
CUST_5105,SMB,AMER,Silver,6745.05,0,4,202,66.5,45.2
CUST_5565,Startup,AMER,Silver,2769.75,0,3,244,49.1,-13.0
CUST_5389,SMB,EMEA,Silver,10647.84,0,1,388,51.8,26.5
CUST_5001,Enterprise,EMEA,Gold,177042.86,0,2,876,88.5,70.0
CUST_5937,Startup,APAC,Free,3742.9,0,2,227,42.1,-5.6
CUST_5982,Startup,EMEA,Free,1319.79,0,6,252,31.2,10.7
CUST_5561,Startup,EMEA,Silver,1638.89,0,1,159,40.5,-10.2
CUST_5080,SMB,APAC,Gold,11041.72,0,1,481,51.7,35.7
CUST_5205,SMB,AMER,Silver,5064.38,0,8,241,69.4,44.9
CUST_5034,Enterprise,AMER,Platinum,177937.92,0,2,1151,81.4,64.1
CUST_5775,Startup,AMER,Free,1449.75,0,4,151,25.4,27.4
CUST_5508,Startup,EMEA,Free,3849.4,0,0,193,47.3,5.5
CUST_5427,SMB,EMEA,Silver,11213.93,0,5,397,67.4,30.4
CUST_5454,Startup,APAC,Free,1333.59,1,5,77,52.4,10.0
CUST_5366,SMB,EMEA,Gold,11728.33,0,2,381,73.0,49.9
CUST_5091,SMB,EMEA,Gold,9992.71,0,7,160,50.6,53.0
CUST_5339,SMB,AMER,Gold,5684.84,1,3,387,41.1,31.0
CUST_5897,Startup,AMER,Free,3689.01,0,3,247,38.8,13.0
CUST_5564,Startup,AMER,Free,2051.76,0,6,294,31.0,-19.0
CUST_5345,SMB,EMEA,Gold,9310.95,0,4,346,73.3,34.4
CUST_5776,Startup,EMEA,Free,1687.75,0,4,70,26.7,2.4
CUST_5241,SMB,EMEA,Gold,11677.5,0,2,132,41.6,36.6
CUST_5013,Enterprise,AMER,Gold,132740.35,0,1,992,84.2,77.7
CUST_5315,SMB,AMER,Gold,9871.82,0,8,205,47.8,24.3
CUST_5600,Startup,AMER,Free,1506.81,0,3,182,36.6,-1.9
CUST_5387,SMB,APAC,Gold,6242.08,0,1,524,72.2,17.7
CUST_5273,SMB,EMEA,Gold,11392.68,1,7,125,48.5,24.4
CUST_5166,SMB,AMER,Gold,7245.46,0,0,250,41.0,24.6
CUST_5840,Startup,APAC,Silver,1039.28,0,2,122,32.3,28.7
CUST_5992,Startup,AMER,Free,1816.44,0,2,67,44.3,17.9
CUST_5646,Startup,APAC,Free,2780.78,0,3,239,54.4,7.1
CUST_5818,Startup,EMEA,Free,1164.28,0,5,238,17.1,39.1
CUST_5484,Startup,AMER,Free,2752.94,0,2,57,28.6,34.4
CUST_5980,Startup,APAC,Free,2002.73,0,4,198,52.2,-12.4
CUST_5504,Startup,APAC,Silver,3054.19,0,3,99,17.2,17.4
CUST_5831,Startup,EMEA,Free,2357.32,0,4,250,51.5,30.4
CUST_5243,SMB,APAC,Silver,7591.11,0,4,112,62.3,57.7
CUST_5566,Startup,APAC,Free,2176.73,0,2,72,35.0,-8.9
CUST_5875,Startup,APAC,Free,1468.46,0,1,83,31.4,34.7
CUST_5562,Startup,APAC,Silver,1409.11,0,3,161,26.5,6.2
CUST_5686,Startup,AMER,Free,2714.84,0,0,106,47.4,-13.3
CUST_5189,SMB,AMER,Silver,6692.97,0,4,213,57.4,27.2
CUST_5782,Startup,AMER,Silver,1755.4,0,4,42,19.1,31.1
CUST_5699,Startup,EMEA,Free,2443.42,0,2,62,32.4,31.7
CUST_5475,Startup,EMEA,Silver,3978.89,0,3,161,48.8,-16.2
CUST_5681,Startup,EMEA,Free,1773.71,0,1,131,45.4,-18.8
CUST_5510,Startup,AMER,Free,2840.25,0,1,37,53.4,28.4
CUST_5058,SMB,AMER,Silver,5316.59,0,9,448,66.4,19.0
CUST_5474,Startup,AMER,Silver,2583.1,0,1,66,33.5,2.6
CUST_5560,Startup,APAC,Free,3112.24,0,2,77,26.5,-0.8
CUST_5856,Startup,EMEA,Free,1109.65,0,3,243,36.3,-17.3
CUST_5747,Startup,APAC,Free,2630.66,0,1,84,52.4,5.5
CUST_5252,SMB,EMEA,Gold,10957.96,1,4,523,63.3,55.4
CUST_5021,Enterprise,AMER,Platinum,128369.63,0,4,908,90.0,89.2
CUST_5313,SMB,APAC,Silver,11738.54,0,3,360,59.7,17.6
CUST_5459,Startup,AMER,Silver,1356.45,0,2,240,21.9,39.9
CUST_5160,SMB,AMER,Silver,7574.48,0,4,592,71.1,39.4
CUST_5276,SMB,APAC,Gold,10588.07,0,7,511,74.7,17.0
CUST_5955,Startup,AMER,Silver,2149.42,0,4,90,22.9,15.4
CUST_5191,SMB,APAC,Gold,11280.51,0,2,555,60.6,48.6
CUST_5385,SMB,APAC,Silver,10624.37,0,4,586,70.9,14.0
CUST_5805,Startup,APAC,Free,3209.33,0,3,258,15.4,28.5
CUST_5413,SMB,APAC,Silver,9014.07,1,6,505,75.3,50.5
CUST_5491,Startup,EMEA,Silver,2860.4,0,6,134,26.2,30.0
CUST_5343,SMB,AMER,Silver,8036.96,0,5,379,55.7,24.6
CUST_5769,Startup,EMEA,Silver,3463.77,0,3,86,42.5,18.5
CUST_5308,SMB,AMER,Gold,10566.3,0,3,287,50.9,58.4
CUST_5661,Startup,AMER,Free,3959.55,0,3,82,35.5,34.8
CUST_5130,SMB,APAC,Gold,7921.88,0,5,284,40.5,51.7
CUST_5663,Startup,AMER,Free,1711.68,0,7,139,34.8,1.4
CUST_5871,Startup,EMEA,Free,1812.23,0,4,99,37.4,16.1
CUST_5099,SMB,AMER,Silver,5755.24,0,3,448,49.3,19.2
CUST_5372,SMB,AMER,Gold,5661.1,0,2,400,79.9,42.8
CUST_5087,SMB,EMEA,Silver,9462.9,0,3,561,56.1,49.7
CUST_5458,Startup,APAC,Free,1168.91,0,3,66,52.2,34.3
CUST_5330,SMB,EMEA,Gold,7491.81,0,5,91,60.0,27.9
CUST_5214,SMB,EMEA,Silver,9985.25,0,7,280,60.8,19.6
CUST_5466,Startup,APAC,Free,1857.14,0,4,190,39.8,-1.4
CUST_5121,SMB,EMEA,Gold,11272.64,0,4,181,54.0,11.3
CUST_5614,Startup,APAC,Silver,3620.74,0,3,246,23.3,-1.5
CUST_5020,Enterprise,AMER,Platinum,156711.17,0,0,933,75.6,86.4
CUST_5700,Startup,APAC,Free,2597.77,0,2,181,53.9,30.4
CUST_5071,SMB,EMEA,Silver,6391.01,0,8,166,42.6,14.7
CUST_5106,SMB,APAC,Gold,7872.68,0,8,402,49.5,37.9
CUST_5270,SMB,AMER,Silver,10665.53,0,5,282,67.7,54.9
CUST_5860,Startup,APAC,Free,3326.58,0,5,81,46.1,27.7
CUST_5435,SMB,AMER,Gold,9906.78,1,1,162,44.4,54.8
CUST_5102,SMB,EMEA,Silver,7200.49,0,3,413,48.3,45.6
